index,text,emotions
378374,id feel disappointed and cheated to have given so much just to end up on the desert hotel stage entertaining a gaggle of senior gamblers,sadness
407406,i feel so unprotected so hurt,sadness
361363,i feel depressed today,sadness
385943,i permanently veer between finding frugality very seductive and just really enjoying the feeling of buying a fantastic new outfit,joy
363903,i bring up the issue in conversation i feel insulted because i have always been driven and decently gifted intellectually i was valedictorian and yet i feel like the only person who believes i could do this and i definitely have my own doubts is myself,anger
371803,i feel proud about breastfeeding for this length of time but also in the gentle way i a href http older mum,joy
400417,i have been trying to work on this making it a point to apologize to myself and say thats okay at times when i am feeling overwhelmed,fear
371094,i feel a lot more contented with my lot in life now i listen to my body more and always have a better frame of mind,joy
408444,i also feel a much intelligent blogger as perhaps many other kiwi s who bookmark rss feeds,joy
359355,i do often feel a barely repressed irritability an annoying emotional phlegm which i often cannot properly cough up,sadness
372250,i was really feeling discouraged and questioning a lot,sadness
380386,i was feeling generous i would allow her perhaps two minutes to finish her conversation usually picking up the handset in my room at least once at which point she would screech into the receiver get off the phone,love
375842,i feel wonderful var disqus config function var config this access to the config object config,joy
350850,i was feeling pretty defeated,sadness
364944,i take i feel pretty miserable,sadness
394194,im feeling pretty fabulous,joy
404955,i wanted to feel the goosebumps again to be amazed at how god is working in gk,surprise
397571,i feel strongly about it and don t want to get distracted from the main point of this post,anger
402156,i can feel my body getting tighter and supporting my back more,love
400407,i probably just feel greedy,anger
382355,i feel the need to celebrate because really we have so much to be thankful for not the least of which is royce adelyn our third little love and my sweet joy baby,joy
387789,i particularly feel sympathetic towards the child molester or the ice truck killer,love
408857,i still feel thrilled scared stumped and excited at the same time,joy
402512,i had a conversation with a student they were already feeling intimidated and words that i viewed as honest and helpful were taken as critical and harsh,fear
354736,i feel like im just an extremely boring friend and they are only my friend because they want something,sadness
401869,i knew it would hurt them both even more and she was feeling frightened at what her father might do or even athrun,fear
377823,i felt insulted because the person dont know how i feel i was devastated the person assumes that everything must go in his way,sadness
407239,i no longer feel the need to interact with the unfortunate or anything like that,sadness
395719,i feeling melancholy because i am listening to simon amp garfunkel or am i listening to s amp g because i m feeling melancholy,sadness
358148,i feel like im getting a cold so im definitely glad that ive got some time to rest and recover,anger
350963,i feel like anytime i ask my husband to do something he gets all irritable frustrated,anger
404435,i shouldn t feel burdened by the prospect of joining my life with someone elses especially when that someone is someone whom i love truly and deeply,sadness
401623,i know we re supposed to feel for eun soo but i can t find her sympathetic here,love
372942,i know wedding thursday just doesn t have the same ring but i m feeling a little rebellious these days,anger
401553,i tried on outfit after outfit and just didnt feel satisfied because everything seemed to accentuate my stubborn lhf low hanging fat,joy
402203,im feeling pretty determined right now i just have to keep my determination flowing from now on,joy
397264,im feeling lost worried tired,sadness
361620,i feel that my art still shows traces of this in its strong use of composition shape and colour whether subtle or vibrant,joy
397535,i feel burdened by the weight of having to plan a person party he can t stop telling everyone we meet how great our wedding is going to be,sadness
370819,im feeling now unspeakably remorseful i dont want to know if i was really the trigger of this whole occurence,sadness
356248,i feel like ive fucked something up and im not sure why,anger
376335,i feel rejected the dumb people were rejecting scout,sadness
358874,i feel like their perfect for each other they balance each other out and there just so good together,joy
407826,i feel too many men and women so called allow others family so called friends fake friends judases really co workers neighbors church folk occult people evil full of hell no life no relationship ones to come between them,sadness
395691,i feel it would be foolish not to take advantage of the area while its open,sadness
405725,i wont watch saving private ryan because i feel its too violent,anger
383307,i feel that this relationship builds the foundation for any successful healthcare model,joy
411052,i have yet however to feel any divine intervention,joy
397267,i do the occasional birthday card of course thats only when i m feeling overly artistic,joy
382149,i feel a bit free to just write whatever the hell comes out of my brain,joy
382878,i promise i feel fine,joy
366381,im feeling so emotional and i just wanna write about what i feel for james cause when im feeling down hes always here for me always even without knowing that i exist he gives me strenght to keep fighting to keep dreaming,sadness
400812,im feeling a bit romantic today it seems,love
374780,i didn t feel super tired as i cross the finish line which somehow got the attention of race officials,joy
399046,im not just bombarded with projects im also bombarded with things i have to ignore and i feel guilty doing so because people need help and i want to help but i just physically cant,sadness
379635,i feel overwhelmed with my workload i just remember that i have wanted to do this forever and i finally have my chance,fear
392169,i felt light headed and a little sick and its not a feeling that i am very keen on,joy
386716,i feel lucky that we didn t get o s diagnosis of p until she was over two years old,joy
368088,i kind of feel a little sorry for him having inherited the most powerful leadership position in the world at a time when america were engaged in a war which always divides a nation and costs billions,sadness
360114,i do not feel fearful,fear
408126,i think im just feeling a bit overwhelmed,fear
413051,i feel sceptical about studying and the system as a whole,fear
385818,ive been dealing with a lot these past couple monthes has been the fact that i feel alone,sadness
407396,id go into my frustrations with one member of the group but it feels petty to bitch about a girl whos mentally disabled,anger
363392,i feel awkward when i have nothing to say around my mom,sadness
380866,ive spent years feeling resentful and trying to curb that feeling of resentment,anger
358405,i have read quite a few blogs by some of the women in this community who talk about how the spankings help make them feel more submissive,sadness
355397,i tell you that i feel like you fake loved me i know that isnt true,sadness
358410,i really feel sort of embarrassed by all of this,sadness
391228,i woke feeling troubled,sadness
412780,i feel its rude not to give my phone conversation of my attention,anger
408557,i feel for her in this situation i really do i hate guiltships so she agrees to marry william but not without inflicting her godawful indecisive mouthbreathing fish face on the audience for several scenes,fear
359083,i was feeling soooo stressed and overwhelmed by everything,sadness
406423,i started feeling overwhelmed again,fear
378596,i mean my life completely sux and i feel tortured why does he love watching me have,fear
355670,i feel so bad seeing her try so bad,sadness
368552,i don t have anything to show for it i feel useless like i ve just wasted time all day,sadness
379646,im not really sure how she feels about what and i know that its dangerous to voice your opinions about these things becuase if they conflict with kelseys especially kelseys then itll be like i stabbed her in the back,anger
400832,i dont know this woman at all but i feel a tender spot in my heart for her,love
399173,i feel not abused,sadness
375587,i feel sorry for you and yes your mother should die cos she cancelled plans maybe cos her work is probably much less important than your frivolous plans,sadness
360219,i also feel thrilled,joy
353453,i can still visit them once in a while when i am ready and feeling sentimental,sadness
382776,i feel frantic and everything feels more stressful,fear
355173,i feel the love fundraising drive donations accepted via paypal,love
388153,i feel passionate about clay itself,love
394702,ive watched the movie a couple of times now to try and figure it out and all i can say is theres something about it that leaves me feeling not quite satisfied,joy
350482,i feel heartbroken today that i cant give pavel what he wants what he thinks he needs,sadness
406021,i watched the simpsons alone and my dad joined me for american idol which im not sure why i watch because im not feeling entertained and i most definitely got a headache last night within the first hour of watching,joy
366462,i make the move i am feeling very excited to be out on my own like this,joy
366956,i didnt feel numb anymore,sadness
385977,i somehow have the feeling that if i buy some fake products especially with highly visible sign i am a bit embarrassed even to wear these let alone having these kind of items at all,sadness
407048,i feel beaten and it is only the truth that hurts,sadness
375803,i feel free where the uk version includes spoonful instead,joy
389641,im feeling that it is vital for me to finish the fats ultra this weekend,joy
388647,i feel particularly eager and daring i imagine going further going to portland,joy
378598,i feel like i am super blessed of all this great news and the only thing i can say is thank you to him who made it happen,joy
362965,im walking around but i am sitting still or lying down i am feeling such strong kicks,joy
366937,i just get to use these moments to feel her arms wrap around my neck and hug me to see her with her determined look and accomplish something,joy
368454,i feel that the loving kindness exercise and the subtle mind exercise have also played a key a role in my psychological wellness,love
383721,im feeling about it at the moment im far from being convinced that its even worth saving aside from the effect it would have on our daughter,joy
350937,i wanted to say thank you to scarlett and winter a for always commenting and making me feel special d lt yall,joy
353875,i m feeling i would like for you to do this strategy involves being smart which stands for being specific measurable actionable responsive and timely in your request,joy
364738,i feel the important thing as in so many aspects of life is perseverance keep on praying even when its hard when its dry when there is no answer,joy
397482,i do that with god because i think that he isn t concerned with my oh so human feelings and petty frustrations,anger
362410,i meet a new person and i fail to reach out to them and to try to relate i feel ive missed out on the chance to talk to my lord and my god yet again,sadness
352680,i think as we do more preparing for the holidays it will start feeling like christmas its just so strange not being at home and not having any snow,surprise
372846,i feel flawless when youre around,joy
411162,i am feeling a little anxious to settle down,fear
381805,i started taking a pain killer yesterday and while it helps with the pain im having it leaves me feeling groggy dizzy and just overall not like myself,sadness
367110,i shared about how i used to run very often times weekly about minutes per session but due to my busy work schedule these days i personally consider myself very lucky and feeling joyful if i manage to find the time and energy to do just runs a week,joy
408108,i started to feel something lovely,love
396252,i laid in bed feeling anxious and having that general malaise feeling,fear
415752,i feel sad when it isnt reciprocated by some long distance family and in fact deliberately forgotten,sadness
398642,ill tell you the more i think the more i feel that there is nothing more truly artistic than to love people vincent van gogh,joy
380692,i feel relaxed concerning xbox one fifa coins i feel relaxed concerning xbox one fifa coins warning missing argument for wpdbprepare called in home content html classifieds wp content themes classipress includes theme functions,joy
398706,i don t normally drink almost a full bottle of beer so i feel quite lovely and giddy as a teenager,love
385113,i was starting to feel a little stressed and frazzled and all it took was burning some of our neroli essential oil to sort of refocus and relax me and make me feel confident in all of the endeavors ive got my hands in,sadness
391022,i hate feeling rushed and anxious about missing my flight so for me it s always best to just arrive earlier than most,anger
407901,i feel a little dirty saying that,sadness
384603,i feel frightened alone isolated,fear
355147,i feel for the nomenclatura who must make the unpleasant pilgrimage to the daily show in order to hawk their efforts,sadness
365153,i feel mad to myself because i dont trust my own self to do every assignments that given by the lecturers,anger
409203,i think a lot of my work is about feeling joyful,joy
372533,i feel it is ludicrous and even my mother had misunderstood said the year old star,sadness
382107,i purchased the transalp id had a bit of a family drama that had left me feeling generally pissed off and for once my mind was on things other than motorcycles,anger
414246,i can tell a few people how i actually feel about their uptight bitchy snobbing selves,fear
387902,i didnt work out for almost a week last week i had some rescheduled lessons and some extra babysitting and a jam packed weekend and while my muscles hurt last night today i feel fine,joy
371875,i opened the window to feel the cool dawn air and silhouetted in my whitebeam tree was a willow warbler giving a couple of bursts of its delightful song before continuing its passage to its breeding grounds,joy
409052,im that side out at the moment which means not only do i have insomnia but i am also feeling really creative,joy
361394,i didnt get anything bad just a lot of thanks and stuff that made me feel good about doing what i was doing,joy
362404,i feel shitty when i think it s only me who dreams of this marriage,sadness
378999,i feel that the online casual flash game was the first video game genre that was targeted towards older people particularly corporate office workers,joy
401986,i feel its that kind of effect on everyone here and i completely recommend it to anyone who isnt scared of hard work and wants to make a real difference and meet some great friend thatll end up feeling more like your family rhiannon daniels pez maya april june im in egypt now in hurghada,fear
400281,i open my mouth in my own country assumptions abound making me feel unwelcome,sadness
366619,i don t know where that takes me i feel so dissatisfied with anything that i write and i don t have an audience anyway,anger
408369,im so used to being alone and to feel unimportant to everybody,sadness
386167,i feel that he usually runs pretty even races,joy
397644,i guess the shit quik smokes makes him feel so mellow that the mere act of spitting a verse is too energetic to entertain,joy
366296,i was so pleased that for once i didnt feel annoyed that i had to pay cents for my cold water,anger
369525,i can never not feel dirty looking at this one,sadness
404270,i never feel like a burden to her i never worry i bothered her by calling at the wrong time i never have to apologize for needing her help her birthday is the rd of january was she born just to find her way into my life was she gods gift to me to help me face hard issues,anger
406809,i don t have a playlist as such but a song i ve been playing a lot recently is freewheel by duke special a song about the joy of being alive which actually does make me feel joyful and positive,joy
413873,im feeling passionate about something i still pray to whatever it is that is connecting us all,joy
375991,i continue with my explorations and am grateful that i have come to a place in which exploring once again feels safe and good and right,joy
400898,i feel more productive than ever and i feel really healthy both emotionally and physically,joy
350690,i feel like the defective uncouth weirdo in any church setting and have since i was an adolescent,sadness
410009,i could feel every part of my body get numb,sadness
399858,i feel like i knew you as the compassionate hilarious individual you were in your life through your books and emails,love
378548,i don t look as bad as i feel but even if i do i was determined to get back to blogging,joy
393276,i am feeling so reluctant these days,fear
351381,i can only feel that their thought process must have been benevolent,joy
373142,i think most of us have that desire to feel accepted and liked,love
389202,i feel so dumb but i really cant figure it out,sadness
409737,i feel for all the families that have lost things they hold dear,sadness
397734,i would feel victimized and angry when i would get off the phone with them,sadness
356686,i feel very successful with this game,joy
359392,i feel like i m not caught up in drugs and i don t have a troubled childhood,sadness
352288,i have now frankly there are tngs i feel i dont deserve but still in gods grace im amazed how i got to this point in my life,surprise
407519,i don t love it and i don t constantly get lost in what i m doing i m feeling like not only am i distracted but everybody else is distracted,anger
361273,i feel it was very successful with the things i chose to do,joy
377297,i am feeling very mentally and emotionally drained,sadness
398874,i feel like this is truly the time for me to make my artistic sprint in my career,joy
414811,i didnt even bother going out and shopping for something because i knew i wouldnt be able to find anything that i felt better in than what i had you can only feel sooooo cute when you are dressed up and weeks pregnant but hey i made it work,joy
387830,i feel for all that are suffering from dealing with isaac,sadness
405265,reunion with my wife after a legal separation,joy
385927,i wasted two months feeling doomed by nature and nurture until it finally hit me all these fucked up thoughts,sadness
396856,i dont think about it in detail i feel more tranquil now about being childless that i have been since i married,joy
353174,i literally feel like i am being emotionally abused,sadness
367056,i because i was a muhajiba from the west with origins from the east which i repeatedly assured them was not a phenomenon maybe i was feeling the pressure a little more and infact the nabulsi girls didnt have a repressed indoor life,sadness
362332,i know i talked about this issue with sean and how the media is the one to blame for a lot of these feelings then the real question is why do i allow myself to be tortured by these ideals that film tv books songs project,fear
403849,i use this when i get muscle cramps and it just stops them from feeling tender after,love
377055,when i got home from a pleasant trip abroad,joy
403906,i feel foolish for being so indignant about what happened,sadness
378138,i am feeling needy right now,sadness
403247,i always have a bfc sweet snack in the house i can eat one every day and not feel deprived and therefore not want to cheat,sadness
365348,i didnt think i was anywhere near that good but i feel very honoured,joy
375293,i feel invigorated now but i truly hate it when the weather is too consistently dangerous to get outdoor exercise,joy
398305,im currently feeling beaten back for lack of a better term by what i dont know,sadness
355804,i just have to remember the things i love when i feel so unloved,sadness
353708,i just cant help feeling lousy especially seeing how well others have done even not studying that much,sadness
397690,i didn t say you shouldn t feel outraged by it but i was gt gt gt gt gt referring to people who d only feel outraged by this and not by gt let s gt gt gt gt gt say a person being thrown off that cliff or shot in the gt face,anger
367691,i feel shy every time i remember how i did act when i saw you,fear
404146,i did not realize or was prepared for was the people in this clinic to cause for me to feel humiliated and dirty after leaving the clinic,sadness
354610,i feel alarmed,fear
404791,i feel petty for ever letting my darker emotions take hold of me,anger
355437,i just feel devastated that he does nt want to marry me yet,sadness
412852,i can make my patients feel reassured when they are laying under a big camera scanning the nuclear medicine they got into their body,joy
406782,i need to stop feeling unhappy,sadness
367213,i was grateful to feel accepted,joy
384761,i guess is to get people to feel loyal to us and come daily,love
354249,i expect that i wont always feel like chatting every time the block captain tries to strike up conversation i think the benefit of having a friendly and close knit neighborhood outweighs my occasional misanthropy,joy
402014,i finally feel more comfortable with myself and feel that ive really come into my own,joy
358189,i hate feeling selfish,anger
393812,im feeling doubtful of going to the secod one hahaha,fear
415721,i feel that it just adds to the character of this cute little desk,joy
387951,i really didnt feel at all like posting pretty pictures of animals especially cats,joy
355772,i dont know how i feel im extremely unsure,fear
357641,i was feeling shaky and i was desperately trying to hold on to the breathing techniques i learned in class and in yoga but was struggling,fear
415654,i know thats all of next tuesday but it would be nice to have something make this feel more like pregnancy rather than months of the flu and my body aching ballooning,sadness
387369,i dont hate people because i know how it feels to be hated and it doesnt feel very good,sadness
359173,i was feeling beaten down,sadness
367225,when i got lost in new york city a late friday night with a friend of mine,fear
357319,im left back feeling kinda cold woah so screw you bridgewe cant love not like this you broke me down do i even exist,anger
365968,i don t know if i mentioned that they had an obstacle course in rehab and the day i found out i was likely to be around for another week i went to physio and asked to have a go on it because i was feeling all grumpy and needed some fun,anger
401633,i realized that my self consciousness about my vatbodsandugreevase didnt lessen because im feeling super confident now or some shit,joy
412637,i feel like a fish out of water without my beloved camera,joy
415709,i feel threatened by the people who rework pantry staples to be devoid of butter sugar all that is good,fear
365881,i always feel like i will not live up to the title i am given but i am also terrified to let go of it,fear
413258,i feel more comfortable doing the counseling sessions but i really do not like to role play,joy
382567,im feeling maybe a bit more nervous about but only because i am aware of it,fear
369218,i was feeling rather depressed until i started this article,sadness
389608,i really feel that jackie and her boy toys along with the other supporting cast make this story,joy
389524,i d feel slutty so you probably should,love
367004,i have a feeling you will be as charmed by this little piece of history as i have been,joy
374987,i feel so lame and annoying and generally unliked sometimes,sadness
398726,i feel the name of this barley wine pretty much summed it up,joy
379469,im trying to keep this up with my wardrobe and making more selective purposeful purchases and lately i feel pleased with where im at with it,joy
352256,i never too late closer i believe in you enjoy yourself i feel for you all the lovers too far in your eyes shocked what do i have to do,surprise
384196,i said feeling relaxed,joy
378324,i am feeling very curious about my readers,surprise
416464,i just feel like im a second class citizen and that my safety doesnt really matter and that it just makes me feel like im not as valuable as all the other students filing past me she said tuesday,joy
407581,im not feeling the recharge of summer yet and considering it is june thats not cool,joy
408810,i cannot help but feel sorry for our cm,sadness
361813,i woke up feeling groggy and worse,sadness
376445,i lie on the bed reading or gaming or watching tv and i feel absolutely rotten that i can t do more,sadness
353438,i feel neurotic like woody allen,fear
392944,i have so far to go but im feeling pleased with my understanding,joy
368968,i feel sentimental i close my eyes and look up i feel powerful if i do that,sadness
359422,i feel so very thankful for today,joy
363142,i know what it is to feel frustrated discouraged sad at your core,anger
415011,i feel like my adrenals are being assaulted,sadness
400732,i have a feeling that i will never stop caring for you nor do i ever want to,love
356624,i asked him already feeling apprehensive,fear
364872,i keep trying to do and plus its fun to feel intelligent,joy
400690,i feel like my life is very messy but i know that ive been blessed greatly,sadness
377639,im still feeling shocked and yet at the same time happy because i feel as if weve established a more intimate connection between us now that i know how she really thinks and feels,surprise
400452,i expressed his joy saying i feel very honoured to have my comeback single chosen as tgcs official song,joy
379556,i have been trying to train my heart not to feel any more because i get hurt every so often,sadness
368402,ive been loving stepping onto land and feeling almost assaulted by the sounds and smells and sights of a place i never had a notion of,fear
366249,i feel like i have been wronged by people,anger
357593,i only ever do what i feel im fine most of the time,joy
360187,i think she only says it to make me feel special so i ll stop crying over getting teased at school,joy
387061,i ended up just ranting about it a lot feeling resentful for things that happened years ago and basically helping myself build up a huge grudge,anger
408995,i won the grammy that even feels weird saying that my mum said oh lou i found something and you re just going to freak out when you see it,fear
397721,im okay just as i am and my mom will wait on me to feel safe,joy
359662,i just feel mad,anger
390812,i left feeling defeated because in my mind i already had decorated that room with the four poster bed the focal point,sadness
353508,i remember sitting in my family room in dallas watching the story unfold in new york so many years ago and feeling so helpless,fear
408750,i feel assured which if smith or towles or newton can sojourn standing they have receivers eventually who can locate the ball,joy
350801,i feel lame wearing my black rimmed glasses wherever i go,sadness
370994,i ignored her minor tantrum and jumped down from the table beginning to pace again and feeling agitated,anger
385692,i don t feel devastated,sadness
415364,i suddenly realized i didn t have any other girl friends and when i looked up at my house instead of feeling ecstatic about being alone for a couple of days i felt lonely,joy
360281,i feel awkward cause all you ever do is talk about is your new set of friends,sadness
382512,i feel is a now vital franchise in motion picture history,joy
411795,i feel more valuable today doing what i am doing than i ever have before,joy
370526,i feel a little dirty giving shadowstats guy attention,sadness
396757,i don t know what i ll get out of it in the long run but i feel like it s going to be a positive change,joy
412554,i still feel very uncertain about our future if this is ms for sure because i know that it can take a toll on life,fear
352781,i feel cool saying that because i just learned what it means,joy
372614,i am trusting that i am loved worthy for my hand to be held sometimes when i am childlike feel frightened alone need a friend,fear
356330,i always feel super awkward and trip over my words,joy
392290,i started back to my online school on monday and was overwhelmed on sunday at all that i had to do the first week but it is tuesday and i am feeling kind of ok about it,joy
396488,i will not live the rest of my life feeling deprived,sadness
407864,im outta control feeling so mad like im gonna go and cut my hair cut my hair,anger
360277,i just really feel overwhelmed by the love god has poured out on me,fear
354421,i will probably get an epidural unless the pain isn t so bad unlikely or unless i am suddenly feeling strong and empowered by the attempt to push pounds of human out of my body less likely,joy
358474,i feel like i have to stay loyal to nick completely,love
367156,i the teacher that is making my students feel loved and safe and cared for with my whole heart,love
378157,i feel like jerry jones and tom coughlin are just frightened by chip kelly comment,fear
374913,i thought i wanted to feel that carefree again,joy
360242,i just cant seem to find the words to tell you how i feel we have to leave our beloved walkway our sunny lounge,love
401852,i will only discuss the content manner of presentation and my overall thoughts about whether i feel this book is a valuable resource for those with fms add adhd and other reasons you might want to read it,joy
397403,i feel he did that because she could no longer have kids and could spend every waking moment devoted to him,love
398860,i am so ticked and i feel unloved and rejected and like what i want doesnt matter,sadness
402860,i am feeling most splendid for getting this far,joy
411169,i can feel his smile as he says daughter you took a risk trusting me and now you re healed and whole,joy
363014,i cannot help but feel shocked convicted and a bit frazzled at first,surprise
351686,i think everyone feels that way and i think thats whats pretty cool about it and thats what people can relate to,joy
395635,i am not feeling appreciative about your discipline i say,joy
391075,i feel like my casual observances have been repaid with mass produced pandering sloppy boring crap based on an uninspired script directed by an amateur,joy
355315,i am feeling broke and moody,sadness
377967,i feel unhappy sometimes feels self pitying but i was morose on twitter last night and wanted to explain not least to graceess and rachel,sadness
371364,im actually a little sensitive and feel energies where ever i go and sometimes these energies are weird or gross,surprise
380657,i feel strongly about and i am convinced it is an issue that the google people will need to sort out before hardware starts landing,joy
368845,i am so ashamed of myself and i feel horrible,sadness
361151,i am what you might call a champion buzz kill always on the run from any stimulus that god forbid might make me feel too joyful,joy
396167,im not exactly feeling vital right now,joy
367725,i feel drained after some social situations even when i enjoy myself,sadness
366065,i was free and nothin or no one could really piss me and im very sorry that this feeling lasts always on vacation here in shitty daily grind is all so dull and lifeless and when im again back home i want to leave immediately again sure you know,sadness
394308,i feel like i was doing better when i had my medtronic pump,joy
403378,i feel like washing and caring for the lunapads teaches a certain amount of appreciation for our things,love
409790,im feeling my body aching all over tags a rel tag href http crystal glaze,sadness
365292,i feel like her little life is falling into a sweet schedule,joy
386489,i have to feel whiney when i m just today one week out of surgery major abdominal surgery,sadness
394730,im feeling shitty about my dull skin,sadness
410527,im really crazy and weird but maybe the next time shes looking in the mirror and feeling unhappy shell remember what i said,sadness
378838,i wonder when you stop feeling damaged,sadness
379020,i used to feel and sometimes still do that if i write about myself i ll be called selfish,anger
414831,i believe love takes time and two months is a little early to express feelings like that that are sincere,joy
359453,i feel a little greedy thinking more for myself than my compatriots but having placed loyalty above my personal eve benefit several times in the past im taking an opportunity to do something a little different than ive done before and just sit back relax and play eve,anger
389090,i am grateful for every single thing i have maybe then ill start feeling dismayed when i don t have more,sadness
368653,im currently semi seeing this guy whom well simply call dude because im not feeling particularly creative right now,joy
369619,i am feeling gloomy today,sadness
387818,i started feeling hopeful for getting things right this holiday season,joy
398447,i threw my passion for freedom into overdrive and tore at their restraints feeling myself slip free,joy
356949,im feeling thankful,joy
379287,i feel a divine connect with my instrument zakir hussain the times of india,joy
361043,i have noticed some changes in the way i look and feel i am not suffering as much from dunlop s disease where my belly dun lop over my belt,sadness
370058,i couldnt help but feel that precious maternity leave time could have been better spent actually with my newborn baby,joy
368208,i love finding the perfect word to describe a feeling or a sight or an event but the perfect word is eluding me here,joy
414632,i find comforting the idea that someone somewhere is laughing even if i am feeling gloomy or sad,sadness
353243,i feel i have to make up for my disadvantaged positions in society by being obnoxious and pushy,sadness
351296,i am action orientated and generally feel comfortable making things happen alone but this experience has taught me the value in other people s opinions,joy
398888,i could feel all the bitchy cramps starting to appear,anger
372993,i feel fear and i cringe i shy away,fear
399343,i dinged a couple of points for the fabric this is a rayon woven that is a bid rough feeling and the weird very short sleeves bodens sleeves usually run long too,surprise
355800,i are nearing the big ourselves it is pretty much inevitable i will soon be here once again feeling an unpleasant sense of d j vu,sadness
370822,im feeling dirty,sadness
367390,i came to feel intimidated,fear
378508,i started feeling selfish,anger
396437,i feel i have no direction in life i can t find a passion that i can hold on to and when i m passionate about something is really the only time i m any good at it,joy
394795,i do admit i took a walk because i was feeling really distressed,fear
404514,i feel angry because the queen doesnt really seem to care much about her husbands death or should i feel sad due to the kings death,anger
388070,i do when i m feeling a bit weird to reground myself,fear
384749,i feel that team blogs are really popular because it has the perception that it is easy,joy
383919,i can feel the gentle guidance of the lord everyday,love
409264,i can comprehend the feeling i was uncertain of i feel at peace,fear
369913,i started a drawing of supa chibi ketsueki in a chibi tub holding a chibi octopi its sooooo cute xd his expression makes me feel all giggly inside,joy
365005,im just happy to be feeling something because for the last few days ive felt pretty,joy
401217,i feel quite proud of myself for sticking to my resolutions this week,joy
364620,i go back to orit feeling triumphant ish with all my papers the form the picture the receipt from the post office the letter from the hebrew lady,joy
357118,im back to blog feeling exceptionally low today,sadness
405434,i feel that i was successful and i weigh in at ish now and i bike frequently,joy
410336,i dont want to do anything with anybody but i feel like if i get too distracted ill repeat the same mistakes ive done previously with my other semesters,anger
411482,i no longer feel like its valued im out,joy
410881,i can in some cases feel compassion if i know the offender is also emotionally damaged but i cannot bring myself to truly forgive or to accept what happened and just move on from it,sadness
414989,i feel many others suffering from adult acne breakouts can benefit from looking at,sadness
351481,i had to choose to turn my feelings of they don t understand into i should be joyful along with them so they do understand,joy
411089,i talk to who doesnt make me feel insecure,fear
351946,i hate the feeling of the cold lining on my skin and how the wind goes up the sleeves,anger
357628,i don t feel repressed in everyday life,sadness
397924,i must say i am feeling a little smug today,joy
350213,i feel about this band perhaps i m too distracted by the hardcore dancers flailing around,anger
360811,i feel like i m getting peaceful and with no negative sensations to feel or negative ideas to hear inside my mind,joy
380297,i hasan the man who makes me feel shy retiring and modest count horizontal style width px heightpx iframe src http www,fear
382082,i feel assured knowing i have all of this at my fingertips shall i ever need a walk down memory lane,joy
374312,i don t want to ever feel as if i m being complacent in the relationship,joy
389549,i loved feeling our sweet baby girl move every day,love
365507,i always feel too vain and not even in apperance,sadness
350755,i feel disheartened in which i feel disheartened i do a lot of freelance work but by day i work for a newspaper,sadness
382219,i was in my car screaming in pain and like he doesnt even come over to me to see if im ok nothing that made me feel so helpless it was a fucking nightmare,sadness
404036,i feel a bit inadequate when she shows mentions a risk that i missed,sadness
409598,ive always been one of those people who feels nostalgic for the present,love
352542,ive come back to montreal ive been feeling restless,fear
408483,i have any questions or concerns she never makes me feel dumb and if something has been causing me pain,sadness
398029,i hope vawter plans to write more stories as he pulled me into this one and made me feel sympathetic to almost all of the characters,love
355087,i is that if there is a matter he feels strong abo,joy
415508,i feel on edge and yet i feel safe,joy
364234,i am tired and feeling defeated,sadness
397062,i feel now all this discontent,sadness
350702,i think this is the first time one of our trailers has truly captured the feel of the movie so im excited for people to see it continues wilson,joy
370180,i could feel my clit getting harder aching to be touched i had butterflies in my stomach and i wanted him to fuck me,sadness
376295,i feel privileged to have come across so many people who are nothing short of beautiful,joy
358427,im currently on day and im feeling fabulous to say the least i dont want to spoil anything because the results from level of the day shred are due to published on here wednesday evening,joy
373231,i wouldn t feel confident enough to do it but this is shakespeare,joy
367181,i feel like the back yard is soo messy,sadness
356986,i honestly i feel like opening up a shelter for abused accessories that should have owners with better fashion sense,sadness
388798,i want to go anywhere feeling carefree,joy
381777,i always love to hear what you have to say so feel free to add your thoughts,joy
406002,i am never late always early i panic about being late and feel weird being early,fear
369022,i am all about inspiration and love nothing more than to fritter away time looking at beautiful pictures on pinterest blogs and in magazines but if im not careful i can come away feeling more defeated than inspired,sadness
374342,i am now drunk again and feel fab,joy
392243,i feel sort of fucked,anger
392895,i know you may be feeling jealous while looking at my new years pictures and i also know that if my mom read my blog shed say this honey did you ever get that mole checked on your left ear,anger
415577,i was just starting to feel a little grumpy and then i started to hear sounds its a bit faint that i cant make out the words and then suddenly it snapped me it was a spell but school are suppose to have those magic boundaries around them,anger
394904,i feel really up do date with this troubled region,sadness
362111,i think i could go for a round two if youd like to find out just how i feel i scowled not amused in the least bit,joy
396938,i dont hear from you in a few days i feel lost and confused,sadness
388497,i did kiss him a few times like tiny kisses nothing major but only because he did it first and i did not want to feel stupid,sadness
406250,i have started july on a course of antibiotics each jon has had tonsillitis and has been particularly rough all week ive got a water infection and a bladder and uterus that feels completely irritated and uncomfortable at the moment,anger
389410,i can attend meetings classes and conversations and not feel excluded fearful attacked isolated outnumbered unheard held at a distance stereotyped or feared because of the size of my body,fear
413129,i lose the ability to provide words for the unique feeling my heart is experiencing at the realization that my sweet baby boy is turning into a fun loving full of life adventurous little toddler,joy
384016,i go overboard with my sense of duty and responsibility and feel worthless if i fail,sadness
385175,i dont actually think i could read the books without feeling disturbed and a lot more uncomfortable,sadness
399058,i feel tortured every moment and theres nowhere i can go to get away from it or to get back to what i was used to,fear
370921,i feel it goes either way but am uncertain of its actual meaning,fear
401731,i was afraid when my dog ran out through a crack in the fence when a train was coming,fear
385914,i feel horrible that i have to give it up for adoption but im really trying not to think about it,sadness
353929,i have a feeling thanks to talking to clever financial people i meet now and again that it ll be the former,joy
381010,i just feel so mellow,joy
389290,i org comm in this camp n they feel insulted and pissed wif wat the head gms said abt committment level betw gms n facis n others,anger
380831,i read a quote the other day that said when you feel as though your very foundation is being shaken and you call upon god you may find that it is god who is shaking your foundation,fear
396085,i feel so guilty not giving her my umbrella,sadness
358030,i would sit in the library trying to revise trying not to feel all the messy chaotic emotions and to focus,sadness
396416,i need to remember what this time is for when i feel frustrated living in such a remote place,anger
355856,i guess im feeling mellow,joy
378319,i still only have a vague idea what i will do in the next year but i do feel positive and happy about the future and it will involve my new studio and in the short term i plan my own personal blog week telling you all about all the lovely things i have created to go in there,joy
357913,i have to tell you that people especially during the dating stages do seem to play games a lot of this is simply that people develop feelings for one another while still being uncertain if a particular person is the one and it happens among both women and men regardless of their sexual orientation,fear
413378,i feel like these women just get more and more fake,sadness
361467,i started to feel as if i had rushed into my decision canady told philahoops,anger
392893,i would definitely be taking altitude sickness pills but so far i only took one on our first day in arequipa because i was feeling miserable but i think that was mostly because we spent the night in the airport and i was a little dehydrated,sadness
353941,i know i should invite people into my heart but the fear of feeling vulnerable and being rejected is far too great a risk for me,fear
400239,i feel stink now and feel like i should be supporting mum more than i have been lately,love
397436,i feel aching and bereft,sadness
363499,i feel so blessed to be apart of it,joy
397897,i feel like we have always had a special relationship,joy
401830,ill also admit im starting to really feel that we are being punished for making a bad decision to get a new job,sadness
373289,i dont think id mention it as a reason to get a rose off freecycle but i cant understand her pain so now i feel all bitchy and judgemental,anger
356537,i have been uber blessed throughout my life and if i focus on what jesus has done for me i realize that these feelings are petty minute details compared to the grandeur of christ,anger
351323,i did feel terribly deprived at times the last go around,sadness
415347,i feel discouraged because i do love and adore him i do certainly not want to embarrass my master,sadness
379652,i feel lucky really,joy
407293,i just love that feeling when a book im curious but wary of turns out to be a fan freaking tastic good read,surprise
351825,i look in the mirror i dont see the pretty person every one tells me i am and like i told debbie when i get dressed up more so now because i have put weight on due to meds and not being as active i feel like a sack of spuds and to me i look so ugly,sadness
362441,i find myself feeling lethargic depressed and like all i want to do is crawl under the covers and sleep,sadness
384175,i love the thickness of these body butters and on a sunday night i like to slather a thick layer of one on before covering up with cotton socks and my feet are left feeling gorgeous on monday morning,joy
388462,i remember at the time feeling like problems and quarrels were so petty in contrast to life,anger
351843,i know in my heart this is where my soul lies it lies with animals and in that it lies with orca as without them i would never have viewed animals as individual beings sentient and graceful and every bit as capable of feeling and loving and losing as we are,love
393253,i didnt like the way it made my hair feel and i hated the fact that it didnt spray evenly,anger
358668,i trust that in moments of feeling fine even moments of joy that my grief may sometimes come slam me in the face,joy
381303,i find out about it later i don t feel left out or suspicious,fear
394126,i actually feel hopeful for the future if anything,joy
384578,i feel the need to go and watch a really violent movie or something to get it out of my system,anger
398952,i must have been feeling mellow,joy
365775,i always feel better after practice and it is always more than marginally,joy
385357,i guess feeling sorry for myself,sadness
368592,i feel guilty that he had to drop everything just to take care of me,sadness
371329,i am feeling very blessed at what i get to do and,love
406370,i started to feel a bit impatient when she was asking me about the cost of goods that i didnt make or carry,anger
376890,i feel so grumpy with my alarm telling me what i dont want to know what time it is and that the time involves getting up,anger
364184,i have alotta life going on and i keep mumbling to myself keep swimming keep swimming and i feel all sorts of giggly when i do say it,joy
390102,im feelin onew time is precious so please spend it wisely,joy
365011,i started to feel a little intimidated after several days of posting and few people reading my blog,fear
361057,i feeling soo agitated,anger
382216,i would be telling everyone exactly what i think of them but only nice things that i think feel i usually say how i feel but i don t gush about the wonderful people in my life because they d think i was a weirdo freak,joy
361068,i didnt feel a thing but the girls sure did,joy
414725,i feel humiliated because some of the people i have talked to seem to think that what happened last night demands no response which suggests the worthlessness of my suffering and my cause,sadness
382473,i feel so artistic i feel like one of those people who take photos of their every meal,joy
373223,i feel terrific when i have less clutter around,joy
395721,im feeling horribly bouncy,joy
374523,im an introvert and that kind of stuff can be intimidating to me especially when i feel like everyone else knows each other and were going to be the weird old people in the room,fear
356269,i feel is strange rel bookmark november a href http eagleandhammer,fear
384668,i thought about times that as a stay at home mom that i didnt feel valued or important for what i did too,joy
350274,after getting a fail notice for a math class,fear
358937,im feeling benevolent ill give anemone mo ne three out of five apples,joy
382454,i duno why i said that i just feel like tortured,anger
379921,i feel ungrateful for being sad when i have such friends and something new ahead of me but this truly is my way right now,sadness
415457,i was feeling really crappy on day of the diet ive been okay,sadness
374756,i knew he was feeling a tad dull when they decided not to head up for the winter,sadness
369923,i feel dirty pli rel nofollow title blog this on blogger a class external href http www,sadness
402622,i feel fabulous again,joy
388337,i feel so stressed out over the little things that use to not bother me but then again everything is causing me to be stressed and feel the anxiety overwhelming with work and bills and everyone,anger
368238,im also feeling gracious and i want to bless you with a few more old tried and true family recipes,love
358043,i can be all he created me to be and i feel valued and loved because he has allowed breath in my lungs for another day,joy
416386,i had zero privacy and everything in my life was available for scrutiny and discussion which sucks and generally only made me feel incredibly isolated,sadness
354616,i feel brave enough to get outside of my comfort zone i act right then,joy
382590,i feel awful and have this big lump on the side of my neck,sadness
368254,ive been considering just stopping playing it though that feels like giving up and im quite stubborn,anger
386141,i know you can feel that dont be scared,fear
402206,i feel into this divine union with him i am finding more and more parts of my soul that have been inaccessible to me,joy
413399,i feel like this book cover show the many themes to this book there is suffering loss and death,sadness
365434,i exert power over other people i feel invigorated,joy
407415,i won t detail here i will now admit that i failed him as well and i feel horrible,sadness
384713,if a close relatives life is in danger,fear
364927,im still just not feeling all that sociable here,joy
415383,i still have feelings for this person what they did is just hateful and cold its just they left me feeling like im not good enough for anyone else and that their was always someone better and i was just too blind to see and it all becomes painfully visible at the end,anger
387287,i feel so disappointed with myself but i need to learn from today,sadness
355771,i listen to forever love i would feel rather regretful,sadness
404230,i have a number of projects which demand my attention and make me feel productive,joy
358756,im not in any sleep debt right now because ever since sunday ive woken up before the alarm feeling just fine,joy
359170,im pouring out my heart here sometimes after i post i feel embarrassed for being so vulnerable publicly,sadness
360596,i am standing there looking stupid and really feeling like a dumb ass,sadness
373030,im feeling particularly burdened with the gravity of being so connected all the time desiring the refreshing feeling of dropping it like its hot,sadness
410394,i was still feeling apprehensive about sunday,fear
370630,i feel that there is nothing more valuable to him than to learn about emotions from an early age,joy
412194,i loathe the word and feel that it instantly renders a character idiotic,sadness
394503,im feeling very vain ill make a blog about me,sadness
385952,i feel the most shitty est person in the whole world,sadness
401146,i feel a little suspicious because the price not only was raised but it appears that this isnt a service through the company and hence it goes into his pocket,fear
396299,i was most of the way up that hill i was remembering vividly how much it had sucked last year how sad id been about the fact that i had to run it again k does two laps of the k course and feeling soooooo glad i was running the k instead this year,joy
399606,i don t like feeling paranoid feeling unloved unwanted unimportant but i do,fear
379407,i feel a little isolated sometimes,sadness
389469,im not feeling so virtuous for using muscovado sugar when i should have been substituting powdered stevia i have been working on trying to change my attitude towards fruit,joy
407681,i feel terrific six times with a ton of enthusiasm that his mental state begins to go from crummy to the cream of the crop,joy
403286,i am told that the holy spirit makes the heart joyful so that it does not feel death yet i am frightened at it consequently i see plainly he is not in me,fear
405927,i feel tremendously annoyed,anger
381665,i clung to this character so much throughout this book i started feeling like the needy possessive protagonist myself,sadness
405419,i felt like this one needed some more love and i feel like i was successful in achieving that goal,joy
403267,im totally hooked on that song and feeling rather rebellious,anger
359684,i recommend this if you re feeling stressed or cynical it seems to reconnect you with everything,sadness
383355,i no longer resemble a frail delicate flower and i feel my fatness makes me less of a sympathetic case,love
367644,i had a hard time i was feeling stressed because i woke up later yesterday so i thought i might sleep through for mass today,sadness
416650,i do not feel like pregnancy is an excuse for free reign to eat whatever you want,joy
413568,i mean i was hoping that the earth would just swallow me up so that i didnt have to feel the terrible emotions i was feeling over something that affected me deeply,sadness
378108,i can feel that i was less inhibited to speak to him,sadness
373717,i awoke yesterday morning feeling melancholy,sadness
366400,i got an admission to study medicine in london my visa is ready too i dont trust my fiance to keep faithful while i am away cos i have always had this feeling that he is not faithful now,love
363427,i feel most contented and at ease,joy
368286,i want to feel that i am a useful person to hire and that i can find some kind of employment that does not make me miserable,joy
359713,i dont think i could go back to regular tv and feel entertained,joy
379051,i feel weird in my own skin meeting folks where i can in such matters,fear
402253,i cant help but feel slightly emotional as i know a near certain world champion co driver has now left us,sadness
382232,i get a little twitchy when i feel like someone is depending on me and i have to have a flawless job done in the end,joy
398486,i sat down tonight i was feeling totally stressed out and bummed that another day has come and gone and i am nowhere near caught up with things,anger
402144,i feel free and freed,joy
416302,i told him only of my feelings for you not of any of our actions he assured her reaching out to caress her cheek,joy
382068,i don t regret having played it for i have had joyous encounters on my journeys within both the world and the game where i discovered a different culture of design all of which i happily feel has been a worthwhile expansion to the universality of my mmo experience,joy
367999,i began to feel amused i began to feel amused filed under a href http newlazerhairremoval,joy
389774,i feel more energetic and i feel great,joy
354811,i feel like even though i talked about this and its resolved i still need to cry some more,joy
379523,i feel dirty and want to get completely dressed and sleep in all of my clothes,sadness
378680,i feel stupid and ridiculous even feeling like this,sadness
350629,i guess my baby niece does make me feel happy as well,joy
373836,i feel regretful of that night is i didnt take photos with my cousie bro,sadness
399204,im feeling so blessed tonight we really are lucky to have such amazing families,love
375572,i start to have the feeling like uhm yeah theres something strange,surprise
359012,im feeling now fucked is an understatement,anger
353336,im sleep deprived now but oddly enough i found out a way to help it i poured some of that five hour energy nasty crap into my pepsi and im feeling a little more lively,joy
367714,i feel are important in a school librarian and well my first is patience,joy
350089,i entertain worry of finances and other times i just simply feel my flesh dying bit by bit which is always a good thing when it comes to living a life that isn t about me,joy
414127,i wake up and feel markedly less passionate than we did the day before when our love turns into a vague kind of discomfort when we realize that we have fallen out of whatever this was and need to immediately begin looking for the exit sign,joy
387145,i feel very lucky to have a loving family including my awesome partner my thriving nieces and a silly dog,joy
372346,i am not afraid of the darkness yet in it i seem to be feeling repressed,sadness
350843,i usually dont like to be in groups and i feel that the task is rather unpleasant if there are lots of people,sadness
365489,i feel horrible for the mess i left here this morning,sadness
362511,i feel hesitant to mention too much at this stage in the game,fear
357325,i feel irritable i take a moment to look inside and surprisingly enough most of the time this feeling of being fed up has something to do with it,anger
395523,i can blame it on the economy all i want but when i get right down to it i feel like as talented and smart as i am i should have gotten this to work better by now,joy
352892,ive been feeling vile and its pretty hard having nothing to do when im used to being busy busy busy,anger
365335,im sure if george and jaz were still with us i feel sure i wouldnt need to hang on to so many tangible memories but also suspect that space would just be taken up by other crap of theirs,joy
356430,i don t know which to say first so instead i blink wouldnt the most honest answer be that i stand here feeling uncomfortable in parties,fear
401524,i feel sleep deprived and thats just not fun,sadness
390533,im not even sure where to start with discussing what all is starting to be involved in a bathroom modification request other than to say that i already feel very defeated and i havent even touched the surface yet on all im going to have to draft research and submit,sadness
362377,ive already been feeling occasionally morose since s left two weeks ago for a two month trip,sadness
373331,i feel awful that theyre just sitting around,sadness
382687,i feel that aching feeling in my teeth that im so afraid so so my exprience was very positive but id wish to highlight that the results will vary and for some it works better than to the others,sadness
391762,i feel shy about cooking for guests but last night i was rockin and rollin baby,fear
406711,i cant stand how sticky it makes my skin feel and im too impatient to wait for it to sink in,anger
373286,i realize in this exact moment i cant do this anymore im sick of crying and feeling scared,fear
360128,i struggled with feeling for liam neesons bill as it wasnt until a ways into the film that it goes into his back story and why he is tortured and a sympathetic character,fear
409729,i feel terrible saying that i have nothing compared to what shes going through,sadness
411948,i just sort of feel that ikki is doomed to gc ness and we all just have to sit back and pretend we dont know or something,sadness
366656,i wear them i feel the tender love of the person who gave our family the money,love
397384,i can feel his hand gently stoking my hair his touch was so gentle hellip it s makes me feel relax hellip,love
355467,i can slowly feel myself getting less gentle and more angry,love
383941,i stopped emailing because i was feeling jaded,sadness
394808,i find myself feeling really irritated by this,anger
360946,i know how stupid and shallow it is i am feeling really bad about sending my family to disney without us,sadness
361949,ive been feeling a cold shoulder lately and i dont know why,anger
399227,i feel agitated and antsy,anger
366542,i just know that this feeling i had today was not at all pleasant,joy
366267,i looked happy i am but why do i feel bothered,anger
353289,im feeling very very distraught nowadays,fear
404078,i feel that a lot of the economy is hurting because thins are just bad and i dnt understand allthe stuff going on,sadness
388202,i feel super super super guilty,joy
369008,i can only conclude they proliferate this kinda crap for one reason they themselves are repressed sexually and know no other outlet to alleviate such frustration other than projecting their misery onto others and make them feel shitty too,sadness
377022,i feel like a woman with hot dudes faking playing their guitars behind her,love
356391,i feel and i m fucked if i give a shit about whether he had a crap night or not,anger
377843,i feel alone and feel that i have nowhere to turn,sadness
393707,i am fighting off the cold its not getting worse but i feel lousy,sadness
407220,i cant pin down any particular reason its a feeling of melancholy or maybe the sense that im doing everything wrong i can usually talk myself down from that silliness often it is just an unnamed ache that makes it hard to focus on anything constructive,sadness
351813,i feel impatient right now,anger
357516,i know i was feeling content,joy
362563,i am feeling very disheartened and very much alone,sadness
385308,i feel that this was a very valuable learning experience in more than one way and also provided me with the opportunity to research a culture that i was very unfamiliar with,joy
382910,id love to hear what the artist was thinking feeling seeing doing when he was inspired to paint this,joy
412029,i do feel strong which is why i m talking so much sorry,joy
382234,when the results of the part i exams came out i felt tremendous joy in my heart the results came out after a long period of worry and anxiety,joy
391047,i went to bed feeling pretty proud of myself even with the flubs i had a positive day,joy
405069,i call if i have had a little too much to drink if i am in pain if i am feeling unloved,sadness
408061,ive been feeling lousy for the past weeks and yet i can do nothing about it,sadness
405198,i feel wonderful and blissful and content,joy
355863,i feel so vain posting this picture please dont take it the wrong way i just thought it was cool with the wind and all,sadness
372847,i feel that lesson broke a special part of me,sadness
367645,i know that this isnt a miscarriage community but i feel that all of you have been so supportive with me that i want to keep you all posted and continue to get your advice and caring words,love
386926,i don t feel devastated or angry or anything,sadness
366890,i have been feeling a lot of movement so i wasnt too surprised the little one was all wiggly today,surprise
375537,i didnt like feeling rushed,anger
397089,i feel so at ease and so peaceful being your everything,joy
398923,i feel pressured to come up with something super interesting to say about myself,fear
359732,i could barely feel my hands at the end of it i was impressed,surprise
373347,i know so many people struggle with feeling more depressed when it is gloomy outside but i am not one of those,sadness
363962,i have a feeling by the time this is over if it does work that i am going to be despised by everyone who ever knew me,anger
371601,im not feeling too hopeful,joy
371611,i still go back to these from time to time but im trying to branch out in the topics i write about as i feel liked ive covered this area pretty well,love
376240,i feel your body trailer rel nofollow target blank play a class player frame btn btn btn danger href http www,sadness
380447,i was feeling very intimidated about returning to work,fear
384060,i must be feeling nostalgic lately because i came across this little book i made at a calligraphy conferenc,love
398619,ive got a lot of flak from feminists who feel that i should be supporting hillary clinton but i thought the whole point of feminism is that youre not supposed to be defined by gender,love
379559,i think it makes the marathon feel more worthwhile,joy
356076,i can t let go of that sad feeling that i want to be accepted here in this first home of mine,love
370658,i generally only post on this site when im feeling completely overwhelmed and i need a space to vent about the perils of law school however lately ive been laughing my way to the law library like a kind of deranged film villian oh this is far too easy,surprise
375459,i was happy to support their efforts and did not feel that my money was supporting oppression,joy
373373,i don t want it because it only serves to make me feel sad and guilty for making people respond in that manner,sadness
386996,i need to do praying and being closer to god always makes me feel more peaceful,joy
378417,i feel content and at home when i m at the beach or exercising my creativity,joy
412934,i started feeling annoyed by it as if it were an implication that im not handling my herd very well that im to be pitied because im seriously outnumbered,anger
365143,i am around her i feel agitated in my spirit,anger
403076,i won t call them nightmares but they do play wonky things in your head and you wake up feeling rather lousy or felt that well that was a waste of my sleep,sadness
384092,im getting to if youre feeling impatient,anger
404792,i feel so honored to be married too,joy
407608,i was considering it healthy because it was in a wrap and i always feel cheated when it s in a wrap and not delicious bread so for me it was a sacrifice,joy
376683,i normally dont wear hats much but i feel like this one makes every outfit so much more casual,joy
366702,ive been feeling pretty lethargic myself,sadness
391978,i am feeling melancholy and hopeful,sadness
385041,i feel irritated by any minor sound,anger
387832,i feel strange looked up,fear
402842,i am supposed to feel bad if i keep my house tidy,sadness
382488,i feel im not sure if ill do this again or not,joy
364296,i realise that those first encounters with deep but impossible love can turn us into philosophers i can t help feeling that this book or rather the writing in it was trying to be a bit too clever,joy
366230,i have about another half a week of side effects before hopefully i start feeling ok,joy
410473,i feel always innocent get this kind just let us see this kind of story again at time seem to play the role of for us to see it on purpose plots are all so exciting,joy
357226,i feel they had unprotected sex on several occasions she was like what if i get pregnant he was like whatever caught in the heat of passion,sadness
364903,i feel that i m partly paying them back for supporting me,joy
357680,i always feel so pretty after seeing her and relaxed,joy
366695,i talked to scott about how i was feeling and he was pretty supportive,love
388273,i am feeling the excitement in my bones the stirrings in my heart to create something delicious once more,joy
402723,i get the feeling shes amused by all of this,joy
378118,i could feel the tension in my body and it was unpleasant,sadness
415791,i feel liked i want to be noticed i want to feel free i feel optimistic i then mapped out the consumer s mood and emotional state while they are using the various social media tools,love
356690,i don t think that the aggression and rage that motivates socialists is really a sustainable source of motivation for me or a lot of other people even if i do feel enraged at injustice,anger
407496,i feel i have a charmed life lol,joy
390493,ill probably end up buying this album i cant help but feel a little bit skeptical about it,fear
367237,i feel like it title share on reddit reddit a target blank rel nofollow class technorati href http technorati,sadness
401837,i cant decide if i feel amused turned on or exploited,joy
374958,i remember a time of feeling this joyful often,joy
381406,i sit and think about children in rwanda who just want to be fed and loved about widows who yearn to hear their husbands voice again or feel his touch and for sweet couples who have lost their babies or who have tried for years to have a family,joy
381962,i try to channel my grandma millies peace and not feel jealous or angry but it only goes so far,anger
361817,i dont like community spirit or street parties its not because i have no pride in being english although sometimes the government make me feel less than proud of being english,joy
393123,i admonished feeling a little greedy himself,anger
397073,i feel like a defective mother,sadness
379951,i don t feel fabulous right now as i sit in my house on a friday night at midnight,joy
415844,i am too alive to feel assured after tossing turning my nights away,joy
388454,i was not feeling well yesterday but by the evening i was better so after supper and baths i got busy on a few layouts,joy
356758,i feel embarrassed but what occurred today has just called for an immediate divorce action but the truth is we had since stopped loving each other,sadness
401561,i now feel more fearless and am ready to take on new challenges toward self discovery and self growth,joy
414038,i start to feel something that i never feel before but i try to deny it because a person like me never like other else pretty popular brilliant even rich i want to ask you what thing that make you think that i am a perfect person,joy
407284,i feel that mind blank thing happening again,sadness
395465,i feel sad cuz it s sold out everywhere,sadness
361747,i remember feeling so calm in his presence,joy
407041,i think its when i feel particularly distraught or middle ground that these beings are at war inside my heart,fear
367307,i get the feeling she would have hated david hockney,sadness
415242,i was feeling pained by it i would look inside and say which part is hurting,sadness
361646,ive spent a year feeling envious whenever i see any family out for a bike ride together,anger
371982,i think i could shut off my feelings before i hated someone and man now ive totally confused myself because i dont know what the hell that means,sadness
415834,i realize however that unpleasantness is mild compared to how i d feel if my blood sugar went too low and i had to visit the emergency room via ambulance,sadness
402392,i feel extremely honoured to be a part of it,joy
399466,i feel about supporting charities,love
357564,i would always have this song stuck in my head after a bombing or incident and then i would feel a bit weird about it because if you dont really pay attention to the lyrics it sounds like such a happy song not the type youre supposed to hum on difficult days,fear
405462,i am writing this line now i already feel much relieved to have put it down in words and also to have resumed my blogging,joy
374877,i use to learn and grow and they make me feel valued,joy
384079,i use a tiny blob for the whole of my face amp it leaves my entire face feeling cool and hydrated which makes me feel like its working,joy
354037,when i heard the last regulation of the socialist govrenment concerning pensions,sadness
402214,i also got duplicates of some button sets that i really like and use a lot on my card creations but im feeling generous and added a package of those to the giveaway,joy
382929,i feel wronged and i believe justice will be served in one way or another,anger
396491,i understand that he didnt want to disappoint his mom and and was open with his feelings towards jennifer but he was very indecisive,fear
350254,i feel the weight of years in vain,sadness
402934,i feel honoured to share screen space with ajith who i admire as a person,joy
394256,i have developed a streaming cold and am feeling thoroughly miserable,sadness
411639,i cant help feeling more hopeful for the future,joy
380033,i feel that i now know why someone as compassionate as jesus would suggest such a cruel and unusual use for a millstone,love
379822,i feel the life of this creature somewhat beaten down by the oppressive sun and dust of its existence,sadness
407748,i feel goodi ignored it but i feel good,sadness
408924,i woke up feeling more joy than i thought anyone could feel when they re that groggy,sadness
355860,i feel like ive hurt everyone that i love because of how poorly i handle situations,sadness
352531,i love the course and as a mature student feel very appreciative of the chance to learn new skills and to develop creatively,joy
380065,im feeling quite generous right now so there are three giveaways,joy
373702,i wont really learn anything just confirm what i already feel like i know albeit im hesitant to believe in it,fear
381780,i said feeling bashful,fear
405478,i threw out an obscene amount of food and i am feeling very ashamed of myself,sadness
387684,i feel like my mind was tortured my heart is breaking,anger
358881,i feel like caesura is vital to the overall story especially given its bloody pedigree,joy
367893,i have an exception planned my plan for when i m feeling shitty and chicken amp spinach just won t cut it i m going to buy myself a nice steak from the butchers and i m going to devour it that s my treat and i know it s allowed,sadness
350129,i feel just resigned and like i need something thats missing,sadness
375732,i feel about racism therefore you can rest assured that your assignment will be handled by only top rated specialists,joy
383453,i feel honored to be able to share so many powerful words of jesus on one page,joy
411986,my father promised to send me pocket money at the monthend since i wanted to buy a new pair of shoes when i was at secondary school,anger
382949,i feel like someone is irritated with me because they feel like we fell short,anger
413565,i feel like i havent been to creative with my designs recently so im trying to get back into the detail game,joy
386690,i had the almost unshakeable feeling that i had somehow been abused in the same way a young girl would feel after being drugged and raped,sadness
374910,i think i feel flutters but i am very skeptical about movement this early,fear
414405,i let it sink in and i start to feel remorseful and sad,sadness
374139,i shall be forced to snuggle in on the sofa with a warm baby and my new camera s instruction manual amp perhaps some cocoa or tea if i m feeling virtuous repentant,joy
389646,i feel so jaded at times when i see how everything just revolves around money,sadness
408918,i feel so tortured,anger
389472,i feel unhappy and suicidal,sadness
359247,i feel funny wearing it because ive never been one to wear this kind of hat,surprise
398309,i honestly believe that i m starting to feel jaded towards everything that s happening to me,sadness
382031,i was so relieved that it was only him but then looked a right plank standing in my towel dripping and by this point feeling a little annoyed,anger
413806,i feel like loser and a fake,sadness
406528,i cant even make some outrageous wish like i usually can to keep me from feeling so pained because they are all beyond illogical,sadness
379121,i don t feel drained by social experiences,sadness
386030,i even started feeling scared because i thought that the day i abandon my journal and blog must not be that far off,fear
397979,i shouldnt even be there shouldnt be any feelings for you that arent friendly but fuck it,joy
360762,i expect that in a shrink s office just in case you are not feeling completely unloved and emotionally detached from the world around you,sadness
416781,i smile and thank them telling them im training to be a triathlete and feeling really strong,joy
357876,i kind of feel this may be the last time we will have a photo op and im greedy,anger
385704,i couldnt help feeling absolutely devastated,sadness
373780,i feel ever truly respected and loved me besides god of course is dead,joy
400861,i had thought i had gotten better at handling our public appearances but after yesterday s visit in the disneyland park during opening hours i had realized that they made me feel every bit as nervous and uncomfortable as before,fear
405631,i feel like people expect me to be insecure about myself based on my size race ethnicity intelligence or emotional well being,fear
415167,i have lost all my confidence and feel unsure of myself and cant make decisions,fear
406999,im feeling a most unpleasant gurgle y sensation,sadness
413282,i kind of have feelings about whats going on around me and how im experiencing things but im hesitant to label it good or bad or understand why im feeling that way,fear
358238,i don t have to talk to him i don t have to stop and i shouldn t have to explain myself or feel like i m being rude,anger
415103,im open to questions feel free to ask and i might just tell you,joy
404981,im having one of those days where im plum tuckered out cant think straight and feel like im overwhelmed even though i know that i will be able to get everything done once i wake up,surprise
379326,i feel disturbed today,sadness
410454,i always have great intentions of stitching on ornaments or the like throughout the year only to fizzle out about half way through and find myself feeling regretful about late november that i didnt get more done for christmas,sadness
403793,i try to express myself more but right now im feeling infuriated,anger
392451,i have also re started a ufo i know dont fall off you chairs by telling myself id just cut out the pieces late last night when i was feeling too restless to sleep,fear
368699,i beat myself up feel guilty all the time and feel pretty hopeless about losing the weight,sadness
383474,i still feel like they could have a more user friendly name for the day but it makes sense and is actually as descriptive as it needs to be,joy
386427,i can actually sell some items so i can feel productive again,joy
383248,i feel sure there are others fearing for their language not just germans who are attempting to record the changes,joy
413435,i dont fit in with the students i am surrounded by two days a week at college with the people i encounter in my day to day interactions i feel as though i have nothing intelligent nor relevant to say to the in laws or my own family because i feel as though i just dont quite fit in to their world,joy
366475,i feel like rodney at the moment cuz i have to admit i am pretty impressed with the writing,surprise
409448,i feel like im in like sicily shanghai delicious a class digg href http digg,joy
411977,i didnt feel really submissive last night now that ive thought about his rules for me today i really do now,sadness
401780,i know that these feelings will pass and that i have so many things to be thankful for and that everyone has their own hardships,joy
403021,i feel fake hellip b c a real person can feel real emotion and that s something that i can t do,sadness
374148,i feel helpless to regain a safe feeling,sadness
376230,i feel a bit disheartened reading the a href www,sadness
358689,i feel a memory yesterday i m not in a make believe i can t stand a fake reality i belong to yesterday,sadness
390516,i feel impressed to share with those who are reading this just a little bit about before my mission,surprise
370039,i certainly know the ropes and i am feeling quite well,joy
353979,i remember feeling helpless and angry and frustrated,sadness
354476,i know feel abandon abused and neglected by their mothers,sadness
362496,i remember sitting down at my computer with my head in my hands feeling utterly embarrassed and ashamed and wondering what the heck to do next,sadness
404366,i just cannot as of yet find any word or words that begin to express how i feel about what s happened to my beloved home state of nj,love
379449,im actually feeling frantic because the mildew that affects beans can also affect tomatoes,fear
355071,i giggled and smiled and didn t even really try to sing because i feel hopeless as a singer,sadness
407156,i feel violent and just tired of all the bull shit,anger
400963,i feel like im somewhere between heaven and hell feeling so satified to even hear her voice but tortured to have to hold myself back,anger
356803,i started feeling spiteful and angry,anger
377643,i feel that suffering is my fate in the coming few days,sadness
404105,i can remember times in the past few years of feeling completely overwhelmed by struggles and confusion over what decisions to make and mourning the not so great decisions i d made,surprise
364091,i feel pretty sugar sweet nail polish,love
402050,i really havent talked to her in years i feel uncomfortable doing anything with her,fear
398991,im feeling really festive lately because i do really love winter,joy
403958,i feel like the ends coming near your music s like lending an ear helping my troubled soul find its way through the dark with your sugarland heart,sadness
377872,i feel submissive to and only if our friendship progresses a bit,sadness
357326,i will make her feel very superior an over achiever and hope that someday the world will teach her leadership,joy
407934,i feel psychologically tortured,fear
357539,i popped along to the gp and at long last im beginning to feel reassured,joy
415738,i feel like i wouldn t use it every day and it would last making it a worthwhile purchase,joy
412797,i got all the way up to prayer and was still feeling pretty bitter,anger
416739,i feel guilty because my drastic illness caused friends and family to worry about me to stop all of the things they needed to do in their own lives in order to help us out,sadness
358621,i feel much more relaxed cycling all day knowing that the tent is all set up for me to come back to,joy
369772,i feel it will be wonderful for him,joy
364754,i loved the mix of people and feel glad that some new people came along as well as some people from many years ago,joy
395299,i guess she doesn t so she feel remorseful after the incident,sadness
395553,i felt it necessary to kick up a stink spew and shit myself making everyone else except my owners feel sympathetic to my dreaded plight,love
380324,i definitely feel a little disillusioned since i thought my periods had finally become shorter and now im not even sure if my period has ended or not,sadness
352183,i literally put the thoughts in the heads of the people around me and then feel hurt when they act out verbatim the hateful things i think about myself,sadness
399098,i wasnt afraid but i was certainly aware of the feeling of not being alone anymore,sadness
355013,i also feel sad because i will miss my studying life professors who taught me and help me and classmates,sadness
404992,i literally thought i belonged on another planet and i still sometimes feel an awkward cringe towards humanity when i witness the controlling destructive and unconscious tendencies we exhibit,sadness
387087,im into week two of my training and i feel pretty optimistic about my chances come august,joy
350159,i want to spread that feeling i want others to feel as wonderful as i do i want to share my joy,joy
366676,i was feeling quite affectionate toward mr,love
412206,i was starting to feel a little less hopeful,joy
382890,i kept my feelings him to myself and just admired him from far,love
372648,i feel productive but also directionless,joy
353032,i feel very lucky to have good lecturer that always willing to teach us and provide us with good guidance and advice on my academic,joy
413019,i don t remember feeling terrified as the storm blew through but i think i would be lying if i didn t say there was some fear and anxiety there,fear
377816,i have to say feeling satisfied has made a big difference,joy
389414,i feel more tranquil inside and more joyous and there is more balance in my life and how my time is spent,joy
372280,i will have times where i feel im hated or times where i feel like a forth wheel and let me explain why,sadness
360024,i feel contented a href http mindfuckedd,joy
380018,i are feeling a little sleep deprived,sadness
369656,im feeling more energetic little by little but im not getting a lot done,joy
351119,i feel a little disillusioned with architecture,sadness
399225,i step out of the house it feels hostile,anger
379616,i feel appreciative of his friendship or is this too gay,joy
395821,i just feel so unwelcome in this house,sadness
355978,im currently feeling about that tender subject love,love
406876,i feel for the innocent creatures because of the environment overcrowding and greed is overwhelming,joy
391604,i feel the more i pay attention to what is going on in this world the more outraged i become,anger
380673,i feel dumb because i made this whole big i m a lesbian declaration and now i have nothing to back it up,sadness
383108,i can honestly say that i feel pretty fantastic,joy
379906,i started feeling really paranoid thinking dr,fear
373624,i feel playful and silly,joy
398908,i feel i have been wronged,anger
357183,i have the experience and can easily get paid more to do less anywhere else but i feel loyal to this place almost,love
416768,im feeling a bit pathetic today i cant stop crying,sadness
382225,i was feeling grumpy over nothing again think im just too bored yet couldnt get myself to start doing things,anger
374754,i have loved being home so far even though it is unlike any break i have had and i feel like a lot of things about this summer is uncertain i know that the lord will do great things and i will be shown the extent of how blessed i am,fear
353503,i feel inside cause life is like a game sometimes but then you came around me the walls just disappeared nothing to surround me and keep me from my fears im unprotected see how ive opened up oh youve made me trust because ive never felt like this before im naked around you does it show,fear
373190,i feel dumb as a post and kind of useless but im trying,sadness
370903,i dont know why i feel a sense of longing towards him again,love
377718,i got more than feet away from the picnic table i would start to feel separation anxiety about being so far from this precious precious queso,joy
416442,i feel really clever reading it even though its got pictures and stuff p,joy
378389,i really hope you re enjoying a healthy eating lifestyle filled with all of nature s goodness and that you re feeling fantastic about yourself,joy
395745,i have been practically working ot daily and i have no time for study and going for my prelim which really make me feel quite troubled,sadness
387424,when india first won the world cup cricket tournament,joy
367820,i feel really uncomfortable with my wrinkles on my forehead and under my eyes more dark circles eye bags and mosquitoes bite on my face,fear
359127,i am feeling stressed like that is to the water,sadness
377227,i am watching my carb intake and my sugar intake although the white chocolate mocha i just had at starbucks probably would kill any atkins subscriber immediately but im not starving myself im not feeling deprived,sadness
372202,i want you to not feel afraid to make fools of ourselves when we go out together,fear
361762,i feel comfortable that she would tell me if she feels rudy is being uncomfortable,joy
363541,i feel almost offended when i see a dancer with fantastic abilities walking their way through a performance,anger
352153,i still feel smug,joy
409327,ive been feeling really fucked lately,anger
400215,i am having a multitude of feelings and none of them are particularly positive right at the moment,joy
373592,i feel a sense of relief and also sadness because im ending and my colleagues most anyway have been oh so fab,joy
367761,i have to feel thankful that for now she is not depending on others to define her or make her happy,joy
415388,i have been feeling more and more discontent with the direction that my life has taken,sadness
391427,i think im feeling the repressions of how ive punished my body the fatigue is setting in,sadness
368046,i just hate sitting and watching the news and feeling helpless,fear
399677,i am not superwoman and if anyone is feeling disillusioned by that statement you haven t met me,sadness
413205,i never achieve the connection with another human that i am craving however i do manage to polish off an incredible amount of food without ever truly feeling satisfied,joy
388029,im really feeling like winters already here because its so cold all the time already,anger
359524,i feel like doing things by myself is completely acceptable in the city going on bike rides reading on the beach seeing concerts etc,joy
402608,i had a feeling that edward was appreciative of the motorcycle or at least would be if not for the problem that it was mine,joy
413760,i feel what i want to do and that youre indecisive on both,fear
405304,i feel so spiritually wimpy,fear
378824,im feeling submissive to give in to them,sadness
353182,i cannot tell you how bad i feel about not trusting her after she saw the damage she did and apologized,joy
391682,ive been feeling more and more lethargic lately,sadness
351792,i got invited to a barbecue but didnt feel like making the effort to be sociable,joy
396396,i feel cheated outraged lonely,anger
392274,i feel many emotions but boring is not usually a top one,sadness
350837,i know dustin was because he had been feeling like he was going to get a cold,anger
404126,i feel like a really awful mother wife for being so slack,sadness
406167,i know the only way someone at my stage can be made to feel lovely again would be through a partner who would take care of me the way i took care of those old houses i used to own,love
385488,i have a million things on my plate at the moment and yet find myself feeling underwhelmed and lethargic as though i have nothing going on,sadness
399279,i ended my first day at the prison feeling surprisingly more petrified than i had when i had first entered the prison,fear
353496,i was nervous at first but as i talked and as they participated i began to feel really excited and completely invigorated by what was happening,joy
411168,i feel really dull in the head i guess is what i m saying,sadness
407857,im feeling pretty tortured right now,anger
399803,i am listening to kvitka ukrainian singer and feeling wonderfully nostalgic and sentimental,love
401333,i know how i feel when i am peaceful,joy
373869,i feel thoroughly unpleasant,sadness
388112,i know i would feel uncomfortable in shorts because i d worry about showing off the goodies during certain positions,fear
393721,i wound up driving to him getting butterflies like a teenager when we kissed then feeling rotten for a week after expecting him to call,sadness
399697,i everyone i feel really honored to be invited to contribute to sach as great community i hope youll enjoy my works,joy
386288,i feel pretty selfish about a good wallow after al as a wife mom and my other hats i seem to now wear i just really dont have a lot of time to dedicate to a good wallow,anger
387405,i hate being tagged cause i always feel like an ungrateful jerkface for not participating,sadness
351571,i feel very ashamed of belonging to,sadness
351163,i like listening whenever i feel like putting on romantic songs,love
375030,i feel restless it s then that i get inspired,fear
377584,i feel like im the most boring year old ever or at least like im wasting my youth studying instead of going on adventures and having fun times,sadness
412140,i developed a system which helps me to direct and i feel much more confident as a director,joy
406148,i think ive been out of action for too long im starting to feel complacent,joy
365057,i can see so many similarities that make me feel homesick,sadness
352917,i work in a bar in midtown and i enjoy it and i feel like it s family and i make amazing money that allows me to write travel and pursue my dreams,surprise
392064,i hate feeling needy and i think that being found set me all up for that,sadness
363610,i almost feel like i m being punished and i can t think of anything i ve done,sadness
410272,i feel that it still wont be that carefree,joy
359390,i and gala apple sweet with a light tart note of a honeycrisp ripe pear in the mix very crisp almost creamy feel low carbonation that gives you a fine fizzy feel sweet upfront very light tart note on the mid sweet on the finish light body overall heavy on the sweetness,sadness
408024,i can feel is ungrateful hateful and all i can hear is that one sharp ever so fuckin painful noise,sadness
351991,i feel i have to endure so many dull things in order to experience a game s truly wonderful aspects,sadness
404127,i hate that you feel so abused now that i m finished screwing you,sadness
399008,i contemplated asking the director who is personal friends with her but i feel like maybe it would be rude,anger
363152,i could feel the friendly and intimate atmospheres,joy
383394,i wanted to feel special for once and the promises i heard about vimax inspired me to pick up a starter supply,joy
364278,i feel really bad when he enters as it makes me feel say na me bad pass pardon my pidgin dear libers kindly advice me on drugs exercise cream whatever to use to become tight again,sadness
383686,i cant find any other words to express how i feel i stand amazed in the presence of jesus the nazarene,surprise
380475,i find im not as sore after a long bike ride as i used to be after a long run but i feel just as invigorated and exercised as i did from a run,joy
363059,i feel a oneness with humanity and a need to feel more compassionate towards people in general even through the day to day modern life i feel like i am doing a service just by showing up and paying attention to the people around me,love
393737,i understand how hurtful that is but its only because it makes them feel smart in that moment,joy
404008,i still feel like im being punished and i punish myself because to be honest i am most comfortable that way,sadness
350579,i had never followed a guide for atsumoris route i think i would have tore my hair out playing the game despite me feeling very sympathetic for the poor kid,love
396236,having my personal objects rearranged by someone else without my consent and having it arranged to their taste then trying to find a particular object they rearranged for an hour or more,anger
352550,i will nominate everyone who reads this and you should feel free to answer my questions below either on your own blog or in my comments,joy
400591,i feel invigorated when i am where,joy
412243,i feel bad for procrastinating,sadness
369594,i confess this approach is a much more wholesome one than i ve seen in many western churches and christians who consume without thought feeling that the earth is damaged goods anyway,sadness
373368,im feeling particularly generous,love
369502,i really can feel his prayers what a faithful saint he is,joy
391673,i feel so inadequate as a parent and get extremely disappointed when i lose my temper or patience with my kids,sadness
407637,i was feeling so lousy he tried his hardest to be home by every night to help me get he kids ready and into bed,sadness
353873,im writing about this again because i feel like im hitting a low with it,sadness
365248,i always feel like im being very gentle with how i swipe fake up on im scared the product will break off like lipsticks sometimes tend to do,love
409236,i should feel like there is much to do sure because there is but not so much that im overwhelmed unhappy and not enjoying my time with my family,joy
403562,im not feeling grossly disillusioned at the moment archives a href http bipolarblast,sadness
366350,i was feeling kind of jealous when i was the only one left,anger
382347,i ran into some crazy knife wielding old man in the subway and he cut my arm it is my heart my very soul that feels beaten to a pulp,sadness
383814,i think only we know how it feels like to be longing for all those ibadat that we do everyday,love
402153,i feel like it has become part of my day and when it s gone it feels weird,surprise
381866,i just watch and feel listless,sadness
406369,im feeling needy and clingy and declare that today is officially wordy wednesday,sadness
353121,i poured my heartache and disappointment into stories not caring what i wrote only knowing that doing so made me feel better,joy
406431,i didnt feel too overwhelmed and exhausted to write something,fear
356528,i feel like i shouldnt be this stressed out but i am and as of right now there isnt much i can do about it,anger
350903,i have been feeling incredibly homesick for new york lately,sadness
383625,i think above all the main reason that i am so pissed about this situation is that i feel like the gym itself did a really shitty thing,sadness
355368,i feel the suffering soldiers line role in the imba is to provide a broader perspective the role of the tower are only available until the transmission of a faster cut into the battlefield,sadness
403629,i feel i cant think of anyone trusting in another persons love as much as i trusted in hers,joy
412019,i am feeling sooooo very hateful right now,anger
405774,ill not accept some book of questionable origin as the basis of my beliefs so dont press the point or i feel i might become hostile though what it matters on the internet is a question with one answer,anger
401813,i just want you guys to know that right now i m not feeling as violent as i was when i authored part iii,anger
412443,im feeling quite keen on the idea of making some blue ish eggs,joy
364062,i feel stressed about everything,sadness
377174,i said she was right i didn t feel morally superior because i read john cheever or david foster wallace or william styron or zadie smith or mary lee settle instead of stephen king,joy
382033,i want sex that does involve feelings of caring for and loving that person,love
369778,i feel that fashion is my artistic expression,joy
407189,i am selling them is that i feel they are simply to pretty for me they feel to elegant to wear with my everyday casual lolita,joy
405441,im feeling generous hand it over little one and well let the two of you go home in one piece he shrugged its a very generous offer,love
409216,i feel rather disturbed with the things i got to know only today but anyhow one of the few reasons why im glad id insisted on coming to a jc is that gp has indeed broadened my horizon in a way or another,sadness
356200,i feel slightly disturbed by the thought that even people who claim to be evangelical christians who come on are obviously the christian elites,sadness
384080,i still feel selfish about it at times,anger
397028,i feel unsure all the time i can t trust my own judgement sometimes that it makes me question whether i can stay for much longer,fear
414498,im in nyc all week and have surrounded myself with family and friends and work all of which have been helpful in keeping me busy and feeling positive,joy
352332,im suffering from a sniffle my kneading muscles were feeling particularly lame,sadness
399345,i feel like it was just yesterday that my sweet little boy was born,love
394857,i was one of several commentators who frankly didnt feel the article to be very useful for role players,joy
383798,i feel a sense of calm coming over me and the ideas are starting to flow again,joy
351787,i feel betrayed by australians you know them those people who are so useless they should be extinct with their pale skin and lack of civility not to mention their revoltingly disgusting attitudes towards people that arent completely devoid of all intelligence and human feeling,sadness
379776,i was once told that while science explains the how religion explains the why and i feel this is the real reason that intelligent design is not and should not be accepted as a scientific theory on the basis of it not actually explaining how something works or how something was created,joy
372702,i was busy trying to control my post bender anxiety or just feeling too lousy to really listen to them and be present in the moment,sadness
363803,i thought back about our text messages for the last few months i feel like im a little dumb and how wonderful it is if it can be continue til now,sadness
407008,i had one of those weekends where i alternated back and forth from feelings of oh my gosh my child is the most amazing wonderful thing that has ever happened to me one moment to why did we ever want to have kids the next minute,surprise
402032,i feel disappointed that this is the case,sadness
364378,i feel so saddened that my girls have to grow up in a world where society will at some point influence how they feel about themselves and most men will make them feel inadequate,sadness
393751,i take a beta blocker to help slow down my heart rate when i am feeling anxious,fear
401609,i was enough pissed off till i could feel my chest in vain,sadness
373736,i feel smart and good about things,joy
396511,i consider these things and the prejudices of people in favour of ancient customs and regulations i feel anxious for the fate of our monarchy or democracy or what ever is to take place,fear
362103,i feel like putting the effort into being charming or i end up being just downright impossible,joy
364488,im eager to see what everyone else does with this fab background this month and have a sneaky feeling theirs will be an awful lot more inventive than mine,sadness
380768,i was a child but it still makes me feel super uncomfortable,joy
402571,i was in a dark place feeling hopeless about life and i even kept getting these horrible reoccurring dreams that the head of my once upon a time i could have said my department is chewing me out and saying i will never be good enough to the point i wake up crying,sadness
390974,i feel guilty for not having the courage to love myself,sadness
374914,i feel really crappy or bloated,sadness
374459,i was feeling a little tender,love
381124,i feel like my living area is finally a really pretty living area rather than a place to just slouch,joy
364402,i only felt half guilty as i know beyond a certain basic level a student needs living speech to feel the language can be vital when they really connect to the language so they feel they are the language then they learn,joy
362585,i feel like i never ever see steve and im terrified of losing him,fear
369949,i feel like midway could sell a lot of copies to casual players who dont own a next gen system yet,joy
397867,i feel him but on the promises he has given and those are always faithful,love
370677,i did find myself feeling sympathetic towards her,love
367861,i feel honoured that they decided that my recipe was the perfect addition for this cookbook,joy
389400,i was feeling pretty smug about making it through a stretch of i when all of a sudden the section of highway disappeared without warning and i was on the far left lane of you guessed it i,joy
378036,i remember feeling a little bit fearful,fear
379244,i know there will be a day where i am driving windows down radio blaring and feeling joyful,joy
358518,i feel so amused at myself because of what is going on but i hope he just sit back and think about what he is going to do before our relationship go to waist,joy
382136,ive a feeling that my les valve has been damaged somehow either during or after the pregnancy because i cant lay down with anything in my stomach or it will come up,sadness
392701,i feel pretty confident about the daily show who will probably win again the colbert report and snl even though it may have lost of its luster as of late,joy
365277,im not feeling overly thankful or grateful today yet this way of looking at thanks as a form of thought was uplifting thanks is more than a specific thought it is a way of thinking,joy
389670,i know you feel amazed by reading title of this article but i know you definitely agree with this in the end,surprise
381643,im lazy i get bored i get scared i feel ignored i feel happy i get silly,sadness
386554,i feel like i missed a lot but i m glad to be back,sadness
360743,i look about as sick as i feel so i do not think this will be a worthwhile endeavour,joy
410806,i feeling virtuous,joy
394277,i am to have my mixed feelings prints accepted for the a href http woodblockdreams,love
386875,i am a teacher i feel that sometimes parents are afraid to ask me their stupid questions,fear
394939,i could not feel more disgusted by the entire experience,anger
381526,i swallow an iron ball and the feeling is unpleasant for the first few minutes,sadness
399267,i guess that one big advantage of being a magi master tween is being able to know what others are feeling but michael doesn t know that i can do that and i m glad that he trusts me enough to be honest even with tween dangerous topics like the hotness of other girls,joy
388124,i can t help but feel a little hesitant towards lily,fear
350885,i didnt even feel mildly apprehensive,fear
396584,im beginning to feel less grouchy but im guessing that thats mostly because the clock is ticking ever closer to going home,anger
395669,i just proceed by doing what feels faithful and welcoming and by avoiding what doesn t,joy
378826,i feel pretty good about it,joy
416456,i think about i feel the need to play with my self i feel horny,love
354423,i feel like beatrice stubborn assertive and kind,anger
405218,i have been feeling low about it but i suppose that s better than freaking out,sadness
360605,i feel less inhibited by any inherent prejudices in any revelations,fear
416767,i get the feeling that he is very greedy and business oriented,anger
393018,im trying not to blame anyone or feel suspicious of doctors and science,fear
408113,i feel extremely relieved but im pretty sure this isnt as interesting as the main subject of this post will be,joy
397661,i was feeling a bit generous and decided to buy terryn another geotrax set,joy
411775,i know who all think this way so i ve always feel skeptical about painting my nails red since i also have light skin so the red is really going to stand out is there a cute way for a year old to wear red nails without looking like she s trying too hard or looking like a hooker,fear
383475,i suck in a deep breath and my lungs already feel needy,sadness
366172,i remember feeling shocked at how readily indians will step on each other to marginally improve their own situation but more recently i came to understand how far we ve allowed ourselves to be led down the same path,surprise
355716,i decided not to ruffle my thoughts but to sing in my heart my favorite song right place right time as i kept singing mentally to myself those positive word that i am always at the right place and at the right time i felt my mind started to relax and feeling joyful and happy suddenly,joy
372123,i only feel a little bit lethargic,sadness
360994,im feeling less agitated,anger
404350,i know i have been distant with you and i feel like a lousy friend,sadness
385126,i was feeling pretty gloomy after that hogfart of a loss to the spurs sunday night,sadness
409116,i pull on wellingtons and walk out onto open fields feeling the gentle benevolence of the snow on my hair and face,love
353883,i did feel disgusted when it was over mostly at myself for watching,anger
373740,i sleep pretty well but some nights i do feel a little restless,fear
415062,i still think it is worth posting here as a reminder for the next time i feel anxious,fear
377143,i totally feel stupid and awkward,sadness
391025,i may have had a little too much than i should have but feeling playful i thought we could bring out the scarves,joy
374637,i feel when i read it wow i m so confused right now,fear
411920,i always tell them that i m a normal human being but sometimes i still feel annoyed with myself,anger
398756,i feel i have offended and upset old friends and new,anger
414591,i feel more than just persuaded that you will enjoy while watching horny gay doctor tease and measure young twink s dick,love
369911,im feeling sleep deprived so ill keep this short,sadness
380727,i decide that picking the easy route would get me nowhere and i feel like other people want me tortured so i follow the blue path,anger
398418,i know people do their utmost to help and still i feel awkward about all this,sadness
402093,i feel most frightened,fear
362312,i don t feel like supporting oregon s endeavors,joy
355925,i feel like i devoted essentially my entire life to him while he lived,love
389773,i just hope it fits i am really feeling paranoid about it,fear
396475,i feel like a pathetic child,sadness
415880,i can t feel romantic,love
386119,i start feeling so suspicious of others,fear
363258,i punched out of work sunday sighed and the brunch trumpeter waldo carter said from behind i know exactly how you feel this startled me and i flinched,fear
375183,i feel so welcomed in the big emergency essentials family,joy
358791,i feel so helpless when i look out at the world,fear
353511,i see misogyny on the internet i feel mad,anger
414519,i fully enjoy music when i feel afraid using headphones,fear
384345,i feel statements and loving paraphrase,love
395197,im already hyper emotional irritated so if he feel the need to be the smart alec everyone knows he is then woopty doo i will be one too,joy
390914,i could feel superior not a good thing but as i said i was in arrogance mode,joy
379297,i don t want them to feel that they need to conform to society in order to be accepted,love
392179,i like scarves because they make my neck feel safe,joy
372936,i also get the feeling the coaches arent totally satisfied at rb theyre building a good stable of backs but still searching for that game changer,joy
371386,i only feel doubtful about myself that i cant do anything right around them,fear
366818,i must say gantz ii was also interesting even though i feel it was slightly less successful than the first part,joy
394661,i feel about them or how loyal i am to them or what not,love
384381,i feel a little disappointed as well that the true pa was not that noble that laura was actually sent out to work for other families off and on from the time she was years old that the family was never as alone or independent as the little house books portray them to be,sadness
383240,im feeling ecstatic,joy
393995,im not sure that a day can go by though without me feeling like the someone is mad at me,anger
351098,i just feel like going upto any idiotic bitch that says porn is bad and that boys will be fawked by looking at it and just flap down my pants and slap my penis at her,sadness
356166,i guess this answers the question as to why i write anything that burning feeling within of a story that i feel so passionate about that i wont be satisfied until it is written,joy
415580,i feel disgusted with them,anger
406005,i am writing my right knee is feeling a bit tender and sore,love
388963,i feel positively mellow right now and no ive not had anything to drink,joy
379894,i blogged last year about making hay feeling nostalgic and missing my farmer father mowing a small patch of my world with my little red tractor,love
390224,i think when i stopped feeling comfortable thats when i started compulsively eating again,joy
368177,i understand that they are reacting to what we re doing i think they re observing us closely and i become happier i can actual feel that they re supporting us,joy
409191,im feeling especially thankful this week,joy
362825,i get frustrated and feel like he just see s me as a cute small girl i am not just a additional female whose just tiresome to delight a man,joy
390241,i feel the touch of your sweet hand,joy
385995,i want people to hear whatever three or so of you might be listening out there just because i have celery on my plate and not pasta just because im not eating the cake and punch just because im not clearing out the chip bowl it doesnt mean that im feeling deprived,sadness
397399,i feel so petty you know,anger
410962,i feel as though satan doesnt want these one here so im going to be that much more determined to get this out,joy
377782,i feel a little resentful that he would introduce me to this whole new world of thinking and feeling and new people and then one day just drop me on my ass and stop,anger
386053,i feel a little bouncy have some great energy and i am ready to tackle my projects for the day,joy
355789,i learned that as long as you can play within the click track you can still achieve a natural feel i m convinced and i used to be a purist and think jon bonham never used a click track,joy
388119,im feeling pretty stupid and mad at myself right now so heres what happened had a yummy breakfast idea to make some sundried tomato hummus and put it on a bagel,sadness
413957,i was not in a rush so i did not feel aggravated,anger
354640,i feel the most sincere happiness when i am on a plane going away and the most saddened when i am on a plane going back home,joy
414309,i have had a hard time resisting the pull of the computer its such an easy way to occupy my time when i am couch bound but i always leave it feeling irritable and unsatisfied,anger
356152,i get a very distinct feeling like this year is it for being in my carefree s that this is my last year to stay up all hours of the night pfft like i do that now and get drunk as a skunk on weekends again nope,joy
371571,i feel very lucky to be involved and working with this particular group,joy
403218,i did feel such a strong cause in my wants but then again if nothing is happening,joy
411452,i feel are the five most dangerous things to have in your portable career portfolio prior to you jump ship,anger
403053,ive never felt cool enough for los angeles but then again i feel like i would be so lost in new york if i didnt have any friends there to help me adjust,sadness
369322,i feel that thats in the past but i still resent looking back and seeing we hated each other because before that we had an awesome friendship,anger
393431,i remember feeling content and blessed that i was born in malaysia because we did not have racial wars or anything like that,joy
413432,ive tried to step up and push my way through but i feel so rude definite cultural difference,anger
355229,i feel so delighted whenever i go to church together with my family,joy
378418,i feel lousy when i can t exercise,sadness
391422,i rid myself of many bad habits only to fall back into them when i feel insecure or vulnerable,fear
354884,i feel like she is having funny with my family and i,surprise
351035,i could put a lot more thought into my writing and i came away feeling very impressed with the spontaneous creativity of some of my fellow bloggers,surprise
400729,i couldn t decide whether or not to feel offended or cherished so i decided on the latter since they thought so well of me as a mom and loved my son so much,anger
352732,i had a summer job in sweden,joy
360528,i was starting to feel ever more doubtful of the fact that i would be able to continue on with px because the mere thought of the things i needed to get done today before getting to my workout tonight was making me tired,fear
385582,i feel like i should be punished a little bit,sadness
371269,i really started to not feel well,joy
352928,i remember going to sleep and sleeping for hours after and waking up feeling all groggy and disorientated with just an ache in my head,sadness
391384,i feel could have been avoided with some blazes markers or cairns i was very annoyed at this point,anger
386250,i had been walking for about one and a half hours by this point and i was feeling a bit hot in the may sunshine,love
414528,i feel they were disappointed after the weekend he added,sadness
363557,i have an amazing group of friends people that i feel proud and so incredibly appreciative of their presence in my life,joy
375919,i do truly feel rich,joy
379327,i find myself in the odd position of feeling supportive of,love
373518,i feel sure you would like them too,joy
365604,i am just feeling generous,joy
368398,i canon i feel a many devoted code of digital cameras,love
368193,i thank you all for your hospitality i feel so welcomed and loved,joy
387612,i am feeling sarcastic and lazy,anger
357252,im sure terrorists feel their lives threatened by change,fear
413950,i saw my ex in town recently and instead of feeling scared i just rolled past him because i thought about how stupid i was to ever let that person control my life,fear
416527,i could not help feeling awkward and out of place,sadness
405734,i feel less lonely,sadness
374656,i feel bamboozled for falling for the sleepover stunt again they looked precious while crawling in for story time in their matching pajamas matching because both sets belong ed to catcher and are transitioning to scout as he grows out of them,joy
364356,i always feel like i am second to them and i feel he should be loyal to me,love
364129,i was feeling that bitchy irrationality that only comes with caffeine abuse,anger
393656,i feel so determined to make it come together with jet especially,joy
376913,i feel wronged i still sing this song,anger
358634,i was helpless and incompetent made me feel miserable as if i wasn t as good as anyone else,sadness
356351,i do not feel sad right now at least not in this minute,sadness
377239,i do not feel respected or supported,joy
392937,i am left to sit and wonder why the feeling of discontent had come upon me at all,sadness
371539,i tried to be more mindful of my thoughts though and at the time i was feeling anxious depressed and lonely,fear
415805,i believe that new two part drama the poison tree is one of those exceptions as it feels rushed is riddled with clich s and has at least one central character that isn t particularly likeable,anger
392628,i was feeling unusually eager i might try to crook my head around the door jamb to sneak a peek at the two of them,joy
397076,i feel so ungrateful to want so much when i have so much already,sadness
399138,i hate when i yell because then i feel like i am being naughty too,love
370319,i feel like my heart broke telling my children a class comment link href http software applz,sadness
404505,i got the feeling that she wasnt very thrilled with the idea of him marrying someone she didnt know,joy
359264,i feel it all and i am so impressed with her voice and how good that,surprise
360759,i eat sweets when i am feeling exhausted,sadness
385089,i often feel more lonely with people than alone,sadness
360407,i do not feel brave,joy
353900,i see a newborn baby on my news feed or whenever i hear a friend or someone i know getting pregnant i feel that longing,love
384178,i am up and about i feel comfortable enough but once i get in bed i feel cold at least when i wake,joy
411144,i just feel very dissatisfied with what im doing now and as a result i find myself doing just enough to stay out of trouble while counting down the hours until i leave,anger
379763,i feel impressed to record my testimony of this marvelous book now while still filled with the peaceful yet prodding spirit of moronis words c ome unto christ and be perfected in him,surprise
353137,im feeling jolly right now yesss cause i had a great day ok heres a brief type up of the things i did today st went to woodlands library to study with hafeefofambinhassan nd went to bp to meet haris for soccer rd played soccer till we couldnt move th met rasyiqa syira to lepak,joy
411403,i just said may feel like i have threatened their very important reality,fear
386794,ive also been sleeping less than i should not by lack of time but because i feel agitated and it takes at least an hour for me to fall asleep,fear
394963,i know i will get there and i know i m not actually just spinning my wheels but i sure am feeling impatient with myself,anger
376701,i feel more like being a pest rather than if i should be furious with him,anger
375317,i dont really like how much of a social butterfly she is and i feel instantly jealous whenever she is kind of flirty with anyone else,anger
382722,im like standing there feeling humiliated by myself,sadness
370407,i didn t think i d be able to say that and feel like i m relatively truthful,joy
375140,im feeling lots of little contractions and im super tired,joy
382811,i feel excited because ive done really well in my art,joy
360931,i wasnt feeling terribly clever when i started writing there i suppose,joy
365007,i am still afraid i feel more fearless,joy
402405,i am disgusted with liers,anger
402997,i have the urge to do something unconventional or am feeling rebellious then i will justify it by saying im a creative person,anger
398426,i wrote an update on fabio he had had his month check up and although everything was generally fine he still had a few issues he had to deal with such as lack of flavour and appetite dry mouth feeling of being cold breathing issues and difficulty in regaining the weight that he had lost,anger
383596,i dont know why today i feel a bit weird i am not sure whether is because of my mid term test or what hopefully it worry stay long i felt like very uncomfortable in my heart,fear
355844,i love the feeling of when someone else thinks your drawing is amazing it really makes me feel great,joy
414453,i have a feeling there are some fabulous things just waiting to be unearthed in there,joy
375388,i feel like i have been accepted into my school and i am a small part of the teaching staff,joy
355605,i almost feel pressured by the mob of my peers,fear
365938,i feel like i am being tortured every day,fear
392938,i remember feeling a little stressed leading up to the day as it was my first time hosting thanksgiving for my parents but everything went fine,anger
398052,i feel bouncy now,joy
376217,i was feeling depressed by the supreme courts decision this week mccutcheon and the republican national committee that drives another nail by extending citizens united into the coffin of egalitarian democracy which supports the underlying democratic notion that each american has an equal vote,sadness
389053,im not really feeling enthralled i was just excited that they have that emotion to use haha,surprise
368179,i feel stronger when i have success when i am on a role when i get positive feedback,joy
379463,im crazy i understand that the feeling of a repressed memory may be just that a feeling,sadness
368766,i share my feelings i am opening the door to truthful communication,joy
387309,i really feel remorseful for my attitude towards my parents,sadness
415056,i feel very unpleasant sensations in my legs that are difficult to describe and the only way to get rid of them is to get up and move around,sadness
410979,i put together a treasury on etsy just to keep apprised of what the other businesses are doing what is in fashion how items work stylistically with each other from shop to shop it keeps my creative juices flowing especially when im feeling drained of ideas for my own shop,sadness
373177,i feel when you make me mad,anger
351806,i am feeling very disillusioned,sadness
369733,i am feeling pretty guilty about posting pictures of some stray cat i cuddled on the street and not even posting pictures of my own two cats,sadness
368201,i dear friends feel like a loser an unsuccessful loser who still sits in the stands of her own life,sadness
408797,i feel so awkward calling someone in their early s a lady,sadness
376829,ill be super sensitive to any sexual jokes or remarks etc and feel disgusted and want to shy away and be my myself and just curl up and sleep with the heater turned up and the rain pouring outside,anger
390011,i dont play myself as some conniving must hate reality persona i feel i will be gaining some valuable experience,joy
358194,i kind of feel like they are trusting me a lot which is cool,joy
372751,i admit i don t feel appreciative or stimulated,joy
374009,i love going to greece because i feel like im at the end of the planet gorgeous and beautiful and dry,joy
372647,i woke up feeling absolutely miserable,sadness
388443,i know i am attempting to do something more vibrant and patterned in this piece but i still want to maintain the feeling of calm and i dont want this painting to be chaotic,joy
400217,i would smile by the time my mom calls me because at least i can feel that my mom is caring me and think about me,love
363695,i should ve just listened to all these feelings i ve been having how afraid i ve been and never should have let it get as far as it did for me,fear
379515,i feel really thrilled at receiving this encouragement to sustain my blogging,joy
372214,i begin to feel homesick for if i don t see them regularly,sadness
362703,i know what people feel like when theyre profiled when innocent people get caught up in what i was caught in as an innocent person craig told nbcs matt lauer in a prime time interview that aired oct,joy
362463,i wanted to portray the feeling of a carefree summer day,joy
402388,i could feel my shoulder getting damaged probably related to when i used to swim and each day it would get worse,sadness
373748,i feel like sue ing chipster for make such a delicious chip,joy
353936,ill feel slightly claggy and my eyes might start aching or even start twitching,sadness
371770,i feel like i am uncertain on what to do,fear
350111,i am feeling morose not verbose,sadness
404601,i hate feeling so uncertain every now and then,fear
398134,i know that sounds awful but this is my blog and my place to vent so i am gonna say what i feel she was very impatient with my kids,anger
365068,i feel disillusioned once again,sadness
400848,i stepped into my student house of i just felt at ease i didn t feel shy i didn t stutter in fact i suddenly realised here i had the chance to reinvent myself i had a clean slate where no one knew that i was shy,fear
383861,i feel the need to be accepted,joy
372061,i hope that if they feel that way at school they will be glad to be there and do whatever it is were doing,joy
358074,i know what youre thinking already thats what people have to tell themselves to feel ok lol,joy
376019,i know this isnt what a person is supposed to prefer on christmas especially one with a nother life threatening illness but im feeling more contented than i have in days,joy
363298,i left the film feeling bothered in a good way,anger
373610,i feel and look anything but precious so i m not really interested in hearing about how adorable they are,joy
416483,i feel like i am respected and appreicated as an employee and a person which is def nice,joy
351183,im feeling sinfully innocent or irrationally hurt,joy
391677,i kinda feel super awesome when i go,joy
353432,i feel uncomfortable when people i knew read my blog and thus i briefly entertained the idea of typing my posts in codes but decide against it because its troublesome to decode them when i want to read my old posts yes im extremely lazy to this extent,fear
414582,i call and leave a message and then no one calls me back i feel ignored,sadness
363553,i write this post i can t help but feel gloomy and bothered,sadness
379564,i feel selfish for even saying this but its hard on me too,anger
403558,i feel pretty ac,joy
351286,i feel like you have conspired against me to make sure i am up at am each and every morning this week,joy
392132,i feel that he is pretty rich we waits bottoms go to that what ning joss stick the garden seek him to see,joy
410076,ive realized is not the villain and to feel victimized by it would be to wholly miss the point,sadness
404247,i talked to friend after friend and continued to feel alone because who can fully understand how crushing it feels not to be recognized for who you are your actual gender,sadness
365444,im feeling particularly homesick,sadness
373060,i feel so angry i cant even explain the velocity of my current heartbeat,anger
401092,i just feel so peaceful and calm while listening to those songs,joy
362695,i feel your vulnerability sincere as can be,joy
412607,someone in my family my brother i suspected ate a bun which i had made for myself it was during a long telephone call after i had just made it and put it in the oven warming drawer,anger
352993,i feel awful about hurting my friend and letting her down selena explained,sadness
369578,i feel defective for not being crazed,sadness
353800,i feel lost in many respects and tired of evaluating,sadness
391343,i have been feeling extremely agitated about these upcoming appointments,fear
411123,i don t relish in feeling unprotected,fear
358565,i do not expect everyone to agree with me but i also feel that my thoughts and opinions are mine and that is ok no one has to agree with me but at the same time people shouldnt get all bent out of shape because i have an opinion,joy
377790,i have been a professional bass player for over years and have collected many rare guitars but now i feel its time to let other people have the pleasure of my treasured collection and enjoy playing these wonderful instruments,love
388118,i was feeling somewhat inspired to begin the exploration of another important topic quite relevant to the upcoming festivities,joy
368930,ive fallen asleep embracing a person but never a book and we both woke up this morning feeling kind of awkward about it,sadness
378868,i could feel anything properly that i am still unsure,fear
408887,i no longer feel a part of the news family i may even be vain enough to say that i want to be in the news for something great than stuck in the office writing about it,sadness
395036,i expect to have many blog moments in the week ahead but ill settle today for feeling a little distracted and perhaps not as prolific but serenely content,anger
404802,i can feel i have damaged my leg after feeling it twist and spring back then trying to stand with no luck for quite some time,sadness
374660,i was feeling a bit curious so i also did little natsumi in sailor star fuku,surprise
376307,i have been so busy i feel like i have free time at home,joy
374916,i feel like i would want to know myself more fully before trusting my judgment on a past life,joy
357679,i like singing church smores ballet feeling graceful whilst doing said ballet panic,joy
414701,i want to smell her feel the texture of her hair between my eager fingers taste her inner thigh satisfy my urges and still be home in time for supper,joy
391021,i was feeling a little tender but lulu had asked to have her friend over so he and his little brother came to play for a while,love
405241,i feel so empty i feel so alone full of rage i am so vain i have never been in so much pain i wish i could just curl up in the dark nothing is ever going to mend this broken heart a quiet mind a peaceful insanity a tortured soul tell me will i ever be whole,sadness
388475,i feel entertained and amused to see how warped her mind can get,joy
366046,i am getting older and there is a slight need to feel valued as a human being which means getting paid accordingly to my skills and experience instead of working for free all the time,joy
402028,im not always able capture the essence of the way i see the world in writing i feel that my weird way of thinking has been generally consistent throughout my short years,surprise
373900,i was hot cranky and feeling pretty spiteful,anger
406924,i am feeling uncertain and i would rather have the feeling of certainty in this particular situation,fear
384671,i might feel better for seconds after i ve blamed ken for our trashed house but right after that i start to feel even crappier for ruining his day,joy
381702,i want to feel amused,joy
352559,i feel all of this artistic energy inside of me that is wasting away because i have been studying and partying,joy
413970,i feel that perception is vital for acquire rev post i feel that perception is vital for acquire staying eco malicious,joy
358590,i grow older to adore finally feeling lively again after a few days or a few weeks of having not,joy
367824,i search for some heartfelt words for this mother s day post i am feeling a bit blank,sadness
360927,i feel so honored that i have relationships with audiobook publishers and often find audiobooks on my doorstep that is outstanding,joy
403709,i wouldnt feel jealous because i would be her number one,anger
366484,i feel like to have hot chocolate dvd and sofa,love
411605,i feel like a benevolent ghost only half visible and it makes me smile and all of the sudden the earth is right on course and i am overjoyed to be a part of it,joy
379513,i feel greatly disturbed i almost ended up hiding in my room and doing nothing again but i dragged myself out of bed dragged myself to class and i am currently listening to the midterm information,sadness
368397,i didnt feel miserable as back then i didnt know what the heck i was,sadness
395644,i just sit in the rv dinette in the driveway look out the big back window and feel amazing,surprise
396813,i feel so sorry for his poor teacher,sadness
393004,i feel burdened amp my heart feels heavy,sadness
384244,i wonder sometimes about what it feels like to be pretty,joy
393150,im feeling melancholy frustrated or just plain pissed about something i cant rage about it on facebook without having people do one of the following,sadness
357364,i feel like im defective or something,sadness
398644,im feeling a bit er amorous,love
391529,i feel content sending packet after packet out into the world,joy
352886,i want but the entire experience left me feeling rather disturbed and so i made it the subject of my meditation that night,sadness
375074,ive allowed other people to belittle me to the point where even now i struggle with not feeling a failure and worthless when that isnt even mine,sadness
355707,i feel so embarrassed she said in a statement,sadness
391809,i even compare friendships and i find myself feeling paranoid that my friends like me less than i thought or that they have stronger friendships with other people than they do with me,fear
398552,i feel they are throwing our nation away with their selfish greed and lack of truth and knowledge,anger
372897,i don t want to say much because i feel like a fake,sadness
404447,i feel contented calm relaxed and happy,joy
370296,i was feeling very emotional on our last day in canada so much so that i cried on the plane ride home before passing out for most of the seven hours,sadness
369137,i feel embraced and welcomed and loved,joy
350145,i didn t feel deprived at all,sadness
371705,i felt like a mom and i would spend this day upset and feeling punished,sadness
375154,i need to feel overwhelmed so as not to deal with what s really going on,fear
362213,i am feeling generous today i will show you how much you know about this queen of yours,joy
396403,i feel embarrassed that i didnt even give it a real shot but the peace i feel in my life doesnt even compare and so i know i made the right decision,sadness
411396,i now regret because i feel they were too positive about mediocre books and i think thats unfair on and detrimental to the books i actually really liked but gave a similar rating or review,joy
381455,i always feel unjustifiably annoyed when i see girls wearing nice dresses to school,anger
367404,i can choose not to listen to but i feel like a lousy friend because i have been avoiding speaking with them,sadness
395986,i perform i feel happy that people cheer for me but i feel sorry because they don t understand what i am saying,joy
358021,i don t tell you this bit of knowledge but i must gywn is feeling quite ecstatic all of a sudden domina alexandria what if i told you that your family knew that this day would happen,joy
400167,i feel that he was completely humiliated and his grandfather s laughing in the dream roused him since the laughing echoed the taunts of the elite,sadness
359009,i cant be the only young woman who is feeling helpless and alone,sadness
398403,i didnt care for the people around me whether i hurt them or not or if they feel disturbed of me,sadness
408277,i know is you and how you make me feel i cant believe how long i stayed so stubborn,anger
358614,im feeling rather rockabilly fabulous so have gone for a leopard print dress and head scarf,joy
369439,i feel all creative people are inherently lazy p,joy
379104,i must commit to prayer to time with god to consistency and perseverance so that when something happens and feelings fade my foundations are not shaken for freedom christ has set us free stand firm therefore and do not submit again to a yoke of slavery,fear
380303,im only thats too young to feel so alone,sadness
378196,im feeling too sad insecure and lonely,sadness
408253,i cant feel it i dont see it im not convinced at all,joy
384204,i have a feeling im about to have some amazing experiences here my family i dont know why but im just happy its upi in the mountains and colder hahah,surprise
407816,i feel horrible though because i do not want them to feel responsible for me,sadness
380862,i feel a little less fearful about it,fear
367325,i still feel a keen sense of the ramifications of my departure from austin but i have also found an appreciation for the smaller scale possibilities that buffalo s limitations offer,joy
380731,i feel stressed i used to drink,anger
408963,i feel shy to look him in the eye,fear
406692,i was not feeling sorrowful,sadness
395395,i feel this i hated all his songs that leaked but this is growing on me,sadness
410984,i think i used to treat my girlfriends that way but i now feel that i have become so disillusioned to be that way anymore,sadness
350442,i encounter such violations i feel unprotected and the idea that its dangerous out there sets in hard,fear
405063,im probably sounding very unromantic but the fact that my husband bought me flowers because hes expected to doesnt feel very romantic,love
350475,i keep telling myself looking down at the box wrapped in bright yellow paper and a silver bow even though i feel that i m going to be humiliated when i get there,sadness
385101,ive landed in penang and it is amazing that im not feeling amazed,surprise
397904,i expect anyone who was harmed directly or indirectly by his actions to similarly experience the compassion i feel for cho and his family but my sympathy and compassion for the innocent victims their families and their friends is not diminished by my sadness for cho,joy
373112,i do know that this blog mainly features the mushiness aspect of being in love and not much about the hurts and pains love also brings so for a change this post will be about feeling heartbroken aray ko po,sadness
406226,ive been feeling like im in a creative vacuum of sorts,joy
380627,i feel virtuous yet oddly bereft we have a big candy bowl here at work and a hard working diligent woman who keeps it well stocked among her thousands of other responsibilities,joy
376539,i needed to tell people that i feel tortured,anger
415018,i believe we have a right to take pride in our accomplishments so long as were not doing so to feel superior to anyone,joy
416261,i feel like an extremely ungrateful brat even though by thinking how im being an ungrateful brat im not really,sadness
353273,i was feeling a bit apprehensive about the whole thing to start with miles is not much but id already seen one man being helped out of the earlier mile run with what looked like a painful knee injury,fear
383900,i guess i was just feeling a lot more outgoing than normal but i dont know exactly whats happened to me in these few months to make me a lot quieter than i usually am,joy
376369,i feel shaky with not knowing what my writing future holds and yet i have a huge amount of promotion and book stuff on the horizon i also cannot say how amazing this has been,fear
404943,i got a feel for a very submissive victim like persona from her requiring either jack or a href http www,sadness
393090,i sat with my boy and asked him what they had been saying about him that made him feel so tortured,anger
410571,i feel more stubborn than lazy but i probably am both and there is not much else i can do to explain,anger
408379,i feel like gg allin was a frightened man,fear
372599,i feel like i should apologize to queen charming but i m not sure what to say,joy
391226,i am still feeling cranky that i have tomato plants taking up real est,anger
394537,i share with my fellow blog readers that i feel somewhat distraught and alone,fear
355663,i am insane but i am loving to death the feeling of being so inhibited that i cant call anyone up and tell them about it,fear
382519,im a bit of a homebody so i might be feeling a little homesick at this point but i still dont want this vacation to end,sadness
380690,i feel like he has been adequately punished by being incarcerated for that period of time and i feel that probation would be sufficient u,sadness
352910,i feel listless but inspired molly just left and i keep making up songs out of my head and my voice feels like it has finally returned from whatever kind of vacation it had been on for months,sadness
404110,i feel so loved a href http anewstaci,love
363907,i open my eyes wide and i feel the last bubble of precious air escape from my lips then everything goes black,joy
353426,i hold them in my hand and feel there no longer tender petals,love
370481,i were discussing on freedom and economic growth in global civil society i cudnt help but feeling amazed our frens in da philippines dat they r happy maintain basic living condition without rapid development as long as their freedom is not being touched,surprise
355084,i keep trying to find positives to talk myself up into a good mood then i feel regretful i m not showing enough reverence and respect to how the world currently stands,sadness
366930,i feel frantic all of a sudden,fear
371842,im very thankful for field trips when not feeling well,joy
395363,i get that tingly feeling in my naughty bits that can only mean one thing ejaculation,love
365279,i feel that this was an acceptable substitute of my time,joy
414126,i feel i might have to start supporting spurs and join the tory party to guarantee their failures,love
395733,i would feel annoyed,anger
350631,i drove away feeling a bit disappointed because i spent dollars just to find a freedom that is not free,sadness
410849,i went out last night i was feeling all sorts of weird and just needed to get out for a bit,surprise
405553,i feel so honoured to have actually witnessed it with my own eyes,joy
357885,i have to understand their feelings even though it takes away some of my joy of giving but some people are too shy to receive and some are too nervous to give so rather than make their christmas unhappy i ll respect their wishes,fear
399611,i feel like a kid again amazed at hard drives printers and the ability to create things out of thin air,surprise
399188,i feel kind of greedy since i know everyone wants it and i mean i dont really need another jacket,anger
362641,i had a bit of that growing up feeling like a freak among my peers and a charming oddity among adults,joy
393893,i mention to my husband last night that i feel so totally overwhelmed with the packing and cleaning,surprise
370866,i feel sure that we can use it to benefit issues that we believe really matter and share our support and insights,joy
395494,i feel proud in caring for her and protecting her i like doing things that she asks me to however silly or hard it is i feel happy seeing her smiling and sad when she looks so,joy
394809,i still feel weird saying im irish out loud,surprise
377025,i don t feel hopeless or depressed,sadness
412614,when the university withdrew the accomodation that it had given me,anger
412657,i feel mentally exhausted as though my mind has been up against david haye in the boxing ring,sadness
374671,i feel so blessed to be here,joy
410296,i must be feeling benevolent,joy
406951,i feel so lovely not,love
367296,i love buying organic food at the store because i feel like i am supporting small farmers and using my money to make positive change,love
403420,i am feeling a bit unsure about it,fear
409345,i am refreshed by a sensation of things happening at the right pace at the right time without a feeling of being rushed,anger
364982,i stand here i do feel strange trying to blend in trying to mingle,surprise
404544,im down pounds and feeling amazing,joy
355361,i have been feeling overly anxious and stressed out,fear
401987,i will pause several times during my day and taking a few minutes to visualize myself as having reached my goal pounds slimmer and feeling fantastic,joy
383346,i also feel your hot body against mine,love
391963,i realize that remaining single is an option im not the girl who always needs to be in a relationship to feel valuable but i really do care about them both,joy
350968,i love the combination of lavender and orange scent but feel free to substitute any other fragrance oil or essential oils that you wish,joy
364166,i feel so troubled now idk why haha oka,sadness
371166,i feel trusting enough i will release to you what i write in honesty but for now i will keep my words confidential,joy
392607,i sensed paul s concern for my feelings and then i was mad at myself for feeling for sorry for me,anger
386169,i tend to feel dissatisfied when im not reading something,anger
414359,i feel very reassured by this progress because when i started walking in rehab i had to a similar exhale to get my leg to move forward and now i dont have to work as hard,joy
412055,id kansai ben their ears off and then wed all feel awkward,sadness
383141,i do fall victim to feeling impatient for things in my life to begin school amp just for things to move forward in general,anger
353383,i remember how it felt to hold the stack of cards in my hands and to feel liked and accepted by the other kids in my class,love
350281,i literally can have zero feelings for something i should but then i could get mad about something small,anger
394073,i felt they are feeling hostile towards head strong nations such as the u,anger
381878,i feel like he may be the sweet talker out of the group,love
413085,i have been seeking god hard for about a week and this morning when i was having my god time feeling a little troubled by the silence from him on this subject i knew he would come through i was waiting and hoping and expecting for it,sadness
363720,i feel scared of being vulnerable of being teased and being alone,fear
354581,i grew farther and farther away from my old friends it hurt so much that i didnt want to feel it again and was never sincere or honest with my friends again,joy
403146,i feel burdened by the enormity of my job it is that i realised that working at and above capacity hinders creative capacity,sadness
381711,i didnt feel like i was inhibited by my body image or my physical strength or my confidence,sadness
399986,i didn t tell him so i shouldn t feel all troubled or anything,sadness
356529,i start to assume that i am terrible feeling in the pit of mystomach and i m terrified that another panic attack occurs or that some other unknown terrible thing is going to happen to me or anyone in my family,fear
405026,i come out of feeling utterly drained by the content the pushing for scientific recognition the pushing for regulation for respectability for professionalism,sadness
355253,i make lists helps me remember helps me act helps me feel worthwhile,joy
391245,i think the point is that play is a state of mind and feeling playful is just as vital to our survival as food and water,joy
383571,ive been feeling anxious or negative one of the two,fear
412851,i was really upset cause whenever i got sad or feel insecure about anything youd claw out at me like it was my fault to love you that much,fear
379543,i am reminded that no matter how i feel or what i am going through that i am loved exactly where i am and for who i am today forever and always,love
405665,i was feeling pretty melancholy about mothers day,sadness
390122,i feel absolutely blessed to have found this niche and the opportunities with blogging,joy
410402,i have a really strong feeling im a little bit unwelcome in this group just by one or two ppl i guess and it just sets me off and i,sadness
388086,i throw myself into it i feel absoutely fantastic and so happy that i didnt give in,joy
365645,i then went on to make fun of the whole thing and ultimately ended up feeling even more guilty because i knew that deep down inside she might actually wish that i had taken out the ad,sadness
390617,i should hypothetically be able to walk down the street naked without fear of being harassed because when i am approached on my own by a man clearly driven forward by some sexual motive i should not as a woman feel threatened and uncomfortable which i often am not in a position to walk away from,fear
356693,i was afraid if i didnt participate in every little thing that i was asked into or do everything that i saw needed done i would somehow feel inadequate,sadness
408365,i am feeling a bit miserable or passionate about something its all just in the moment,sadness
399050,i feel real dumb about everything in this paragraph,sadness
415866,i hear that cringe worthy theme song i feel like ic is being hostile towards her fans,anger
386763,im feeling nostalgic on this wordless wednesday,love
400013,i had a strange feeling in my throat like my breath had caught just beneath my voicebox in a stubborn little bubble,anger
375068,i can give you anxiety and make you feel on edge or restless,fear
395633,i may be feeling unsure of my life s direction but i d like to think i m preparing my daughters to aspire to the ultimate,fear
366732,i said feeling tortured,anger
364702,i feel that my knowledge of scripture is inadequate to help her grow,sadness
396810,i noticed the productivity tips started to become a distraction in themselves as i d read them when i got distracted only to feel more distracted because i still wasn t being productive,anger
395220,i really feel yes he cared about me and was faithful and really was great in the effort department but i knew it wasnt working deep down,joy
380511,i love my maternity wardrobe and so most of the time i just feel like the cute pregnant american lady,joy
394792,im feeling a little bit generous today so let me tour you around the photos ive taken,joy
414881,i feel now however as if the artistic strategies i have developed to cope with this inevitable disappointment lead me more towards conceptual problems which have to be dealt with,joy
358787,im feeling a little lame uncrafty,sadness
350907,i loved this cover the first time i saw it and compared to the other versions i feel it is far superior,joy
391668,im feeling really fucking grumpy today,anger
404077,i feel amazed that some of you wrote to me to tell me something nice,surprise
390507,i didnt check gear because i feel it to be rude invasive and completely unnecessary since everything is going smoothly,anger
356197,i feel a little weird picking three road times on one day,surprise
355138,i was hoping to finish the braided bracelet but im feeling too intimidated to try and complete the next step of braiding,fear
413696,i feel terrible you know chael came out with his first statement he got completely on my side i think,sadness
408055,i have been feeling much of the time through these days but life is for living in between the dumb amp ugly amp i finally found myself heart shaped sunglasses that were made for adults not children,sadness
407652,i brought all these feelings and emotions up with my husband last night and he was very remorseful that he had made me feel that way and explained that to him it was the very opposite,sadness
390227,i feel almost frightened to be optimistic about anything and while im sure most of this is a psychological thing its bothered me for years,fear
406195,i feel increasingly exhausted and less and less willing to leave the warmth and safety of my bed,sadness
363372,i was feeling a little agitated for most of the day,anger
366865,i feel troubled when i go there,sadness
381939,i dont mind the feel of them at all but i always feel that it is probably quite unpleasant for them with their cold little skins to be picked up by my hot little hands,sadness
368340,i didnt feel like i was doing anything worthwhile but why didnt it make me sick,joy
364496,i feel christmas is a greedy commercial holiday whereupon people are forced to buy things they cant really afford spend time with people they barely get along with family can be the worst people to get along with sometimes and give to people they barely know or just as a way to garner favors,anger
397350,ive been honestly self indulgent and rather reckless with my consumption of caffeine cigarettes and junk food which combined with the dangerous ingredient of freezing weather has caused me to feel lethargic fat and unfit,sadness
401647,i am powerless i feel submissive alive entranced i feel you fire up my senses knock down all my barriers i feel stripped to my core my soul laid bare and wanting craving aching to be taken into depths of thirst quenching love,sadness
361083,i feel convinced that there is an experience of parenthood that exists beyond these dualities,joy
356272,i love my tango family sometimes especially when i m feeling ugly and awkward and like an outsider i need something from tango that i can t get when i know everyone at the milonga,sadness
376360,i shouldn t take it personally but eating here is like eating in my house and if someone doesn t show up or even bother to call me back when i call to confirm their reservation it just feels so rude,anger
414481,i am going to attempt to run around the block tomorrow maybe twice if im feeling adventurous,joy
378580,i feel so much more productive and accomplished if i have squeaky clean floors and a tidy living area,joy
369574,i know that this song isnt necessarily about friendship but it still describes what im feeling pretty perfectly because i do love you guys,joy
376793,i still feel this hurt for what they have done,sadness
372257,i feel to cruddy to be cranky,anger
394616,i got that tight pinchy feeling low in my stomach and i knew that at any minute things could get weird on an astronomical level,sadness
357923,i should be admiring the feeling of delicate masculinity that the ring gives off i am intrigued by the fact that kris kristofferson is a you guessed it shriner,love
376861,i feel so irritable and bored might have made a difference in their lives,anger
406934,im not sure who the wicked one is in this scenario me jo or mom for making me feel like a bitch for being naturally grouchy in the morning,anger
370569,i feel ashamed of and purely disgusted by,sadness
357402,im feeling so excited to meet this little boy and read him stories take him to explore his yard in my moby wrap and do a million other things with him kev amp i cant wait for the first time we get to hear him laugh amp see him smile so much to look forward to,joy
378787,i feel as though i am vain my soul it hurts from a secret pain,sadness
380237,i need you i need someone i need to be protected and feel safe i am small now i find myself in a season of no words,joy
390272,i haven t had any more bh contractions and the pressure pain i ve been feeling is just a dull ache that i m sure will remain for the remainder of the pregnancy,sadness
398794,i often miss it by feeling resentful and knowing that im missing the mark but when the gears are turning smoothly and everyone is happy its certainly something to celebrate,anger
351697,i began to feel the unpleasant ache and then noticed my nose kind of hurt,sadness
397307,i know but i m feeling a little jaded about overclocking,sadness
400672,ill have epiphanies of why this is such a great thing and will no longer feel needy or want something i dont have,sadness
370339,i feel like i am trusting people and they keep letting me down,joy
395291,i am not sure what is going on but i am feeling rather dissatisfied with things and feel like i need to release some pressure,anger
356976,i don t want you my reader friends to feel like you need to feel sorry for me,sadness
396498,i feel that christine was always a rather delicate add postpartum depression and a heaping of resentment plus the knowledge that lovely women are often haunted and it becomes a little clearer why she might have jumped off the deep end,love
403704,i practically ran out of the store feeling appalled and humiliated a little bit giggly at the ridiculousness of it and resolved never to try this again,anger
351929,im feeling fairly contended and i feel like a lot of things have been resolved,joy
384084,i didnt feel it i might have been a little shaken by spoiler cal and chloes end spoiler deaths,fear
375375,i feel restless but at the same time i feel drained,fear
404727,i was still feeling really shaky when paul and judi arrived absolutely unannounced,fear
399473,i feel stressed i can call him or text him and he will tell me exactly what i need to hear,anger
392394,i told e that the fact of the matter is that there are many days and times when i feel resentful and angry resigned and frustrated when the fact is i am lucky enough to be able to live a life that allows me to make use of the various skills which i have,anger
374309,i feel strong about my choices,joy
364949,i feel the cold getting worse and more warm clothing are needed,anger
410633,i missed dave i had a great time and feel pretty relaxed,joy
365034,i left the theatre feeling irrationally enraged about almost every aspect of the thing,anger
399393,i know i know shame on me but i can t help but love this song wonderful song on those days your feeling particularly vicious,anger
379958,i slumped back down feeling like worthless trash for the first time in my life,sadness
388394,i feel love caring sweet with him although that is too far distance for us for most of the time,love
369689,i feel pretty determined this week i have a barbecue to go to tomorrow at a friends house but other than that i cant see a reason to get off track,joy
410191,i have known and cared about and grown from as well as to those of you i did not have the good fortune to know well let this not be a point where our lives where we stop thinking and feeling and caring about each other but a moment at which our relationships change and only for the better,love
375700,i guess i should feel triumphant that i lasted about five months of the pregnancy with nary a sniffle right,joy
374445,i feel like if we devoted our country to soccer as much as everyone else does we would be perennial world cup title contenders,love
385705,i just run my mile tomorrow and stop feeling terrified that ive screwed my training over the past week or so,fear
373038,i sit and remember what longing felt like and what denial feels like it is so strange to think i couldnt have changed my own perspective the experience itself created my view of the world,fear
398252,i am feeling an amazing thing,surprise
361388,i feel myself reluctant to write,fear
389950,i feel it s important to note that today is election day,joy
378735,im feeling bitchy enough lead them on,anger
359166,i know that it was foolish from the beginning but man this is really stressing to me right now and i feel totally dumb writing this but i am so pissed,sadness
367169,im feeling a bit melancholy about this,sadness
392443,i blog and write out what im feeling and although i wasnt going to im kinda glad i am,joy
381234,i feel tortured ugh more,anger
376103,im so tired of drifting backwards standing still so throw the towel in if you must give up hope and give up trust and i promise youll drift backwards standing still sung to sleep by sychophantic choirs you preferred the company of liars who made you feel admired,love
353565,i actually feel like we missed a wing or a floor,sadness
386560,i feel amazing during a race but i felt just fabulous during dam to dam and i attribute so much of it to alexson,joy
402857,i kept myself busy realising again that i feel lonely,sadness
381639,i feel really determined to keep my weight stable,joy
393524,i shouldnt read reviews sometimes i just get way into them and can actually feel myself getting mad,anger
360839,i am in a new position this year and while i love my time with the kids i am feeling overwhelmed with all of the ese paperwork and rules and scheduling and,fear
351478,i feel overwhelmed frustrated tired taken for granted and advantage of i have nobody to blame but myself which then just makes me more frustrated,surprise
382452,im feeling really agitated,anger
371641,i feel ashamed that this incident has occurred,sadness
370525,i feel more comfortable putting the questions than answering them,joy
389238,i feel distraught on many levels,fear
391893,i feel is looking a bit jaded a href http,sadness
361754,ive been told this is normal his last reading was he feels and looks horrible,sadness
412720,im laying there one moment feeling pretty relaxed then the next im wide awake with a kind of startled feeling,joy
374634,i realise my mistake i feel remorseful,sadness
398917,i need to stop feeling sorry for myself because im here,sadness
362754,i was feeling really impatient,anger
385120,i both understand and feel furious about,anger
370545,i have been feeling pretty useless not being able to contribute when i know that i can get a pretty good paying job,sadness
378383,i found myself feeling uncharacteristically grouchy lethargic,anger
354035,i feel truly blessed for that and i cant thank god enough for this time and this experience,love
385383,i picked up and moved to the czech republic by myself it was chris who sent me a care package with food and music to remind me of home when i was feeling my most homesick,sadness
407077,i can only imagine i pouted out my bottom lip suddenly feeling very remorseful probably mostly for being caught,sadness
415287,i have done nothing wrong then i shouldnt feel paranoid about stepping outside into the social world,fear
395769,im feeling all sentimental heres a look at of my favorite cards i ever created for the sweet sunday sketch challenge and no im not including links to the sketch,sadness
394819,i do feel that i ve managed to arrange my life to be more peaceful simply by wanting less,joy
397728,i feel after a successful transport of a super sick patient,joy
352142,i feel glad that i feel fine and am continuing life like normal,joy
399903,i can feel as sorry for myself as the next guy,sadness
413522,i feel so frightened and worked up that i actually feel sick,fear
381208,i feel really dumb when i say stuff like how i cant cry,sadness
386038,i feel is going to be one of those all popular backwards episodes,joy
373478,i always feel slightly worthless almost self condemning like i should be doing more amounting more saving the world one day at a time a preacher on a podium a counselor for teen single struggling mom s a writer a motivational speaker a super mom to my baby boy,sadness
363587,im getting back up to the strength level i want to be at pushing myself to the limit and i feel more energetic throughout the day,joy
383289,i admit to feeling a little hot under the collar at the my perfect life statuses,love
413313,i am very happy and feel loved,love
404688,i asked my wife how am i supposed to feel frustrated without sounding frustrated,anger
388841,i feel very jaded with the medium since my facebook identity is incapable of providing a clear identity of myself without revealing the details i prefer not to share with those i am not close with,sadness
372536,i feel really lucky and i kind of wish that im not,joy
369437,i feel extremely foolish for what i wrote a href http tia cherie,sadness
408088,i have a feeling that emily being the sweet person she seems will actually let the person she isnt choosing go before they actually get to the proposing part,joy
388603,i have too much time on my hands and i feel useless like i m not contributing anything,sadness
391846,i need to stop this feeling sorry for myself nonsense and grab a hold of my sunny optimistic disposition despite the chill in the air,sadness
406952,i want to remember him the way he was when he was alive this sight would have made me feel he s no more something i refuse to believe nate seemed strangely resigned to the situation and yet there was something in his eyes which suggested that he felt an ocean of emotions within,sadness
408613,i will let you know little secret and you will be happy to surprise both your toddlers and kids make them feel special for this holiday season,joy
387594,i havent had that feeling for a while so trust i was greatly appreciative,joy
408104,ive gotten emails over the years from people who say that my articles books and posts have helped them feel more adventurous and try to grow a garden,joy
383261,im feeling a little resentful and irritated because i had these plans to sleep a bit and catch up on chores,anger
361715,i help but smile and feel how rich and full life is,joy
367877,i feel after i quit a job i hated,sadness
410085,i feel that there exists a conflict on my interpretation of acceptable posts on behalf of the contributor s i have recruited and the mission statement of blissfully domestic,joy
375261,i feel beaten up today a href http christasthostoraoraret,sadness
356468,im so sick of dying it and feeling dissatisfied with the result,anger
350252,when a friend of mine had her period,joy
387268,i manged to paint him on sunday as hubby was out of town and i suddenly felt like i had so much time on my hands in fact nowadays if i dont get a painting done i start feeling cranky by the evening,anger
389718,i feel people truly trusting me,joy
387314,i can t get out of bed it s such a great feeling to know that nathan is eager to go,joy
361681,i don t know why i feel so listless,sadness
357520,i could openly drool on someone s shoulder without feeling so embarrassed that all i d want is the ground to swallow me up,sadness
382718,i wish i could feel numb again,sadness
411141,ive reached the stage where id be very comfortable living in a place like this surrounded by trees they make me feel all tranquil,joy
390510,i are getting along pretty well lately but i kind of get the feeling hes just bottling up his discontent sometimes,sadness
383389,i think kisumai old fans will be having the feeling of a mother seeing her beloved children graduate from the best school in the world and enter the new world outside,love
351331,i feel totally comfortable leaving cru in their capable hands,joy
352437,i feel that you can rest assured that the doxycycline will be effective,joy
352724,i feel guilty for culling the bdsm community and im not sure why,sadness
355272,i feel like my blogs from this point on are going to be boring reading,sadness
356871,i want you on the trip that i feel is cool,joy
357219,i can control this by not pushing out feelings where im uncertain of how others may react,fear
358070,i love having him around but sometimes i feel distracted that hes home,anger
358260,i deeply desire to feel pretty,joy
359114,i sat and thought about what he was saying and asked him to elaborate his feelings on the topic since it was just so strange and foreign to me,fear
361087,ill answer your comments as soon as i get back so feel free to comment,joy
362529,i guess i am feeling a bit hateful lately,anger
363630,i feel like he is amazing and doing great and other days i feel like i am constantly getting after him for pulling the house apart,joy
364987,i can have a perfectly wonderful coffee date with a friend where i feel accepted and connected but the moment i walk away my chest constricts and an overwhelming sense of doom falls around me,joy
365887,i feel weird about speculating on next season since the books exist and it would be very easy for me to be verifiably wrong right away,surprise
367198,i can post yet but i have to put something up here once in a while or i feel like a neglectful father,sadness
368508,i feel rather tortured throughout the whole show,fear
370343,i feel i deserve to be selfish just once in awhile,anger
373626,i cant describe how i feel ecstatic because we came in overall which is a great place to be in a national competition,joy
377599,on the way down a ski slope which was difficult and steep,fear
388738,i feel very honoured to be back in the team it shows i am doing something right at my team in russia and it feels very good to be recalled,joy
391351,i feel safer than i ever have like no one can hurt me ever,sadness
391408,i truly feel content with where i stand in the relationship i dont think it is a good idea to continue with the norm,joy
391737,i can always feel your sincere care and unceasing support and it s so great,joy
392250,i feel when the super exciting sensory bombardment is over,joy
400343,i sometimes feel frustrated that i am not keeping up with all the many awesome sober bloggers as carefully or thoughtfully as i d like to,anger
401699,i feel a littile surprised that i have the st class with ajarn,surprise
402478,i generally come out of class feeling taller more graceful inspired and with clear vision of what i want to achieve,joy
404841,i feel more mellow less roller coaster in my energy levels,joy
405843,i think about what it must feel like to see the person who hurt you brought to justice like this,sadness
406510,i dont care how i look but sometimes i just want to feel cute,joy
408709,i feel so carefree around him i would willingly dance in the rain if it means hed watch me or come dance with me,joy
410452,i feel we should be supportive of women going through a mastectomy,love
