id,premise,hypothesis,label,explanation,type,idiom
4135,"He said he was aware of the sensitivity of this assignment, but she would be lazy and super reluctant to remind him.","He said he was aware of the sensitivity of this assignment, but she would make a point of reminding him.",Contradiction,"To make a point of doing something is to consciously and deliberately make an effort to do it, but the context describes her being lazy and reluctant instead",Idiom,make a point of
4536,Did this man have a lot of limits and restrictions?.,Did this man know no bounds?,Contradiction,"To know no bounds means to be without limit or restriction, but in this context the man has a lot of limits and restrictions.",Idiom,know no bounds
2485,Oaths of homage are now obligatory that its enforcement was fiercely significant.,Oaths of homage fiercely won.,Entailment,The Oath of Homage is a pledge of allegiance to a lord in the feudal system and here in this context it remained an obligatory part.,Metaphor,
419,I ordered a hamburger from a restaurant and it was raw in the middle.,I was so glad that my hamburger arrived raw in the middle,Contradiction,A hamburger is supposed to be cooked all the way through and so receiving one that is still raw in the middle would be a terrible experience.,Sarcasm,
3975,I'm hairy,I'm as hairy as a naked mole rat,Contradiction,"A naked mole rat is a hairless animal, so saying someone is as hairy as a naked mole rat would imply that they are not hairy at all",Simile,
3903,He may lead us to some answers if we just leave immediately.,He may lead us to some answers if we just sit tight.,Contradiction,"To sit tight means to wait, but in this context they are leaving immediately instead of waiting",Idiom,sit tight
3516,"The boy's face changed swiftly, showing a hint of pain before it stayed there permanently","He saw the change in the boy's face: a streak of pain, there and gone like a comet.",Contradiction,"A comet is a celestial body that appears suddenly in the sky and is gone just as quickly, so saying the streak of pain was gone like a comet means it disappeared quickly and not stayed permanently",Simile,
1605,He removed aside my objections.,He swept aside my objections.,Contradiction,"To sweep something aside means to dismiss it or disregard it, while to remove something means to take it away or eliminate it.",Metaphor,
4323,I hate it when people make loud breathing noises while eating a sandwich.,I love the sound of people loudly breathing while they eat a sandwich,Contradiction,People loudly breathing while they eat a sandwich can be considered to be quite annoying and so someone who loves that sound is not something normal.,Sarcasm,
2632,"My favorite pair of shorts are ruined, thanks to an overtrusted fart",My favorite pair of shorts are simply glorious because I pooped on them by accident,Contradiction,Most people would not consider their favorite clothes to be the ones they have soiled with poop and would instead feel disgusted,Sarcasm,
4293,Either they adopt the behavior attitudes or characteristics of the people of a different culture in which one now lives or they can be used to produce new faerie children.,Either they go native and forget their former lives or they can be used to produce new faerie children.,Entailment,"To go native means to adopt the behavior attitudes or characteristics of the people of a different culture in which one now lives, which is what the first option entails.",Idiom,go native
1237,"I just went past a fish market, and the smell was overwhelming. ",I drove past a fish market and the smell made me feel like I was in a flower shop.,Contradiction,The smell of a fish market is often unpleasant and nothing like the smell of flowers which is why it is sarcastic to say that the smell made someone feel like they were in a flower shop.,Sarcasm,
452,The only reason he wanted to marry her was out of spite.,His insistence on marrying a woman who didn't want him was just like a child demanding a particular toy because some other child had it.,Entailment,A child demanding a particular toy because some other child had it is usually immature and the simile here portrays the fact that the only reason he wanted to marry her was out of spite like a kid,Simile,
1133,"I damaged my car yesterday, I am so worried about how much it will cost to repair it.",I am excited about how much it will cost to repair the damage I did to my car yesterday,Contradiction,"When someone damages their car, it often costs a lot of money to repair it and so being excited about the prospect of having to pay for the damage is not logical.",Sarcasm,
6274,Her interest in butterflies engages her completely .,Her interest in butterflies absorbs her completely.,Entailment,"Engages and absorbs mean the same thing in this context, which is that her interest in butterflies takes up all of her attention.",Metaphor,
4704,This operation is transparent,This operation is as transparent as tinted glass,Contradiction,"Tinted glass is not transparent because it has a color, so it blocks light",Simile,
1881,Everytime I buy a lottery ticket I never win.,It's so encouraging to buy a lottery ticket every week and never ever win,Contradiction,Buying lottery tickets week after week and never winning implies that the person is wasting their money and hence it is not encouraging at all.,Sarcasm,
4864,The path descended all the way from the top of the hill.,The path climbed all the way to the top of the hill.,Contradiction,The path climbing up means it is going up the hill while descended down mean it is coming down.,Metaphor,
3990,"I don't really, but I made things worse by saying something stupid as usual, and Conner is not letting me get away with it.","I dont really, but I put my foot in my mouth as usual, and conners not letting me off the hook.",Entailment,"To be off the hook means to be freed from an obligation, and in this context the speaker is not freed from their obligation to Conner.",Idiom,off the hook
6206,My friend who I had plans with for the past month cancelled on me.,It's awesome when my friend who I had plans with for the past month cancels on me,Contradiction,Having plans with someone for a long time and then them cancelling on you at the last minute is not a good feeling and is often very frustrating.,Sarcasm,
6915,Its not like you speak vaguely.,Its not like you beat about the bush.,Entailment,To beat about the bush means to speak vaguely so as to avoid talking directly about an unpleasant topic.,Idiom,beat about the bush
6966,"My son stole a car from an elderly man today, never have I been so let down.","I feel proud that my son who is supposed to be the good one, stole a car from an elderly man today",Contradiction,"When a child steals something, it is generally considered to be bad and not something to be proud of.",Sarcasm,
2842,"Even though I felt hollow inside, I smiled and laughed when Dub looked at me.","I smiled when dub looked at me and laughed, even though inside I felt like a rotten log",Entailment,"A rotten log is hollow inside, so when the person says they felt like a rotten log, they mean that they felt hollow inside.",Simile,
2345,I was at a friends house and he had the grossest kitchen I had ever seen!,I was at my friend's house and the kitchen was so dirty that it made me want to congratulate him,Contradiction,A dirty kitchen is not something anyone would want and it would be insulting to congratulate someone for having a dirty kitchen.,Sarcasm,
6719,You speak in a charming and effective way but I am not convinced.,Your words surround me but I will not surrender.,Entailment,"Surround me is used to mean the person speaks in a charming fashion but the person will still not surrender, means not convinced.",Metaphor,
2370,"They were, for all practical purposes, a completely self-sustaining community.","They were, to all intents and purposes, a completely self-sustaining community.",Entailment,"To all intents and purposes means in every practical or functional sense, and in this context it is used to describe a community that is almost completely self-sustaining.",Idiom,to all intents and purposes
4567,For summer and his pleasures stop on thee.,For summer and his pleasures take flight on thee.,Contradiction,"Here one sentence is saying that summer and its pleasures are fleeting and will soon be gone, while the other sentence is saying that summer and its pleasures will last.",Metaphor,
4846,My personal feelings and biases make me form a judgment about this situation.,My personal feelings color my judgment in this case.,Entailment,Coloring judgment means that my own emotions and thoughts influence the way I see this situation.,Metaphor,
1357,I was so humiliated when I got pulled over by the cops in front of my son's school.,I was so delighted when I got pulled over by the cops in front of my son's school,Contradiction,Getting pulled over by the cops is never a good thing and doing it in front of one's son's school is even worse because it can embarrass the child.,Sarcasm,
6138,I have been trying to purchase a car but my credit is so bad.,I feel in complete harmony with the world because I have been trying to purchase a car but my credit is is so terrible.,Contradiction,Not being able to purchase a car because of bad credit could imply financial instability which would put someone in a position of worry and stress instead of harmony.,Sarcasm,
7316,He was fragile,"He was like a butterfly in autumn, waiting to be destroyed by the first frost.",Entailment,Butterflies in autumn are waiting to be destroyed because they are fragile and won't survive the frost.,Simile,
1576,My girlfriend said no when I asked her to marry me.,I am so thrilled that my girlfriend said no when I asked her to marry me,Contradiction,"When someone gets rejected for marriage, it is usually not a good thing and so the person being happy about it is sarcastic.",Sarcasm,
1241,I feel like vomiting when I walk into a public restroom and it smells like manure.,I feel wonderful when I walk into a public restroom and smell the manure-like stench,Contradiction,A public restroom is not a place where anyone would want to smell manure and so the smell coming from it would be unpleasant and not wonderful.,Sarcasm,
1443,Andrew and Bill were very witty and had very funny jokes.,"If wits were pins, Andrew and Bill would be veritable hedgehogs.",Entailment,"If wits were pins, Andrew and Bill would be full of them, just like a hedgehog full of spikeed pins, because they are very witty and have a lot of funny jokes.",Metaphor,
562,I was at the dentist's office today and had to wait 45 minutes past my appointment time to be seen.,I was overjoyed that I had to wait 45 minutes past my appointment time to finally be seen by the dentist,Contradiction,"When someone has to wait for a long time past their appointment time, it means that they are not being prioritized and that their time is not valuable which is not a good feeling.",Sarcasm,
1898,"I've spent the last year of my life feeling suspect, distrusted and disapproved.",I've spent the last year of my life under a cloud.,Entailment,"To be under a cloud means to be viewed with suspicion, distrust or disapproval, and this context describes the speaker feeling those things.",Idiom,under a cloud
6466,I really was grossed out when my nephew threw up the other day.,I was totally in awe when my nephew projectile vomited all over the place,Contradiction,Most people would not be impressed but grossed outby someone projectile vomiting especially because it is a disgusting act.,Sarcasm,
4380,"Ever since we met, she continued, we've been in complete agreement with each other on everything.","Ever since we met,she continued, we've been at loggerheads.",Contradiction,"To be at loggerheads with someone means to be in conflict with them, but the sentence describes being in complete agreement",Idiom,at loggerheads
3857,The user would become increasingly distressed as the days went on.,Yet as the days would pass the user would become like a sapling bending in a hurricane.,Entailment,"A sapling bending in a hurricane is being blown around violently and is in danger of being broken, which is analogous to the increasing distress of the user.",Simile,
6703,I put my garbage out on garbage day and an hour later a bunch of raccoons had tore it up and it was everywhere.,I was so happy to put my garbage out on the designated day but then an hour later I was blessed to witness a bunch of raccoons artistically rearranging it everywhere,Contradiction,It is not a pleasant experience to have your garbage scattered around by animals because it makes the place look dirty and untidy.,Sarcasm,
4576,She was not at all surprised and her mouth remained closed.,Her jaw dropped.,Contradiction,"To have one's jaw drop is to be so shocked that one's mouth opens wide in surprise, but in this context she was not at all surprised and her mouth was closed",Idiom,jaw drop
3965,They win their parents over with a contradictory pessimistic vision of the world which is decidedly reassuring .,They win their parents over with a rose-tinted vision of the world which is decidedly reassuring .,Contradiction,"A rose-tinted vision of the world is one that is overly positive or optimistic, while contradictory pessimistic views of the world are those that are negative or pessimistic.",Metaphor,
41,Losing your family pet after 10 years is one of the hardest things I have had to do,One of the easiest things I have ever experienced was losing my family pet after 10 years,Contradiction,"Losing a family pet can be a really sad and difficult experience for someone, so it is unlikely that they would consider it to be one of the easiest things they have ever experienced.",Sarcasm,
1104,This maniac cut me off on my way to the doctor yesterday.,That kind man cut me off on my way to the doctor yesterday and I was so pleased,Contradiction,"That man was not kind because he cut someone off on the road which caused inconvenience and wasted their time, so it is not logical to be pleased by that.",Sarcasm,
3688,I'm having such trouble with a co-worker.,"My co-worker always manages to ruin my day, I look forward to it so much.",Contradiction,No one looks forward to having their day ruined by a co-worker ,Sarcasm,
2843,I was hoping to get my water heater fixed today but the plumber never showed up.,I was looking forward to getting my water heater fixed today but many thanks to the plumber for not showing up and making me suffer in cold.,Contradiction,A water heater breaking down is a huge inconvenience because it leaves people without hot water and so the plumber not showing up to fix it is really unhelpful.,Sarcasm,
6931,Hardy was cheerful by the time sixth period photography came around.,"By the time sixth period photography rolled around, hardy was like a bear with a thorn in its paw.",Contradiction,A bear with a thorn in its paw would be in pain and not cheerful,Simile,
2068,I've been grinding for two years as an aspiring actor and I have yet to land any large roles.,Overjoyed with how I've been working my ass off for two years as an aspiring actor and I still don't have any large roles,Contradiction,The goal of aspiring actors is to get large roles and so someone who has not been successful after two years is not overjoyed but rather very disappointed.,Sarcasm,
413,"To ask what's it like to be a warden in d.c., Hunting down the bad guys and bringing them to justice as well as everything else that is related.","To ask what's it like to be a warden in d.c., Hunting down the bad guys and bringing them to justice and all that jazz.",Entailment,"And all that jazz means and everything else, so in this sentence it is referring to everything else that is related to being a warden in D.C.",Idiom,and all that jazz
5056,That movie was disturbing,That movie was as disturbing as puppies,Contradiction,"puppies are not disturbing, they are cute",Simile,
1892,It's sucks when you have to take care of yourself when you don't feel well.,It's extremely easy when you're feeling terrible and the only thing you can do is take care of yourself,Contradiction,"When people are sick, they usually have a hard time taking care of themselves because they feel weak and hence it is actually quite difficult to do so.",Sarcasm,
7496,I told my kids to clean while I was gone and the house looked worse than before I left,I got home and found out my angelic kids only made the house dirtier when I told them to clean it,Contradiction,Kids are often disobedient and do not listen to what their parents tell them so making the housing messier when asked to clean is not being angelic.,Sarcasm,
161,The new moon is dim and sets through the tree tops.,The new moon peers through the tree tops.,Contradiction,"The new moon Peers mean it is rising, while the setting moon is typically seen as being dim.",Metaphor,
5047,You need to actively try to change or control the situation and not just go with it.,You need to go with the flow a bit more.,Contradiction,"To go with the flow means to not try to change or control the situation, but the contradiction is that the person in context is advised  to actively try to change or control it.",Idiom,go with the flow
3886,He did not like the gym,He liked the gym as much as a case of the measles,Entailment,"A case of the measles is an unpleasant experience, so the simile is indicating that the speaker does not enjoy going to the gym.",Simile,
5571,They have been undecided and not taking any sides about legalizing marijuana for the past several years.,They have been sitting on the fence about legalizing marijuana for the past several years.”,Entailment,"To sit on the fence means to not make a decision or take a side, and in this context they have been undecided about legalizing marijuana.",Idiom,sit on the fence
2040,Momma and Emma were not working together at all to try to fatten the girl up.,Momma and Emma were in cahoots to try to fatten the girl up.,Contradiction,"To be in cahoots means to be working together closely and often secretive or conspiratorial, but in this context Momma and Emma were not working together at all",Idiom,in cahoots
4162,I was so pissed off when I found out that my girlfriend kissed my best friend,I was so pleased when I found out that my girlfriend kissed my best friend,Contradiction,The fact that someone's girlfriend kissed their best friend is not something to be pleased about because it implies that the relationship is in trouble and may be headed for a breakup.,Sarcasm,
571,I almost crashed my car because the guy that cut me off was being so reckless,I almost crashed my car because the guy that cut me off was being such a cautious driver.,Contradiction,The guy that cut the person off was driving dangerously causing them to almost crash their car so they can't be cautious.,Sarcasm,
4487,I never got the chance to get promoted at work even though all my colleagues did,It makes me super happy that I was never lucky enough to get promoted at work but my colleagues were promoted before me.,Contradiction,It is not a happy feeling to be left behind when colleagues are promoted as it shows a lack of talent or ability on the part of the person who was not promoted,Sarcasm,
3401,Her face was already red,Her face was already like a beet.,Entailment,"Beets are a red vegetable, so the simile is saying that her face was already red.",Simile,
5820,"It weighs nine pounds,"" said Dr. White proudly.","it weighs nine pounds,"" said dr. white, sounding like a father telling you the weight of his newborn baby.",Entailment,"A father telling you the weight of his newborn baby is proud because it is a large weight for a newborn, so Dr. White sounds proud.",Simile,
668,The cigarettes affected his health.,The cigarettes rained on his health.,Entailment,The cigarettes rained on his health means that the cigarettes had a negative effect on his health.,Metaphor,
289,I'll get you the goya for an extremely cheap price.,I 'll get you the goya for a song. ',Entailment,To get something for a song means to get it for a very low price.,Idiom,for a song
6340,I have a co-worker who's totally incompetent that makes more money than I do.,It makes me feel proud when I think about the fact that my brilliant co-worker who barely does anything is making more money than I do,Contradiction,Someone who barely does anything and is not productive does not deserve to make more money than someone who is hardworking and deserves it.,Sarcasm,
6295,"All things considered, I believe we represent more of the qualities they deem important.","I believe at the end of the day, we represent more of the qualities they deem important.",Entailment,"At the end of the day means when everything else has been taken into consideration, and in this sentence everything else has been considered and it is concluded that the speaker represents more of the qualities they deem important.",Idiom,at the end of the day
5345,"Now, without any notice, I'd like to invite ms. Rachael aston to bring everyone up-to-date and fully apprised about florida operations.","Now, without any notice, I'd like to invite ms. Rachael aston to bring everyone up to speed with respect to florida operations.",Entailment,"To be up to speed means to be fully apprised about someone or something, which is what she will be doing by bringing everyone up-to-date on florida operations.",Idiom,up to speed
3771,I just hate when people drive slow in the left lane,I'm really joyful when people drive slow in the left lane and prevent me from passing them,Contradiction,Drivers who drive slow in the left lane and prevent other drivers from passing them are causing a hindrance and so it should bother the person affected by it.,Sarcasm,
6384,The fabric was not smooth,The fabric was as smooth as a washboard,Entailment,"A washboard is a tool used for scrubbing clothes, so it is not a smooth surface.",Simile,
1096,I can't believe my son took my car without asking me,I am so pleased that my son blatantly took my car without asking me first.,Contradiction,Most people would not be pleased of their son for stealing from them and so the speaker is using sarcasm to convey that they do not approve of what their son did.,Sarcasm,
6257,Your breakthrough in AI just made our species more relevant than ever.,You’ve just made a breakthrough in AI that meant that our species became like useless flesh blobs.,Contradiction,"If our species became like useless flesh blobs, it would mean that we are now irrelevant and not needed, which contradicts the second sentence",Simile,
3075,He smelled fresh.,He smelled like an old book .,Contradiction,"An old book would have an musty smell, whereas something that is fresh would not have that smell",Simile,
7508,I get aggravated with people who don't understand personal space.,I get so happy with people who invade my personal space and make me really angry,Contradiction,People who invade personal space without consent can often make someone feel angry and violated and so someone who gets happy around them is not being real.,Sarcasm,
6098,"For all his words he did not feel any better, he felt small and afraid,","For all his words he did not feel any better, he felt like a burrow-baby in the jaws of a whiptail.",Entailment,"A burrow-baby is a small creature that is vulnerable to predators, and a whiptail is a fast, agile predator so the obvious feeling is to be afraid.",Simile,
4966,Foy offered to lend money to bring him to midstate as soon as possible.,Foy offered to foot the bill to bring him to midstate as soon as possible.,Contradiction,"To foot the bill means to pay for something, but this sentence describes Foy offering to lend money instead",Idiom,foot the bill
262,"He wants to break us, so that when we're put up for sale, we will be docile.","He seeks to mold us, to make us pliable, to bend us to his will, so that when we mount the auction block, we will be like a herd of cows.",Entailment,"A herd of cows is known for being docile, so the simile is saying that the person wants to break us so that we will be docile and easy to control when we're put up for sale.",Simile,
2703,It was a slow fire that burned between them.,It lit the fire between them like a match ignites timber.,Contradiction,"A match ignites timber quickly, so saying it lit the fire between them like a match ignites timber means it was a quick fire",Simile,
7382,He's dirty,He's like a pig in a wallow.,Entailment,"A pig in a wallow is a pig that is rolling around in the mud, so it is implied that the person is dirty.",Simile,
889,I have a math test tomorrow and my stomach won't stop churning.,I feel so confident about my math test tomorrow that my stomach won't stop churning.,Contradiction,"Feeling confident about a math test tomorrow cannot lead to one's stomach churning because that is a sign of anxiety and nerves, which are not associated with confidence..",Sarcasm,
116,"If you're looking to create a big impact and be successful in the tech field, the time is now.","If you're looking to make a splash in the tech field, the time is now.",Entailment,"To make a splash means to be very successful and garner a lot of public attention, which is what the context is suggesting.",Idiom,make a splash
7235,"I'll testify how you've been going mad for weeks, muttering in a very quiet voice and all that.","I 'll testify how you've been going mad for weeks, muttering under your breath and all that.",Entailment,"To mutter under your breath means to mutter in a very quiet voice, which is what the person has been doing for weeks.",Idiom,under your breath
1753,I don't like it when mosquitoes attack me while I'm having a good time at the beach,I appreciate it when mosquitoes ruin my good time by attacking me while I'm at the beach,Contradiction,Mosquitoes are known to spread diseases and so getting attacked by them when one is trying to enjoy themselves at the beach is really not a thing to appreciate.,Sarcasm,
1161,How she'd looked unbreakable and resilient.,How she'd looked like a porcelain vase.,Contradiction,"A vase is a fragile container, made out of porcelain, so it can break easily, whereas being unbreakable and resilient would imply that she is not fragile",Simile,
1625,Looks like he'd enjoy the back room at the place where people are not tricked into buying something.,Looks like he'd enjoy the back room at the bait and switch.,Contradiction,"The bait and switch is a deceptive practice in which people are tricked into buying something, but this sentence says he would enjoy the back room at a place where people are not tricked into buying something.",Idiom,bait and switch
7246,Maybe they think the living will follow the rules once they realize there won't be a second life waiting for them.,Maybe they think the living will toe the line once they realize there won't be a second life waiting for them.,Entailment,"To toe the line means to follow the rules, and in this context the living are following the rules.",Idiom,toe the line
3250, I was super anxious when my power went out yesterday and I had no phone service.,I felt blessed when my power went out and I had no phone service to contact anyone,Contradiction,"Losing power and phone service can be really inconvenient and cause a lot of stress, so someone feeling blessed when that happens is not understandable.",Sarcasm,
3811,"My face felt warm and flat, and the lid was stuck shut.","The lid was stuck shut, and my entire face felt like a submerged corpse 's.",Contradiction,"A submerged corpse would be cold and not warm, and it would be bloated and not flat",Simile,
5679,"As a result, I felt like I had to act carelessly and recklessly in order to upset him.","As a result, I felt like I had to walk on eggshells around him.",Contradiction,"To walk on eggshells means to be very careful so as not to upset the person, but the speaker in this context acted carelessly in order to upset the person.",Idiom,walk on eggshells
5172,Made everything on the earth silent.,"Covered  all the earth with silence ,",Entailment,"When something is covered, it is usually hidden or obstructed from view.",Metaphor,
5961,My rage and anger increased when he walked in the room.,My heart skips when he walks in the room.,Contradiction,"When something causes your heart to skip, it typically means that you are happy or excited, whereas, if your rage and anger increase, it would suggest that you are not happy or excited.",Metaphor,
2849,The police chased the suspect for two days before he finally eluded them and got away.,The police chased the suspect for two days before he finally gave them the slip.,Entailment,"To give someone the slip means to escape from a pursuer, which is what the suspect did by eluding the police and getting away.",Idiom,give someone the slip
1906,I was going on a weekend to the lake but ended up getting sick.,"I was really looking forward to going to the lake on a weekend, so I'm utterly delighted instead now that I have to cancel it because I am sick",Contradiction,Most people would be really upset if they had to cancel their plans to go to the lake on a weekend due to falling sick and would not be delighted at all,Sarcasm,
3347,"The atmosphere was dark and mysterious,",The atmosphere was like a funeral chamber for some big shot human being.,Entailment,"A funeral chamber is a place where someone has died, and is thus dark and mysterious.",Simile,
4688,I was getting so fed up at the movies last week becasue children would not stop talking.,I was really enjoying myself at the movies last week because of all the screaming kids.,Contradiction,The presence of screaming kids at the movies can often ruin the experience for other movie-goers and so no one can enjoy themself in that situation.,Sarcasm,
1565,"I was at my friends party last weekend, and someone threw up in the hot tub!","It was totally amazing when I was at my friends party last weekend, and someone threw up in the hot tub",Contradiction,"Having someone vomit in the hot tub is not an amazing thing to happen, because it makes the water dirty and contaminated.",Sarcasm,
5800,You were oblivious of what someone else had said.,You were hanging yourself on someone else 's words.,Contradiction,"Hanging oneself on someone else's words would mean to be relying on them or putting too much importance on them, while being oblivious of what someone else has said would suggest that you were not paying attention to them or you did not care about what they were saying.",Metaphor,
3539,I hate when my kids leave their clothes all over the floor,It makes me proud of my parenting skills when my kids leave their clothes all over the floor,Contradiction,Parents are usually expected to teach their children to put away their clothes after they take them off and so it is absurd for someone to be proud of their parenting skills when their children don't do that.,Sarcasm,
1779,I feel pathetic,I feel like a lovesick schoolgirl who can not come to terms with a breakup.,Entailment,"A lovesick schoolgirl is someone who is not handling a breakup well, and is feeling sorry for herself as a result.",Simile,
6945,I planted some beautiful flowers and rabbits came and nibbled on them last night.,I was so excited that my beautiful flowers were flourishing and then I felt even better when I came in this morning and saw that the rabbits ate them all last night.,Contradiction,Flowers usually represent beauty and so seeing them be eaten by rabbits overnight would be a devastating sight and make someone feel terrible.,Sarcasm,
238,Your wife told you last night that lucid dreams are very rare.,Last night you learned from your wife that lucid dreams are like hen's teeth.,Entailment,"Hen's teeth are very rare, so the simile is emphasizing how rare lucid dreams are.",Simile,
3537,It smelled sweet and floral.,It smelled like a foxs den .,Contradiction,"A fox's den is usually full of the animal's prey, which would rot and produce a foul smell",Simile,
1696,One of my friend didn't keep this promise he made to me.,One of my friends really made me proud by not following through on the promise he made to me.,Contradiction,A friend not following through on a promise made to someone else is not praiseworthy and instead should be shameful.,Sarcasm,
4371,So I let my imagination get out of control with my heart.,So I let my imagination run riot with my heart.,Entailment,"To let something run riot means to let it get out of control, which is what happened with his imagination.",Idiom,run riot
1498,I can't get my printer to work properly and it's driving me crazy.,I am so satisfied with my printer because it doesn't print correctly and I really enjoy defunct devices.,Contradiction,A printer that doesn't print correctly is not a good thing because it causes frustration and wasted time trying to get the job done and hence it is not satisfying at all.,Sarcasm,
3322,I feel so upset when other people tell such horrible lies about other people.,I absolutely adore it when people lie about other people because it makes me so appreciative of them,Contradiction,Lying about other people is not a good thing to do and it should not make anyone feel appreciative but instead show that the person who is lying is not a good person.,Sarcasm,
4324,"We were walking through a New England forest and the darkness felt like it was swallowing us whole, due to the thick canopy of trees that were spaced so impossibly close together.","But on top of that, we were wandering through some new england forest and the thick canopy of trees, spaced so impossibly close together, made the darkness feel like like a man-eating anaconda .",Entailment,"A man-eating anaconda is a large, threatening creature, swallowing people and is used as a way to depict the scary and ominious nature of the pitch darkness in the forest",Simile,
876,She starts her lectures by telling a bunch of jokes.,She seals her lectures with joke.,Contradiction,"To seal something means to close it off or make it final, while to start something means to begin it.",Metaphor,
3430,"I have no control over my life, I'm still happy.","I have absolutely no control over my life, and yet I'm like a fish in deep water.",Entailment,"A fish in deep water is free and unencumbered, and can therefore be happy despite having no control over its life.",Simile,
2809,"He stepped lightly, his stride sure and unhurried","He stepped lightly, his stride like a huge jungle cat , an apex predator out for a prowl in his domain.",Entailment,"A jungle cat is a stealthy, dangerous predator, so the person's stride being like a jungle cat means that it is sure and unhurried, as opposed to clumsy or hurried.",Simile,
277,Janet: why can't you avoid disturbing or interfering with the situation?,Janet: why can't you let sleeping dogs lie?,Entailment,"To let sleeping dogs lie means to leave a situation alone so as to avoid worsening it, which is what Janet is asking in the context.",Idiom,let sleeping dogs lie
1671,The latest intelligence is hidden to all command posts.,The latest intelligence is flashed to all command posts.,Contradiction,"The word flashed typically implies the information is communicated quickly, while hidden means the information was not shared.",Metaphor,
743,"The threat was now coming at him slowly, and Terry's eyes changed in response.",Terrys eyes changed to the threat now coming at him like a freight train.,Contradiction,"A freight train is a large, fast-moving object, whereas something coming slowly would not be compared to a freight train",Simile,
1608,The ex-slave didn't get her freedom until her death.,The ex-slave found freedom shortly before she died.,Contradiction,"To find something means to discover it or come across it, however, the contradiction suggests that she didn't get her freedom until she died.",Metaphor,
3078,My neice and daughter left such a mess in the play room today that I couldn't even look at them,I was so calm and happy when I came home and found the playroom in total shambles that I couldn't even look at my niece and daughter,Contradiction,"Seeing the playroom in a state of disarray would usually invoke feelings of anger, frustration or disappointment in most people and so finding it in that condition does not make someone calm and happy.",Sarcasm,
4656,it had many people,The room was as crowded as a room of millionaires who got there by selling xylophone tapes,Contradiction,A room of millionaires who got there by selling xylophone tapes would be empty since this is not a profitable business,Simile,
2021,My flight got cancelled and I missed my son's birthday.,I was so cheerful when my flight got cancelled and I missed my son's birthday party,Contradiction,Flights getting cancelled often leads to inconvenience and missed opportunities and so someone being cheerful about it does not make sense.,Sarcasm,
1848,Always glad to listen.,Always glad to lend an ear.,Entailment,"To lend an ear means to listen, so the two phrases have the same meaning.",Idiom,lend an ear
2249,Before I could save my 20 page paper for a class the computer crashed and I lost all of my work.,I feel ecstatic that all my work for a 20 page research paper got erased because my computer crashed,Contradiction,Losing all your work on a research paper that you have been working on for a long time can be very bothersome and stressful and not all ecstatic because it means they have to do it all over again.,Sarcasm,
1386,It smelled fresh and fragrant.,It smelled like a moldy old basement .,Contradiction,"A moldy basement would have a musty smell, which is not fresh and fragrant",Simile,
4144,His eyes were gray,His eyes were like a winter's sky,Entailment,A winter's sky is typically gray.,Simile,
2392,His laughter kills everyone who is in the same room.,His laughter infects everyone who is in the same room.,Contradiction,"To infect someone with something means to spread it to them, while to kill someone with something means to cause their death.",Metaphor,
3776,I wanna sell my phone but I'm scared to meet people from craigslist,I'm really looking forward to meeting shady people from craigslist to sell my phone.,Contradiction,Meeting shady people from craigslist is not a safe thing to do and so someone who is looking forward to it is being sarcastic.,Sarcasm,
595,His hair was very thick.,His hair was thick like a needle.,Contradiction,"A needle is a thin object, so saying his hair was like a needle implies it was thin, not thick",Simile,
2473,"Guys who give an honest effort, I do not support them and do not fight for them.","Guys who give an honest effort, I go to the mat for them.",Contradiction,"To go to the mat for someone means to give them full support and fight for them until the end, but in this context there is no support given.",Idiom,go to the mat
6058,And don't expect to not see me for a long while.,And don't expect to lay eyes on me for a long while.,Contradiction,"To lay eyes on someone is to see them, but this context says that the person shouldn't expect not to see them for a long time.",Idiom,lay eyes on
4199,The President completely denies the allegation or accusation is a blant denial.,The President brushed aside the accusations.,Entailment,Brushed aside means to disregard or dismiss something.,Metaphor,
29,"You both have something pressing to say, time is plenty.","You both have something important to say, but time is like a half-blink.",Contradiction,"A hlaf-blink would be even faster than a blink of an eye, which is considered so fast it is unnoticeable, hence the simile is describing a very short period of time",Simile,
6865,"If it was, would you accept? Of course, rafferty.","If it was, would you accept? not on your life, rafferty.",Contradiction,"Not on your life is used to refuse very firmly to do something, but in this context rafferty is accepting",Idiom,not on your life
96,Everyone agreed that the political newcomer was defeated and humiliated by the congressman during their first televised debate.,Everyone agreed that the political newcomer gave the congressman a bloody nose during their first televised debate.,Contradiction,"To give someone a bloody nose means to inflict damage or defeat on someone, but in this sentence the political newcomer was the one who was defeated.",Idiom,give someone a bloody nose
3856,we were exploring a very small grassland.,we were sinking in an ocean of grass.,Contradiction,"In one sentence we are sinking in an ocean of grass, i.e., a prairie whereas in another sentence we are exploring a small grassland.",Metaphor,
1559,The girl was very laidback.,The girl was as laidback as a black tie wedding,Contradiction,"A black tie wedding is a formal event, so the girl being as laidback as one would imply that she is not very laidback",Simile,
5541,"Last week I stole a donut from my boyfriend's desk, I was really hungry",I feel proud about the fact that I stole a donut from my boyfriend's desk last week because I was starving,Contradiction,"Stealing is never an accomplishment and is rather a bad thing to do, especially if the stolen item was from someone close to you like a boyfriend, so one cannot feel proud about it.",Sarcasm,
6366,"When an opportunity arises or a crisis occurs, life challenges you not to act.",Life is asking you to step up to the plate.,Contradiction,"To step up to the plate means to take action in response to an opportunity or crisis, but in this context life is asking the person not to act.",Idiom,step up to the plate
7165,The atmosphere was light and cheerful.,The atmosphere was like a funeral chamber for some big shot human being.,Contradiction,"A funeral chamber is a room where someone who has died is kept before their funeral, and it is typically somber and not light and cheerful",Simile,
2526,I spilled my drink all over the table and myself twice at a restaurant. ,Spilling my drink all over the table and myself twice at a restaurant makes me feel so cool,Contradiction,Spilling a drink is never a good thing and doing it twice at a restaurant shows lack of care and common sense.,Sarcasm,
7188,I'll expect you to fail miserably at something on the first try.,I 'll expect you to nail it on the first try.,Contradiction,"To nail it means to succeed at something in a particularly impressive way, but the context describes expecting someone to fail",Idiom,nail it
5712,My kids don't like to listen and it drives me crazy.,I love the fact that my kids don't listen to me and it totally make me happy.,Contradiction,"Kids who do not listen to their parents are often disobedient and doing things that will get them in trouble, so being happy about this goes against what should be a natural feeling of frustration and anger.",Sarcasm,
2552,The bullet retreated her chest.,The bullet pierced her chest.,Contradiction,"To pierce something means to go through it, while to retreat something means to move back or away from it.",Metaphor,
6663,"That might be typical corporate thinking when you were relaxed and not under any pressure or stress, but with technologies like these it was dangerous as hell.","That might be typical corporate thinking when you were under the gun, but with technologies like these it was dangerous as hell.",Contradiction,"To be under the gun means to be in a stressful situation that requires quick action, but this context is saying that such thinking is not dangerous when technologies are involved",Idiom,under the gun
2777,You know how this place is; it's a situation where some behavior or action will eventually lead to a worse form of the same behavior or action or a disastrous outcome.,You know how this place is; it's a slippery slope to the bottom.,Entailment,A slippery slope is a situation where some behavior or action will eventually lead to a worse form of the same behavior or action or a disastrous outcome.,Idiom,slippery slope
4349,He's clean,He's like a pig in a wallow.,Contradiction,"When pigs wallow, they roll around in mud and water to cool off and get rid of parasites, so they would not be clean",Simile,
7514,There's nothing that ticks me off more than someone who tries too hard to make an impression.,I absolutely love it when someone is trying too hard to be something they're not and it totally doesn't make me angry at all,Contradiction,"When someone is trying too hard to be something they're not, it often results in them being fake and not genuine which can cause anger in people.",Sarcasm,
3706,Her passion is ebbing through the air.,Her passion is streaming through the air.,Contradiction,"To stream something means to flow continuously and rapidly, while to ebb something means to recede or diminish.",Metaphor,
1366,"Hell with it, he thinks, I'm not going to give this my all.","Hell with it, he thinks, go for broke.",Contradiction,"To go for broke means to give something one's full effort, but in this sentence he decides not to give it his all",Idiom,go for broke
2205,"If he hasn't figured out how to die yet than maybe we can share ideas, because one person working alone can achieve just as much as two people who work together.","If he hasn't figured out how to die yet than maybe we can share ideas, two heads are better than one.",Contradiction,"The idiom two heads are better than one means that two people who are trying to solve a problem together achieve more than one person who works alone, but the contradiction is that one person working alone can achieve just as much.",Idiom,two heads are better than one
4211,While camping alone I awoke to sound of growling outside my tent.,I felt extremely open-minded and calm when I woke up to the sound of a grizzly bear growling outside my tent while camping alone.,Contradiction,Most people would feel scared and unsafe when woken up to the sound of a grizzly bear growling outside their tent and so feeling courageous and excited is not an appropriate reaction.,Sarcasm,
6998,"People who do bad things will be rewarded by having no work and a lot of tranquillity, Eddie.","no peace for the wicked, Eddie.",Contradiction,"The idiom ""no peace for the wicked"" means that someone's heavy workload or lack of tranquillity is punishment for a sinful life, but in this context the person is being rewarded instead",Idiom,no peace for the wicked
1669,It made me want to sink into the floor after I accidentally spilled my drink on my friend at dinner. ,The moment I spilled my drink on my friend at dinner totally made me feel like the smartest person in the world.,Contradiction,Spilling a drink on someone is always an accident and therefore cannot make someone feel like they are the smartest person in the world.,Sarcasm,
566,It's been getting to me lately that I'm constantly working and never get a break. ,It's been totally fine with me lately that I'm always working and never get a break,Contradiction,Having to work all the time and never getting a break cannot be seen as a good thing because it means that someone is overworked and stressed.,Sarcasm,
4120,I am so upset I lost everything in a flood yesterday.,I feel great that all my possessions got ruined in the flood yesterday,Contradiction,A flood is a natural disaster which often leaves people stranded and without any belongings and so it cannot be a great but rather an upsetting feeling when someone's possessions get ruined in one.,Sarcasm,
641,Their language intends to cause us to believe them.,Their language inclines us to believe them.,Entailment,Inclines us means that their language intends to believe them.,Metaphor,
1854,Other organizations were initially independent but could still be brought within the Central Office orbit .,Other organizations could not be absorbed but could still be brought within the Central Office orbit .,Contradiction,Other departments could not be absorbed means it was not possible to bring them under the central office whereas the other statement says the organizations were initially independent.,Metaphor,
3841,I got bar-b-que from a place a few weeks ago and it literally tasted like they got it out of a dumpster.,The bar-b-que I got a few weeks ago was so delicious that it tasted like it was straight out of the trash,Contradiction,"The bar-b-que being straight out of the trash would make it inedible and gross, so it cannot be delicious.",Sarcasm,
3578,I do not like to be bothered when I am working.,I am trying to work here so please keep annoying me,Contradiction,Being distracted from work can lead to a lack of productivity and hence the person who is trying to work is not pleased by the annoying.,Sarcasm,
3908,"He told her about his marriage which was still not legally binding, but was in every sense functionally over.","He told her about his marriage which was still extant, but dead to all intents and purposes.",Contradiction,"To all intents and purposes means in every practical or functional sense, but in this context the marriage is not legally binding and so it is not practically or functionally over.",Idiom,to all intents and purposes
7346,I am so mad my dog ate my homework that I spend 2 hours on so now I have to redo the whole thing! ,I am amazed that my dog ate my homework and now I have to waste another 2 hours on it!,Contradiction,Eating someone's homework is not a praiseworthy act and if someone has to redo it and spend 2 more hours then the dog should not be praised for it but instead blamed.,Sarcasm,
4538,"There was a hair baked into one of my raviolis , super long and not mine at all.",Was pleased to find an odd hair baked into one of my raviolis and it definitely was not mine,Contradiction,"Finding a hair in food is usually considered to be gross and unappetizing, so it would not make someone pleased.",Sarcasm,
3618,My a/c went out and the repairman was not able to fix the problem.,Feeling really excited that my plans of being refreshed from the a/c has to be stalled because apparently the repairman says it needs a whole new part that he can't find,Contradiction,"Being refreshed from the a/c is a desirable thing, so having to delay it because of a broken part on the machine is definitely not cool.",Sarcasm,
2679,She melted away into the jungle softly and noiselessly.,Then she melted away into the jungle like a shadow.,Entailment,A shadow is something that is soft and noiseless.,Simile,
4393,"So this was it , the time when the event that will have a major impact and consequence will occur.",So this was it moment of truth.,Entailment,"The moment of truth is the moment or point at which some critical and decisive event action or test will occur, which is what is happening in this context.",Idiom,moment of truth
449,"If you want to gossip, leave this place immediately and drink somewhere else.","If you want to gossip, sling your hook and drink somewhere else.",Entailment,"To sling your hook means to go away, so the speaker is telling the person that if they want to gossip they should leave and go drink somewhere else.",Idiom,sling your hook
4451,I'll be totally fine and unscathed.,"Sheesh, I 'll be dead meat.",Contradiction,"To be dead meat means to be in serious trouble which may result in injury or death, but this sentence describes being totally fine",Idiom,dead meat
5990,I think I may have gotten my coworker in trouble by accidentally telling our boss that he was at the waterpark last week when he called in sick.,I feel proud that I may have gotten my coworker in trouble by accidentally telling our boss that he was at the waterpark last week when he called in sick,Contradiction,"A good coworker would not want to get their colleague in trouble and would feel guilty and absolutely no pride if they did so, even if it was by accident ",Sarcasm,
5756,Your new AI invention has made our species more advanced.,You’ve just made a breakthrough in AI that meant that our species became like landlines in the twenty-first century.,Contradiction,"Landlines are an old technology that has been replaced by newer, more advanced technologies like cell phones, making landlines obsolete not advanced",Simile,
3288,I stole money from my son's piggy bank.,I felt like the parent of the year when I stole money from my son's piggy bank.,Contradiction,"A parent is supposed to be a role model for their children and act responsibly, however, stealing money from their son's piggy bank would be the complete opposite of that.",Sarcasm,
3416,The bullet left her chest.,The bullet snuck into her chest.,Contradiction,"To sneak means to move quietly or stealthily, while to leave something means to go away from it.",Metaphor,
3777,"It's as if the sun disappeared, leaving the streets eerily quiet.","The sun is nowhere to be found, and the streets are like a ghost town.",Entailment,"A ghost town is a deserted town, so the streets being like a ghost town means that they are eerily quiet.",Simile,
3176,The windows are straight and the ceiling is sloped in the garret.,It's got a slope-roofed garret ceiling and its windows are like an old man's teeth.,Contradiction,An old man's teeth are usually crooked and not straight because teeth decay with age,Simile,
1768,The space that contained it was large.,The cavern that housed it was like an auditorium,Entailment,"An auditorium is a large room designed for lectures or performances, so the cavern must be similarly large in order to house it.",Simile,
315,I feel empowered,I feel like a lovesick schoolgirl who can not come to terms with a breakup.,Contradiction,"A lovesick schoolgirl likely feels powerless and sad, while someone who feels empowered likely feels confident and in control",Simile,
5353,The faculty meeting was peaceful.,The faculty meeting was a real war.,Contradiction,"Here, one statement suggests that there was a lot of disagreement during the meeting whereas the other suggests it was a peaceful event.",Metaphor,
5911,I really hate seeing people throw trash on the street like if it was a natural thing to do,I simply adore how people think it's okay to litter on the street like it has no consequences,Contradiction,Littering on the street is not at all adorable wrong because it creates an unsightly environment and also has the potential to harm animals or people who come in contact with it.,Sarcasm,
4804,He slumped over with his chest raised.,He raised his chest and stood like a security guard .,Contradiction,"A security guard typically stands upright with their chest out, in a vigilant posture, whereas someone who is slumped over would not be standing like a security guard",Simile,
3471,Calm down - there's no need to get enthusiastic about it.,Calm down - there's no need to get all steamed up about it.,Contradiction," To get steamed up about something means to get worked up or agitated, while to get enthusiastic about something means to be excited or eager.",Metaphor,
4669,I am not telling the truth and I refuse to swear to God about it.,cross my heart.,Contradiction,"To cross one's heart is to make a vow that one is being truthful, but this sentence contradicts that by saying the speaker is not telling the truth.",Idiom,cross my heart
190,"My son, the devious scamp, stole 50 cookies from the cookie jar tonight.","I feel so happy that my son, the genius, stole 50 cookies from the cookie jar tonight",Contradiction,A son stealing cookies from the cookie jar is not a good behavior and hence the mother cannot be happy about it.,Sarcasm,
1431,I ate my husbands leftovers while he was asleep,I am such a thoughtful wife for silently eating my husbands leftovers while he was snoring away in the bedroom,Contradiction,A thoughtful wife would try to make her husband's meal special and not just finish his leftovers while he is sleeping because that would imply that she does not care about him.,Sarcasm,
7059,"I was watching a TV show where people were eating cockroaches, I wanted to throw up.",I almost smiled when I saw people eating cockroaches on TV.,Contradiction,: The sight of people eating cockroaches is revolting and disgusting and so someone almost smiling at it cannot be possible.,Sarcasm,
4600,"Uncle Sven would become extremely angry if he found out I spend my evenings drinking with negroes, but quite frankly I don't care.","Uncle sven would go spare if he found out I spend my evenings drinking with negroes, but quite frankly I don't care.",Entailment,"To go spare means to become very angry or irritated, so Uncle Sven would be very angry if he found out about the situation.",Idiom,go spare
1835,"If the red storm came, she would be powerful.","Let the red storm set its hook, and she'd be like a swimmer in a rip current.",Contradiction,"A rip current is a powerful, dangerous current of water that can pull a swimmer out to sea, so saying someone would be like a swimmer in a rip current means they would be powerless against it",Simile,
2486,My neighbor lets his dog wonder the neighborhood freely and he keeps pooping in my yard.,I love it when my neighbor's dog poops in my yard because it makes my place smell like feces,Contradiction,The smell of feces is often considered to be very unpleasant and so someone loving it because their place smells like that is definitely sarcastic.,Sarcasm,
3980,"You will always consider my wellbeing for the rest of our days, I can see it already.","You will run roughshod over me for the rest of our days, I can see it already.",Contradiction,"To run roughshod over someone means to act without considering their wellbeing, but the speaker sees the opposite happening where is wellbeing will be taken care of",Idiom,run roughshod
2636,The tale is old.,The tale is as old as a newborn kitten,Contradiction,"A newborn kitten is very young, implying that the tale is also very young, or not old",Simile,
3229,She was saddened by his refusal of her invitation.,She was crushed by his refusal of her invitation.,Entailment,Crushed means she was very sad and disappointed by his refusal.,Metaphor,
5012,"Well, I've heard your sausages are extremely attractive, enjoyable, and desirable, Aiden replied, with a smile.","Well, ive heard your sausages are to die for, aiden replied, with a smile.",Entailment,"To die for means that something is extremely attractive, enjoyable, or desirable.",Idiom,to die for
3785,It is beautiful,Its like a hundred million fireflies dancing around just for us.,Entailment,A hundred million fireflies dancing would be an incredibly beautiful sight.,Simile,
1270,"I thought it was ridiculously dumb-i mean, why not continue trying in a failing situation after the first fricking divorce?.","I thought it was ridiculously dumb-i mean, why not cut your losses after the first fricking divorce?",Contradiction,"To cut your losses means to leave a failing situation before it gets worse, but the sentence suggests continuing trying in a failing situation",Idiom,cut your losses
2116,Of the happy days that occurred afterward.,"Of the happy days that  followed  ,",Entailment,followed  means came after,Metaphor,
2810,I was very angry in the subway when someone who wanted to get off at the very last minute pushed me and made me fall.,I was so thrilled when someone decided to push me and made me fall in the subway,Contradiction,Falling in the subway is not a good experience and getting pushed by someone would only aggravate the situation.,Sarcasm,
5842,"Even though he was thin, he looked attractive.","Having a thin figure, he looked like a dry, overgrown blade of grass.",Contradiction,"A dry, overgrown blade of grass is not attractive, it is scraggly and brown",Simile,
5978,Although I'm on facebook and twitter if you want to chat casually anytime hope you 'll get in touch soon!,Although I'm on facebook and twitter if you want to shoot the breeze anytime hope you 'll get in touch soon!,Entailment,"To shoot the breeze means to chat aimlessly or casually, which is what the person wants to do if the other person gets in touch soon.",Idiom,shoot the breeze
3308,They were all graduates and had a lot of experience working in various capacities and not just student jobs.,"They were all graduates and apart from some student jobs, had never been at the coalface.",Contradiction,"To be at the coalface means to be engaged in work at an active level, but this sentence describes them having a lot of experience working in various capacities",Idiom,at the coalface
4949,I have been diagnosed with psoriatic arthritis and the pain is horrible.,I am feeling great because the pain from psoriatic arthritis is unbearable,Contradiction,Psoriatic arthritis is a painful condition and so feeling great because of it is definitely not the norm.,Sarcasm,
3337,I let my dad borrow my car and he got in an accident making my insurance rate increase.,"I was absolutely thrilled when my dad borrowed my car and got into an accident, which then made my insurance rate increase",Contradiction,No one would be thrilled when their dad borrows their car and gets into an accident because it would mean that the person would have to pay more money for insurance and also have to deal with the hassle of repairing the car.,Sarcasm,
3249,"And yet, I was still considering entering into a legal marriage that would happen primarily or solely because we loved each other very much with a billionaire who wanted to spank me.","And yet, I was still considering entering into a marriage of convenience with a billionaire who wanted to spank me.",Contradiction,"A marriage of convenience is a legal marriage that happens primarily or solely for practical purposes, but this context describes a marriage happening because of love.",Idiom,marriage of convenience
1493,I robbed my coworker wallet last week.,I feel proud about the fact that I stole my coworker's wallet last week,Contradiction,Stealing is an immoral act and so feeling proud about it would be unlikely and most people would instead feel guilty or ashamed.,Sarcasm,
5545,Panic is sweeping through the streets slowly,Panic is sweeping through the streets like an ambitious virus.,Contradiction,"A virus is known to spread quickly and be ambitious in its goal to infect as many hosts as possible, whereas if something is sweeping through the streets slowly, it is not ambitious",Simile,
6209,Jonathan got all his strengths from abundant happiness in his life.,Jonathan drowned in a sea of grief.,Contradiction,"The two statements are contradictory because one states that Jonathan drowned in a sea of grief, which would suggest that he was not happy, while the other states that he got all his strengths from abundant happiness in his life.",Metaphor,
6237,I felt bad for not taking a gift to a party i went to yesterday,I felt like such a good person for not taking a gift to the party I attended yesterday and making everyone feel awkward.,Contradiction,Not taking a gift to a party can often make people feel awkward because it is not the norm and so someone feeling like they are a good person for doing is absurd.,Sarcasm,
5378,My son laid down in the middle of the floor and started screaming when I refused to buy him a toy at Walmart.,My son put up the most beautiful act at Walmart when I refused to buy him a toy and laid down in the middle of the floor screaming.,Contradiction,Laying down on the floor and screaming when someone refuses to buy you a toy is not a good way to behave and is actually very irritating and embarrassing.,Sarcasm,
3354,I woke up to find my wallet missing.,Isn't it amazing to wake up only to find your wallet being stolen and all your money missing?.,Contradiction,No one would want to wake up to find their wallet stolen and all their money missing because it is a very unpleasant and scary experience.,Sarcasm,
6567,I felt very lonely when my partner decided to leave me for someone else.,The feeling of being so alone when my partner decided to leave me was really a heavenly experience.,Contradiction,The feeling of being alone is often not a good one and very difficult and so someone describing it as being heavenly experience is not accurate.,Sarcasm,
4044,I snuck out of bed the other night and ate someones food.,I feel proud about the fact that I snuck out of bed the other night and ate someones food,Contradiction,Sneaking out of bed to eat someone's food is not something to be proud of because it shows a lack of respect for the other person's belongings/ objects,Sarcasm,
297,"He was frustrated and surprised, that he'd been locked in the trunk by this muscle-headed jackie chan.","for crying out loud, he'd been locked in the trunk by this muscle-headed jackie chan.",Entailment,"For crying out loud is an expression of frustration or surprise, which is how he felt after being locked in the trunk.",Idiom,for crying out loud
4950,These contractors are fixing the roof and they are so messy,It makes me so happy how these considerate contractors are making a mess and not cleaning up after themselves,Contradiction,Contractors who do not clean up after themselves are being inconsiderate and so someone being happy about it is not justified.,Sarcasm,
4548,I thought the crowd might applaud uproariously for an extended period of time if the boys didn't go back out there.,I thought the crowd might bring the house down if the boys didn't go back out there.,Entailment,"To bring the house down means to perform so successfully as to cause the audience to erupt in applause or cheers for a long time, which is what the crowd would do if the boys went back out.",Idiom,bring the house down
5369,I called into work and told them I was sick and left them short handed.,I am absolutely a reliable employee because I called into work and told them I was sick and then proudly left them short handed,Contradiction,Calling into work and telling them you're sick when you're not is considered to be lying and irresponsible since it causes inconvenience to the workplace and isnt something a reliable employee would do.,Sarcasm,
3842,I can't believe my ex won't just move on.,I love how my ex-boyfriend is incapable of moving on and finding someone new,Contradiction,Being incapable of moving on and finding someone new is not a good thing because it indicates that the person is still hung up on the past relationship and has not moved on.,Sarcasm,
5976,My car just stopped working right before I was about to go on a big road trip.,"I was so excited to go on this road trip and my car just decides to break down right before which was like, so helpful.",Contradiction,A car breaking down right before a road trip is really unfortunate and not at all helpful because it just means a lot of inconvenience.,Sarcasm,
635,"It opened its mouth and screamed, revealing rows of tiny sharp teeth and clawing at jason's muzzle as jason tried to stay calm and in control with his own teeth.","It opened its mouth and screamed, revealing rows of tiny sharp teeth and clawing at jason's muzzle as jason tried to get a grip with his own teeth.",Entailment,"To get a grip means to control one's reactions or emotions, which is what Jason is trying to do by staying calm.",Idiom,get a grip
1404,I am so mad at my cable company because my internet and TV keeps going out and their technicians are incompetant!  ,I am so pleased with my cable company because their incompetent technicians are of no help as the internet and TV keeps going out,Contradiction,"The technicians from the cable company here are incompetent and hence are not able to fix the frequent internet and TV issues, which results in the customer being frustrated instead of pleased.",Sarcasm,
611,The tears both cheered her up and made her feel worse at the same time.,The tears cut both ways.,Entailment,"To cut both ways means to have good and bad effects at the same time, and in this sentence the tears made the person feel both better and worse.",Idiom,cut both ways
5349,I failed my final exam for math last semester.,I feel amazing that I bombed my math final exam and got a 0%,Contradiction,Getting a 0% on a math final exam is not something anyone would be feel amazing about because it means they did very poorly and failed the exam.,Sarcasm,
3164,Her blue-grey eyes became fierce as she stared at the three humans.,Her grey blue eyes gaze at the three men became like a grey ironed dagger .,Entailment,"A grey ironed dagger is a weapon that is both hard and sharp, indicating the fierce and potentially vengeful nature person of the persons gaze",Simile,
4819,Time to stop proving that my words have meaning and significance.,Time to walk the talk.,Contradiction,"To walk the talk means to back up one's talk with actions, but the speaker plans to stop doing that.",Idiom,walk the talk
729,He's busy.,He's busy as a sloth,Contradiction,"A sloth is a slow-moving mammal, so saying someone is busy as a sloth means they are not busy",Simile,
899,Everything is in perfect order and working as intended.,All shipshape and bristol fashion.,Entailment,Shipshape and bristol fashion means that everything is in perfect order and functioning as it should be.,Idiom,shipshape and bristol fashion
6608,"Even though I knew the act was fake, it was still a good performance that got my heart racing.","It was a good performance that got my heart racing, even though I knew the act was like a street bought rolex.",Entailment,"A street bought rolex is a fake rolex, so the simile is saying that even though the act was fake, it was still a good performance.",Simile,
2522,I once was at a party and I saw a person throw up all over another person.,The most beautiful thing I have ever seen was when somebody puked all over another person at a party,Contradiction,Seeing someone vomit is often a disgusting and unappealing sight and so finding it charming cannot be justified.,Sarcasm,
1193,I was staring straight to the dull sun.,I was staring straight into the shining sun.,Contradiction,"The shining sun is typically seen as a symbol of hope or happiness, while the dull sun is seen as a symbol of depression or despair.",Metaphor,
5730,They were really disappointed and thus cried a lot.,Then they cried a sea of tears.,Entailment,A sea of tears means they cried a lot.,Metaphor,
3478,"Playing the same sort of game with lee porter as the outcome was a far more dangerous prospect, and one she would not try to change or get involved in so as to avoid unintentionally causing problems.","Playing the same sort of game with lee porter as the outcome was a far more dangerous prospect, and one she would leave well alone.",Entailment,"To leave well alone means to refrain from changing or becoming involved in something so as to avoid unintentionally causing problems, which is what she would be doing if she played the same game with lee porter as the outcome.",Idiom,leave well alone
3653,They were lacking any desire.,They were burning with desire.,Contradiction,"To be burning with desire means to be very passionate or eager, while to be freezing with desire means not to feel any desire.",Metaphor,
1826,After working two years for the company she finally got her long-awaited promotion.,After working two years for the company she was burned out.,Contradiction,"These two statements contradict each other because if the woman was burned out after working for the company for two years, she would not have gotten a promotion.",Metaphor,
251,All my money in my bank got stolen due to fraud and I am so mad.,I am happy that my hard-earned money got stolen because of fraud and it makes me so delighted,Contradiction,Money getting stolen because of fraud is not a good thing and so someone being happy about it is very unreal,Sarcasm,
3876,I run and hide from thunderstorms.,I get so relaxed when thunderstorms come because that means lightning and I totally want to get struck by lightning.,Contradiction,"Most people are afraid of thunderstorms and usually run or hide because they often come with lightning, which is a very dangerous phenomenon, so someone who says that they get relaxed during thunderstorms is not being truthful because.",Sarcasm,
3150,The sky drained of rosy splendor.,The sky flushed with rosy splendor.,Contradiction,The word flushed is used typically to mean something that is full of color and vibrancy while drained represents empty or devoid of color.,Metaphor,
1735,The knocking had become more confident and assertive.,"The knocking on the door was more assertive now, more like a herald's declaration.",Entailment,"A herald's declaration is a formal announcement, often made with confidence and authority.",Simile,
811,I really do not like being around rats they scare me.,Rats make me feel joy and make me grateful for being alive.,Contradiction,Rats are considered to be dirty and disease-carrying creatures and so someone finding joy in them is absurd.,Sarcasm,
3213,Other organizations could not be incorporated but could still be brought within the Central Office orbit .,Other organizations could not be absorbed but could still be brought within the Central Office orbit .,Entailment,Other departments could not be absorbed means that they could not be incorporated under the same umbrella.,Metaphor,
2680,He neglected the costs for the accident.,He shouldered the costs for the accident.,Contradiction,"To shoulder something means to take responsibility for it, while to neglect something means to disregard or pay no attention to it.",Metaphor,
7098,My light bill was super high.,Love spending 500$ to pay a light bill at the beginning of the month. Inspires me to stay up late  with all the lights on while I'm asleep.,Contradiction,"Paying an expensive light bill  due to misuse of electricity can be hard and so someone spending 500$ on it is not something to be inspired by, but rather discouraged.",Sarcasm,
2963,When my ex boyfriend of over 4 years suddenly just up and left me for another woman I didnt know what to do with myself.,"After my ex-boyfriend of over 4 years left me ruthlessly for another woman, I felt so much peace and happiness.",Contradiction,"When someone is left by their partner after being in a relationship for a long time, it is natural to feel hurt, angry and upset and so feeling peace and happiness is definitely not an appropriate response.",Sarcasm,
4894,They were always upfront that they are germans.,they never mentioned being germans.,Contradiction,"Being German refers to their nationality, and it was something they were always upfront about, suggested in one statement, which is contradicted by the other.",Metaphor,
5089,My skin was warm,My skin was like a february morning.,Contradiction,February mornings are cold since it is the middle of winter so skin can't be warm,Simile,
1447,I have to go to court soon for a drunk driving incident and I am so scared.,I'm so looking forward to going to court soon because of the drunk driving incident.,Contradiction,The experience of going to court for a drunk driving incident is usually not a good one owing to the fact that it can lead to jail time or a huge fine and so someone who is looking forward to it is not being real.,Sarcasm,
4863,"She might look ruthless to the human eye, Sean could tell that she was full of shame for being stern with such a dishonest man.","She might look ruthless to the human eye, but sean could tell she was full of shame at being so stern with a man like a persistent puppy.",Contradiction,"A puppy is typically thought of as being cute, innocent, and honest, while a dishonest man is two-faced and not to be trusted",Simile,
7002,I want you to go throughout the palace and communicate that sadi has been rehabilitated and that I've reinstated him.,I want you to go throughout the palace and spread the word that sadi has been rehabilitated and that I've reinstated him.,Entailment,"To spread the word means to disseminate a specific piece of information, which is what he wants her to do regarding the news of sadi's rehabilitation.",Idiom,spread the word
7180,I had my friend over and my family made me feel very uncomfortable.,It was really fun to have my friend over and feeling really weird and out of place because of my family.,Contradiction,"Having a friend over to one's house is usually a positive experience, but if the friend feels weird and out of place then it would be a negative situation for them and not fun",Sarcasm,
5160,This guy is about to succeed.,This guy is about to bite the dust.,Contradiction,"To bite the dust means to fail, but in this sentence the guy is about to succeed.",Idiom,bite the dust
2798,There was no denying that Paul was nice.,"Paul was nice, no two ways about it.",Entailment,"To have no two ways about it means that there is no choice or alternative interpretation, so in this context there is no denying that Paul is nice.",Idiom,no two ways about it
7476,I get so ticked off when I see people leave their grocery carts in the middle of the parking lot.,I love it when I see people leaving their grocery carts in the middle of the parking lot,Contradiction,"People who leave their grocery carts in the middle of the parking lot are being inconsiderate and creating a mess, so seeing them do that does not evoke feelings of love but rather annoyance.",Sarcasm,
280,I think a physical punishment involving six strikes from a paddle or cane is not appropriate.,six of the best is more in order I think.,Contradiction,"Six of the best is a physical punishment involving six strikes from a paddle or cane, but the context is saying that this punishment is not appropriate.",Idiom,six of the best
3425,I was trying to use my smart tv to watch a movie but my internet kept disconnecting.,I was so cheerful that my smart tv movie watching experience was ruined by my super reliable internet connection,Contradiction,"Having a super reliable internet connection is supposed to make movie watching on a smart tv an enjoyable experience, but if it was ruined then that means it was not reliable at all and hence not satisfactory.",Sarcasm,
7432,The project is well thought and directed very well.,The problem with the project is that it is all smoke and mirrors.,Contradiction,"The idiom smoke and mirrors is used to describe trickery or deception, but this context describes the project as being well thought and directed",Idiom,smoke and mirrors
3200,You have to hope that the blankess will be gone and life will be better.,You have to hope that its blankness will slowly dissolve and let life in .,Entailment,To dissolve means to make the thing disappear and to let something in means life will be better,Metaphor,
3242,Navigating fantasy Japan has proven very easy.,Navigating fantasy Japan has proven like understanding hieroglyphics while drunk,Contradiction,"Hieroglyphics are an ancient form of writing that is very difficult to understand, so saying it is like understanding hieroglyphics while drunk would imply it is very difficult",Simile,
6284,"But times are hard, and silver bullets are cheap.","But times are hard, and silver bullets are like polished diamonds these days.",Contradiction,"A diamond is a very precious, expensive stone",Simile,
6220,Of that faint fragrance stagnating in her soft hair.,Of that faint fragrance spiraling from her soft hair.,Contradiction,"To spiral means to coil or wind around something in a continuous or consistent manner, while to stagnate means to become motionless or inactive.",Metaphor,
1966,"Er... well, to speak frankly, yes, I said.","Er... well, not to put too fine a point on it, yes,I said.",Entailment,"To not put too fine a point on it means to speak bluntly, which is what the speaker does in this context.",Idiom,not to put too fine a point on it
7151,The library grew back ugly,The library grew back like a persistent garden.,Contradiction,"A garden is something that is beautiful, so it would not make sense for it to say that the library grew back ugly",Simile,
353,And naughty girls will not have to suffer punishment.,And naughty girls will have to walk the plank.,Contradiction,"To walk the plank means to suffer punishment, but this context states that naughty girls will not have to suffer punishment.",Idiom,walk the plank
7521,I am sick of the fact that my mom makes me babysit my nephew all the time.,I love the fact that my mom expects me to babysit my nephew all the time,Contradiction,"Most people do not like being asked to babysit, especially when it is a regular occurrence, because it takes up their time and interferes with their personal lives.",Sarcasm,
3076,I broke my coffee maker today and I'm so mad because I can't make coffee.,I am so happy that I broke my coffee maker and can't make coffee now,Contradiction,Most people need coffee to get through the day and function properly and so breaking the coffee maker would only give someone a hard time rather than making them happy.,Sarcasm,
5815,Milton scrunched his eyes and moodily turned back to his computer helpless,Milton scrunched his eyes and moodily turned back to his computer like a man in a sailless boat without oars.,Entailment,"A man in a sailless boat without oars is helpless and has no way to move forward, which is what Milton is doing when he turns back to his computer.",Simile,
106,It was all so very sturdy.,It was all so very like a miniature skyscraper .,Contradiction,"A skyscraper is a large, tall, and often very efficient building, so a miniature skyscraper would be a small, building  that presents very little resistance to a flow of air or water and not sturdy.",Simile,
4356,"Dylan hadnt remotely lost his energy or motivation or enthusiasm to continue, and my latest escapade was only the tip of the iceberg where his temper was concerned.","Dylan hadnt remotely run out of gas, and my latest escapade was only the tip of the iceberg where his temper was concerned.",Entailment,"To run out of gas means to lose one's energy or motivation to continue, and in this context Dylan had not remotely lost any of his energy or motivation.",Idiom,run out of gas
386,"Despite lack of activities in the first 40 minutes , Arsenal seemed reasonably secure if not inspired .","Despite many and varied flurries of activity in the first 40 minutes , Arsenal seemed reasonably secure if not inspired .",Contradiction,"Despite many and varied flurries of activity in the first 40 minutes refers to a period of time when there was a lot going on, while lack of activities mean there was not much going on.",Metaphor,
2523,She wore a bright yellow dress on that day.,She was dolled up yellow that day.,Entailment,Dolled up means to dress up in a fancy or colorful way.,Metaphor,
3898,My wife asked me to clean the house while she was away for a few days and I ended up wasting my time playing video games instead.,I feel so proud that I played video games instead of cleaning the house like my wife asked me to.,Contradiction,"Playing video games is a waste of time because it does not involve any productive task and in contrast, cleaning the house is a chore that needs to be done and so one should not feel proud.",Sarcasm,
4352,"Neither of them would acknowledge they are winning, so it was a macho-man contest now to see who could ride the biggest wave for the longest amount of time.","Neither of them would cry uncle, so it was a macho-man contest now to see who could ride the biggest wave for the longest amount of time.",Contradiction,"To cry uncle means to admit defeat or plead for mercy, but in this sentence they are acknowledging they are winning.",Idiom,cry uncle
5040,His mouth tasted sweet when he kissed me.,The taste of his mouth on my lips was like a freshly opened pack of bubble gum.,Entailment,"When you first open a pack of gum, the gum is usually very sweet.",Simile,
3960,"Good, I'll see you sometime in the afternoon tomorrow.","Good, ill see you two bright and early tomorrow.",Contradiction,"To see someone bright and early means to see them very early in the morning, but this sentence describes seeing them sometime in the afternoon",Idiom,bright and early
5497,He was clumsy.,He was like a jungle predator.,Contradiction,"A jungle predator is a creature that is stealthy and quick, so it would not be clumsy",Simile,
6344,The world turned blue,The world turned like a fantastic voyage inside a volcano.,Contradiction,"A volcano is red and hot on the inside, so the world turning like a volcano would imply it is red and hot, not blue",Simile,
7257,"Well, maybe not nutty, let's say not at all fun loving.","Well, maybe not nutty, lets say fun loving to the max.",Contradiction,"To the max means to the highest level or degree, but in this context it is describing someone who is not at all fun loving.",Idiom,to the max
950,I let my dad borrow my car and he got in an accident making my insurance rate increase.,"I was totally pleased when my dad borrowed my car and got into an accident, which then made my insurance rate increase",Contradiction,No one would be pleased when their dad borrows their car and gets into an accident because it would mean that the person would have to pay more money for insurance and also have to deal with the hassle of repairing the car.,Sarcasm,
2826,"And he handed them each a warm pie and small amount of beer from his own jug, then left them to eat while he rearranged his wares.","And he handed them each a warm pie and small beer from his own jug, then left them to eat while he rearranged his wares.",Entailment,"To give someone small beer is to give them a tiny, trifling amount of beer.",Idiom,small beer
4496,I am so mad that someone stole my identity and cleared out my bank account and maxed out my credit cards.,I am absolutely thankful that someone decided to steal my identity and wreck my credit score,Contradiction,"Identity theft is a serious crime that can have long-term consequences for the victim, so to be thankful for it is absurd.",Sarcasm,
1503,I'm so mad at my sister because she always talks bad things about me behind my back,I absolutely adore my sister because she always talks shit about me behind my back,Contradiction,"Sisterly love is supposed to be supportive and kind, so someone who talks shit about their sister behind her back does not reciprocate those feelings and hence does not adore her.",Sarcasm,
700,I was sitting eating dinner when all of the sudden my cat jumped on the kitchen table and knocked over my food!,I was sitting eating dinner when my cat jumped on the kitchen table and knocked over my food! How thoughtful of him!,Contradiction,"Cats are often known to be unhygienic and jump on tables where food is present which can lead to the food being contaminated and so, when someone's cat does this, it is not thoughtful at all.",Sarcasm,
3484,I was at a restaurant tonight and watched this man eat 5 plates of foods from the buffet.,I am glad I watched a man gorge on 5 plates of food from the buffet because it makes me feel healthy.,Contradiction,"Seeing someone else eat a lot of food usually does not make people feel healthy, but instead might make them feel guilty about their own eating habits or lack thereof",Sarcasm,
2031,"Don't try to make me feel better about the already bad situation, he grumbled.","rub it in, why don't you ,he grumbled.",Contradiction,"To rub it in means to make someone feel worse about an already bad situation, but the speaker is asking for the opposite.",Idiom,rub it in
5407,She spins slowly and lethargically .,She spins like a suspended ballerina .,Entailment,"A ballerina suspended in the air is spinning slowly and lethargically, so her spin is slow.",Simile,
1581,"I do remember and take into consideration, doctor.","I do bear that in mind, doctor.",Entailment,"To bear in mind means to remember and consider something when making a decision or before taking action, which is what the speaker is doing.",Idiom,bear in mind
4732,That opportunity may be still possible and not over.,That opportunity may be dead in the water.,Contradiction,"If something is dead in the water, it is completely over and unable to function or move, but this sentence describes a situation where the opportunity is still possible",Idiom,dead in the water
6592,"Yet as the days would pass, the user would become increasingly content.",Yet as the days would pass the user would become more like a lost student.,Contradiction,"A lost student is someone who is struggling and not content, whereas if the days are passing and the user is becoming increasingly content, they are not becoming more like a lost student",Simile,
3302,We can fail to communicate with the glasgow police in five minutes.,We can get in touch with the glasgow police in five minutes.,Contradiction,"To get in touch with someone means to establish communication with them, but in this sentence they would fail to communicate.",Idiom,get in touch
944,She was agitated,She was like a tranquil lake inside now,Contradiction,"A lake is still and calm, while someone who is agitated is not still or calm",Simile,
2627,"She was about my age, but her lost-child expressions gave the impression of her being nothing more than a inexperienced and naïve person.","She was about my age, but her lost-child expressions gave the impression of her being nothing more than a babe in arms.",Entailment,"A babe in arms is a person who is gullible, naïve or lacks experience, which is how she is being described in the sentence.",Idiom,babe in arms
2377,"The sale of the house was delayed, which was not unexpected at all.","£45,000 was the asking price and I was not surprised that the sale , so to speak , hung fire .",Entailment,To hang fire  means  to be delayed or postponed .,Metaphor,
47,I bought a exercise bike and it just sits in the corner.,Bought an exercise bike and feel really accomplished now that it just collects dust in the corner,Contradiction,Owning an exercise bike is not a praiseworthy thing if it is never used and instead just collects dust in a corner.,Sarcasm,
1174,"It really makes me sad to think there are people who treat animals like trash, animal cruelty is a really serious matter",It fills my heart that there are people who discard animals like they are trash and don't care about the immense suffering they endure,Contradiction,People who discard animals like they are trash and don't care about their immense suffering are not good representatives of the human race and so it cannot fill someone's heart.,Sarcasm,
6585,"they were speaking while the night was just departing,","While they spake , the night  departed  :.",Entailment,"When the night departs, it gets too late.",Metaphor,
7325,Asked my crush out and she said no.,I am so glad that my crush decided to turn me down when I asked her out on a date.,Contradiction,The person who got turned down probably feels disappointed and embarrassed and so to be glad about it is unrealistic.,Sarcasm,
1890,"Hearing it very quietly, katherine felt proud being part of it despite her only contribution being that of providing the investor.",Hearing it full whack katherine felt proud being part of it despite her only contribution being that of providing the investor.,Contradiction,"To hear something at full whack means to hear it at the highest possible volume, but in this sentence katherine heard it very quietly",Idiom,full whack
4358,I feel guilty as a parent because I don't like to participate in a lot of my children's school activities. ,I feel proud of my parenting because apparently I don't have enough time to participate in my children's school activities and make them feel loved,Contradiction,"Most parents try to participate in their children's school activities and making them feel loved, so someone who does not have enough time for that cannot be proud.",Sarcasm,
3482,"I've been riding all over the area for the last ten hours, he said, taking the cloth from her and tossing it onto the bed.","I've been riding up hill and down dale for the last ten hours,he said, taking the cloth from her and tossing it onto the bed.",Entailment,"To ride up hill and down dale means to ride all over the area, which is what he did for the last ten hours.",Idiom,up hill and down dale
1405,I have a dog that lives near us and his owner never picks up his poop.,I just adore the fact that the dog owner never picks up his dog's poop and it's right by our house.,Contradiction,A lot of people find it disgusting and irritating when they have to step in dog poop and the fact that the dog owner never picks it up shows a lack of responsibility on their part and isn't an adorable trait.,Sarcasm,
7097,"Here, I told the truth but was wrongfully accused .","And truth exalted, and righted wrong.",Entailment,"And truth exalted, and righted wrong means that even though I was telling the truth, I was still accused.",Metaphor,
636,"Meredith,"" he said, sounding unsurprised.","meredith,"" he said, and he sounded like an elderly relative who just heard you say ""fuck"" for the first time.",Contradiction,And elderly relative hearing an obscenity would be surprised and shocked since they would expect more respectful attitude due to their old age,Simile,
1959,I was walking home when a car drove through a huge puddle near the sidewalk making me completely drenched,I was walking home when a car drove through a huge puddle near the sidewalk making me completely delighted,Contradiction,A car driving through a huge puddle near the sidewalk can cause someone to get wet and dirty and so feeling delighted towards the driver is misplaced.,Sarcasm,
4316,Hardy was grouchy by the time sixth period photography came around.,"By the time sixth period photography rolled around, hardy was like a bear with a thorn in its paw.",Entailment,"A bear with a thorn in its paw is in pain and will be grouchy, similarly Hardy was in pain and grouchy by the time photography came around.",Simile,
5124,"In my opinion, coincidences didn't really exist",in my book coincidences didn't really exist.,Entailment,"In my book means according to someone's opinion, judgment or values and the speaker is saying according to their opinion coincidences does not exist.",Idiom,in my book
6141,She stuttered into the microphone and was unable to speak clearly.,She tended to blast when speaking into a microphone.,Contradiction,Blast is defined as to speak or shout loudly and forcefully while stutter is defined as to speak with pauses or interruptions.,Metaphor,
3778,"If a great deal of labor would be required to realize such a project, dragon strength could not finish and would take huge amount of time to dispose","If a great deal of labor would be required to realize such a project, dragon strength could make light work of that.",Contradiction,"To make light work of something is to deal with it quickly or handily, but in this context the dragon strength would not be able to do that and it would take a huge amount of time",Idiom,make light work of
3498,I procrastinated and didn't do the dishes for a couple days now and fungus started to grow on some of the old food,I'm so excited that fungus started to grow from the old food because I left the dishes for a couple days.,Contradiction,Seeing fungus grow from old food is disgusting and certainly not something to be excited about.,Sarcasm,
1207,"Hopefully, my characters will be disliked for a long time.","Hopefully, my characters will stand the test of time.",Contradiction,"To stand the test of time means to be well regarded and last for a long time, but in this context the characters are hopefully going to be disliked",Idiom,stand the test of time
2715,Don't listen to me because I have no idea what I am talking about.,Come take it from me.,Contradiction,"To take it from me means to believe me because I have experience with what I am talking about, but in this context the speaker is saying that the listener shouldn't believe him because he has no idea what he's talking about.",Idiom,take it from me
4855,I saw my boyfriend with another girl yesterday and they were sitting shoulder to shoulder next to each other! ,The sight of my boyfriend sitting next to another girl and looking really happy made me feel insanely loved,Contradiction,"Seeing one's boyfriend sitting next to another girl and looking happy would usually invoke feelings of jealousy and insecurity in most people, so someone feeling insanely loved at that sight is simply not realistic.",Sarcasm,
5717,I stepped in gum someone spit on the sidewalk.,"Delighted to have stepped in the grossest thing ever, someone's spitted gum on the sidewalk.",Contradiction,Stepping in something gross is never a delight and so finding gum on the sidewalk would be the worst thing possible.,Sarcasm,
3813,I was put in jail and felt really ashamed when my parents found out.,I felt like the ideal son when my parents found out I was put in jail.,Contradiction,"Being put in jail is not a good thing and is often seen as a failure or a disgrace, therefore it cannot make someone feel like the ideal son but rather ashamed",Sarcasm,
5079,I tried to resolve their fight.,I tried to tide things over between them.,Entailment,Tide things over means to try to improve or make a situation better temporarily.,Metaphor,
1236,You bunk with sharonette until ugly thing is completely and permanently gone as we southerns like to quote.,You bunk with sharonette until ugly thing is gone with the wind as we southerns like to quote.,Entailment,"To be gone with the wind means to be permanently and completely gone, and in this context the ugly thing is being described as such.",Idiom,gone with the wind
4510,"The threat was now coming at him quickly, and Terry's eyes changed in response.",Terrys eyes changed to the threat now coming at him like a freight train.,Entailment,"A freight train is a very large and very fast object, so the threat must be coming at him quickly for this comparison to make sense.",Simile,
1827,We'll never know unless we don't try it out.,We 'll never know unless we give it a whirl.,Contradiction,"To give it a whirl means to try something out, but in this sentence not trying it out is the only way to know.",Idiom,give it a whirl
7415,"To start with, it's the content you create that makes the real difference.","when all is said and done, it's the content you create that makes the real difference.",Contradiction,"The idiom when all is said and done is used to describe when everything is finished and settled, but this context is describing how the content you create is the most important thing from the start",Idiom,when all is said and done
4039,All the water that looks like blood!.,All the water  flushed  with crimson !.,Entailment,Flushed with crimson means the water is red like blood.,Metaphor,
1664,The moon absorbed back at itself from the lake’s surface,The moon winked back at itself from the lake’s surface.,Contradiction,The moon winked back at itself means that the moon was reflecting the light which is contradicted by the suggestion that the moon absorbed back the light.,Metaphor,
3261,She was trying to push the wall with all her strength.,She hailed against the wall with all her strength.,Entailment,Hailing against the wall means to hit the wall with all her strength.,Metaphor,
5154,When I go to the mall to buy clothes I always feel so envious of others who are buying expensive items.,I feel amazing when I go to the mall and see people buying really expensive clothes while I can't even afford one item.,Contradiction,Seeing people spending a lot of money on clothes while one cannot afford to buy anything displays feelings of inadequacy and envy.,Sarcasm,
475,"If a great deal of labor would be required to realize such a project, dragon strength could finish or dispose of very quickly or handily.","If a great deal of labor would be required to realize such a project, dragon strength could make light work of that.",Entailment,"To make light work of something is to deal with it quickly or handily, which is what the dragon strength would be able to do.",Idiom,make light work of
6490,I broke my mothers vintage tea pot.,I was ecstatic when I accidentally broke my mothers vintage tea pot,Contradiction,Accidentally breaking something valuable and important to someone is not a good thing and so feeling ecstatic about it is contradictory.,Sarcasm,
191,All allegiance to the oaths of homage  is long gone by this time.,Oaths of homage fiercely succeeded.,Contradiction,"An oath of homage is a solemn pledge of allegiance, while to have long gone the allegiance means that it is no longer relevant or important, or the people who took the oaths are not very sincere anymore.",Metaphor,
5104,"I went to buy a 42 inch tv at walmart, the billboard says 299 usd, it was at 399 usd after taxes.",The fact that I went to buy a 42 inch TV at Walmart and found out the price was raised from $299 to $399 after taxes made me really excited,Contradiction,A 42 inch TV at Walmart was originally priced at $299 but the taxes made the price go up to $399 which means that the customer is getting ripped off.,Sarcasm,
2471,You're only noticed when you're dead.,"Nobody notices until your body is found, like a gray frostbitten log.",Entailment,"A log is something that is lifeless, so the simile is emphasizing that the person is only noticed when they are no longer alive.",Simile,
5397,The things that come in between the two are unpleasant,The things that wait in between the two are like Scylla and Charybdas.,Entailment,Scylla and Charybdas are two sea monsters in Greek mythology who were known for devouring sailors.,Simile,
1271,Last month I found out my son decided to drop out of college without telling me.,I was thrilled when I found out last month that my son decided to drop out of college without telling me,Contradiction,Parents usually want their children to do well in school and graduate which is why finding out that one's son has dropped out of college without even informing them would not make the parent thrilled but rather disappointed.,Sarcasm,
2789,"Then go down to the stores, and take your time!.","Then go down to the stores, and make it snappy!",Contradiction,"To make it snappy means to do it quickly, but the contradiction is telling the person to take their time.",Idiom,make it snappy
7041,"I wanted to get money, but the ATM started.","I wanted to get money, but the ATM surrendered.",Contradiction,"To surrender means to give up or yield, while to start means to begin or commence.",Metaphor,
1668,What-the-hell was right: looming behind them was a boxy building tall as a church steeple looking unadorned,"What-the-hell was right: looming behind them was a boxy building tall as a church steeple, resembling a recycling bin.",Entailment,"A recycling bin is a plain, functional object, whereas a church steeple is ornate and decorative.",Simile,
5276,"Are you going to ask your question, or are you going to suddenly stop talking about your love affair with your backside?","Are you going to ask your question, or are you going to go on and on about your love affair with your backside?",Contradiction,"To go on and on means to continue or speak for a tedious or exasperating length of time, but the sentence describes the person stopping suddenly",Idiom,go on and on
5110,The game is boring,The game is as fun as a grey park,Entailment,"A grey park is a dull, uninteresting place - in other words, it is boring.",Simile,
4443,My friend just told me they're going to tour Asia on an expensive trip.,I am totally stoked and not envious at all for my privileged friend spending a lot of money on their upcoming trip to Asia,Contradiction,"It is human nature to feel envious when someone else, especially a friend, is spending a lot of money on something, in this case, a trip to Asia",Sarcasm,
5318,"Pieter zoomed in on the gps chart to verify the course and verified the direction by using an alternative source, which was the large oil compass just behind the helm stand.",Pieter zoomed in on the gps chart to verify the course and cross checked the direction with the large oil compass just behind the helm stand.,Entailment,"To cross check means to verify figures or information by using an alternative source, which is what Pieter did by checking the direction with the large oil compass.",Idiom,cross check
6272,The resemblance was expected .,The resemblance was like a really good caricature .,Contradiction,"A caricature is an exaggerated or distorted portrait, usually done for comic effect, so if the resemblance is like a caricature, it is ucanny",Simile,
2778,My boyfriend talks to his female friend more than me,I feel really so important when my boyfriend talks more to his female friend than me,Contradiction,"When a boyfriend talks more to his female friend than his girlfriend, it implies that the girlfriend is not important which would cause her to feel bad.",Sarcasm,
7333,The instrument was easy to learn,The instrument was as easy to learn as astrophysics,Contradiction,"Astrophysics is a very complex subject, hence it would be inaccurate to say that the instrument was easy to learn",Simile,
3847,Theon Greyjoy was very familiar with this godswood.,Theon Greyjoy was no stranger to this godswood.,Entailment,"To be no stranger to something means to be very familiar with it, and Theon Greyjoy is very familiar with the godswood.",Idiom,be no stranger to
4408,My car broke down when I was traveling to work and I missed a very important meeting regarding my promotion.,The fact that my car broke down and I missed my promotion meeting made me feel like I was on top of the world.,Contradiction,A car breaking down can be a huge inconvenience and so missing an important meeting like a promotion meeting would lead to someone feeling upset and not fortunate.,Sarcasm,
898,I came home from vacation and found some stuff was stolen,"Glad how I was really looking forward to coming home from vacation and relax, but instead I find that my stuff got stolen",Contradiction,It is not ideal to come home from a vacation to find that all of one's belongings have been stolen and hence it is not something that was looked forward to or desirable in any way.,Sarcasm,
1655,He shrugs and gives me a look that tells me he's never experienced this before but doesn't say so.,"He shrugs and gives me a look that tells me he's been there, done that but doesn't say so.",Contradiction,"The idiom ""been there, done that"" is used to acknowledge that one has done or experienced something before, but in this sentence he has never experienced this before",Idiom,"been there, done that"
7454,The college rescinded my admission offer,The college just revoked my admission offer and I am completely elated,Contradiction,College admission offers are usually coveted by students and so having it revoked is not a good thing and hence the person is not elated.,Sarcasm,
6734,I blamed my oldest son for losing my headphones but I found out later I was the one that lost them.,I felt super smart when I accused my oldest son for losing my headphones but later on I found out that I was the one who misplaced them,Contradiction,Accusing someone for something when you are the one at fault is not a smart feeling and makes a person feel bad about themselves.,Sarcasm,
95,You're dull,You're as sharp as a rock,Entailment,"A rock is dull, so the person is saying that the other person is not sharp, or not intelligent.",Simile,
202,I always hear crazy noises in my house.,I am in love with the weird noises that come from my house at night.,Contradiction,Hearing weird noises around the house at night could invoke a potential danger such as a robbery or someone breaking in with malicious intent which makes someone scared rather than in love.,Sarcasm,
6188,I will sleep deeply and soundly tonight.,"I 'll sleep like a log tonight, though.",Entailment,"To sleep like a log means to experience a very deep and restful sleep, which is what the speaker will do tonight.",Idiom,sleep like a log
6993,Now is the best time to do this right?,There's no time like the present right?,Entailment,"No time like the present means that if something is a good idea or needs to be done, it should be done now.",Idiom,no time like the present
4304,So women in medieval times were far from being very shy and submissive.,So women in medieval times were far from shrinking violets.,Entailment,"A shrinking violet is a very shy person, so the entailment is that women in medieval times were far from being very shy.",Idiom,shrinking violet
5698,The jazz solo sounded nice and smooth,The jazz solo sounded as smooth as sandpaper,Contradiction,"Sandpaper is rough, not smooth, so the simile is saying that the solo sounded rough, not smooth",Simile,
2824,The stars seemed to have lost their sheen on the night sky.,Every star seemed to burst with new intensity.,Contradiction,The word burst is used here to mean something that is bright and shining while lost their sheen means to have become dull or lost luster.,Metaphor,
3432,The four foot tall shelf of endless drawers filled with the most non-essential and superfluous components that beau hadn't finished sorting.,The four foot tall shelf of endless drawers filled with nuts and bolts that beau hadn't finished sorting.,Contradiction,"Nuts and bolts refer to the most basic and essential aspects of something, but the context describes the most non-essential and superfluous components",Idiom,nuts and bolts
3515,If it were possible to witness the out in the open and legal transactions that would doom them all in the end.,If it were possible to witness the under the table transactions that would doom them all in the end.,Contradiction,"Under the table transactions are secretive and often illegal, but this context describes transactions that are out in the open and legal",Idiom,under the table
215,The media will make them responsible for the problem and they will have to deal with the negative consequences.,The media will pass the buck to them and they will be left holding the baby.,Entailment,"To be left holding the baby means to be made responsible for a problem that nobody else wants to deal with, and in this sentence the media is making them responsible for the problem.",Idiom,be left holding the baby
5325,The meal is disgusting.,The dish is as tasty as a pair of gym shorts,Entailment,Gym shorts are generally considered to be unappetizing and not something one would want to eat so the simile implies that the food is disgusting.,Simile,
2478,"He's been healthy and fit the last few days, Susan said.","He's been a bit under the weather the last few days, susan said.",Contradiction,"To be under the weather is to be mildly ill, but Susan is saying that he's been healthy recently",Idiom,under the weather
1936,My boyfriend is drinking beer and he so dumb when he drinks.,I think it's adorable when my boyfriend gets drunk and starts acting like an idiot.,Contradiction,Someone getting drunk and acting like an idiot is not a cute or admirable thing to do and is actually quite embarrassing.,Sarcasm,
1228,"He was cruising down main street, which was almost entirely empty.","He cruised slowly down main street, which was like a ghost-town street .",Entailment,"A ghost town is a town with very few inhabitants, so it makes sense that a ghost-town street would be almost entirely empty.",Simile,
5486,"And while the woman was a young person and a bit too tall to make most men comfortable, she was still worth looking at.","And while the woman was no spring chicken and a bit too tall to make most men comfortable, she was still worth looking at.",Contradiction,"To be no spring chicken is to be well past youth, but in this context the woman is young",Idiom,no spring chicken
5139,Destory a little child's life by ruining their character.,Form the young child's character.,Contradiction,"The word destroy in another sentences is used to mean something that is negative and irreversible, e.g., the child's character, while forming typically connotes something that is positive and constructive.",Metaphor,
2414,I was tired and strengthless when kris got back home at spot-on ten to eight.,I was like an overworked donkey when kris got back home at spot-on ten to eight.,Entailment,"An overworked donkey is one that has been worked to the point of exhaustion, and is thus tired and strengthless.",Simile,
1635,My friend stole 50 dollars from me.,"My honorable, faithful, trustworthy friend stole fifty dollars from me.",Contradiction,"A friend who steals money from someone cannot be considered honorable, faithful or trustworthy.",Sarcasm,
7132,I get so down on humanity sometimes watching true crime shows,I feel like humanity is really going in the right direction after watching a lot of true crime shows,Contradiction,Watching true crime shows often exposes the dark and horrific aspects of humanity and so someone who believes that it is indicative of the right direction for humanity is mistaken.,Sarcasm,
7187,"Half of my family didn't show up for my kids 6th birthday, it was upsetting to say the least.",It's really considerate how my family didn't bother to show up for my kids 6th birthday party,Contradiction,Most people would consider it to be rude and inconsiderate for family members not to show up for a 6th birthday party which is a very important milestone in a child's life.,Sarcasm,
65,Ken asked in a very direct and straightforward kind of a way.,Ken asked in a nudge nudge wink wink kind of a way.,Contradiction,"To nudge nudge wink wink is to draw attention to an innuendo, but this context describes Ken asking in a very direct and straightforward way.",Idiom,nudge nudge wink wink
6101,This idea will be very precious for something in the future.,This idea will never amount to anything.,Contradiction,"To be precious or to amount to something means to have value or be significant, while to not amount to anything means to be worthless or insignificant.",Metaphor,
5240,I recently sent an email I shouldn't have after a night of drinking.,I'm an absolute genius for sending that email after a night of drinking where I was not thinking straight,Contradiction,Sending an email after a night of drinking when you are not thinking straight is not a smart thing to do because it can lead to typos or incorrect information being sent.,Sarcasm,
3115,I sluggishly walk back over to my suitcase feeling displeased and unhappy.,I prance back over to my suitcase feeling like I'm on cloud nine.,Contradiction,"To be on cloud nine is to be in a state of extreme euphoric happiness, but this context describes feeling the opposite i.e feeling displeased and unhappy",Idiom,on cloud nine
2559,"After you find a strange mask on the beach, you become poor and obscure.","After finding a strange mask on the beach, you become suddenly more like a sun-kissed popstar.",Contradiction,"A sun-kissed popstar is somebody who is famous and has a lot of money, whereas somebody who is poor and obscure is not famous and does not have a lot of money",Simile,
5337,I was cut off today and crashed my car into a pole to avoid colliding with someone.,I was so excited when I got cut off that I decided to commemorate the incident by crashing my car into a pole to avoid colliding with someone,Contradiction,"Being cut off by another driver is often a very frustrating thing and can cause road rage and, it would not make anyone excited and instead cause them to act out in anger.",Sarcasm,
3026,Lucy just sat there and smiled as she watched abbey act with great energy and enthusiasm.,Lucy just sat there and smiled as she watched abbey go to town.,Entailment,"To go to town means to act with great energy and enthusiasm, and in this context Abbey is doing just that.",Idiom,go to town
1467,I dropped all my food in the cafeteria the other day and everybody was staring at me.,I felt so important and proud when I accidentally dropped my food and everyone around me started to stare,Contradiction,Accidentally dropping food and having people stare at you is not a good feeling because it makes you feel embarrassed and vulnerable.,Sarcasm,
366,"I understand,"" she said loudly.","i see it now,"" she said, her voice like a breeze rustling through the wildflowers.",Contradiction,"A soft breeze rustling through wildflowers would be a gentle sound, whereas a loud voice would sound harsh",Simile,
1907,She thinks its funny to end her lecture with a joke.,She garnishes her lectures with joke.,Entailment,Garnishes her lectures with jokes means she ends her lecture with a joke.,Metaphor,
3102,They know and understand the harsh reality,They know the score.,Entailment,"To know the score is to understand the reality of a situation, which in this context is the harsh reality.",Idiom,know the score
1599,She has not experienced any of the range from blinding rage - rage so potent that it has eaten her from inside out.,She has run the gamut from blinding rage - rage so potent that it has eaten her from inside out.,Contradiction,"To run the gamut means to cover or extend across a wide and varied range, but in this context she has not experienced any of the emotions in the range",Idiom,run the gamut
5748,She checked her reflection in the cheap and low-quality window.,She checked her reflection in the Banana Republic window.,Entailment,"A Banana Republic is a small country with a corrupt government and a weak economy, and this sentence is describing a cheap and low-quality window.",Idiom,Banana Republic
465,Their honey moon was a nightmare.,Their honey moon was a dream.,Contradiction," A honey moon is typically seen as a happy and romantic time, while a nightmare is a bad dream that is full of fear and terror.",Metaphor,
4711,I asked my friend to water my plants while I was on vacation but she didn't and they died.,I was really happy when I got back from vacation and found out that my plants died because my thoughtful friend didn't water them,Contradiction,"The death of plants is usually not a good thing, especially when it is due to someone neglecting to water them, which implies that the friend is not thoughtful and one should not be happy about it",Sarcasm,
4589,Harmless  did not fell  the heavy war-club .,Harmless  fell  the heavy war-club .,Contradiction,"The two statements are contradictory because in one Harmless fell the war-club (i.e., a weapon used in fighting) and in the other he did not.",Metaphor,
3843,Recently a person cut in front of me in line at the super market and I was very upset about it.,I almost had an overjoyous reaction when the person cut in front of me in line and caused me to miss my turn,Contradiction,The person cutting in front of someone else in line is often considered to be rude and so someone having an overjoyed reaction to that is quite contradictory.,Sarcasm,
4260,A customer is refusing to pay a bill because they claim it has already been paid but cannot provide any proof of doing so.,"I just love the customer who is trying to stiff the company by refusing to pay the bill and pretending that it has already been paid, how classy.",Contradiction,Customers who try to avoid paying bills are not classy or to be loved because they are not following through with what they agreed to and are essentially stealing from the company.,Sarcasm,
1823,Allister enjoys drinking Bordeaux wine on a regular basis.,Allister drinks Bordeaux often.,Entailment,Drinking often means someone drinks on a regular basis.,Metaphor,
3985,"So when it's the end of the world, kincaid was saying, people who cared a great deal before suddenly become believers.","So when it's the end of the world,kincaid was saying, people who didn't give a darn before suddenly become believers.",Contradiction,"To give a darn means to care about someone or something, but in this sentence the people who cared a great deal before suddenly become believers.",Idiom,give a darn
2690,his eyes were wide and bright,His eyes were like a predator watching prey,Entailment,A predator's eyes would be wide and bright in order to better see its prey.,Simile,
6036,By this time the last batteries in their flashlight are about to start working again and come back to life.,By this time the last batteries in their flashlight are about to give up the ghost.,Contradiction,"To give up the ghost means to stop working, but in this sentence the batteries are about to start working again.",Idiom,give up the ghost
561,"My golden toned skin welcomed the heat, and it spread across my body slowly.",My golden toned skin met my internal heat welcomingly and it spread across my body like a wildfire in a drought.,Contradiction,"A wildfire in a drought spreads quickly and intensely, whereas something that spreads slowly would not be like a wildfire",Simile,
5879,"The only things that ruined the elegance of the room were the security cameras mounted to the walls, their red lights winking  consistently and not wavering in certainty like devilish fireflies as they swiveled around in slow, steady circles.","The only things that ruined the elegance of the room were the security cameras mounted to the walls, their red lights winking on and off like devilish fireflies as they swiveled around in slow, steady circles.",Contradiction,"The idiom on and off means inconsistently or wavering in certainty, but the context describes the security cameras' red lights behaving consistently",Idiom,on and off
2382,The new moon sinks through the tree tops.,The new moon swims up through the tree tops.,Contradiction,"When something swims, it moves through water using its limbs or fins, however, when something sinks, it drops down from a higher place to a lower place.",Metaphor,
1188,A careless driver wasn't going the speed limit in the school zone I was so mad because a child could have been hurt. ,It makes me delighted when I see thoughtful people not following the speed limit in a school zone and caring about children getting injured,Contradiction,It is not thoughtful to not follow the speed limit in a school zone because it endangers the lives of children who are walking or biking to school and hence it cannot delight someone,Sarcasm,
7001,It can do everything except give you a massage (hinting at the possibility that it could give you a sexual favor instead),It can do everything except give you a massage (nudge nudge wink wink).,Entailment,"The idiom nudge nudge wink wink is used to draw attention to an innuendo, which in this context is the possibility of a sexual favor.",Idiom,nudge nudge wink wink
1741,She was short and stout.,She was like a professional model .,Contradiction,"Professional models are typically tall and slender, not short and stout",Simile,
6753,"Life is not a public performance on the Violin, you only learn in school and use the learning rest of your life.","’Life' wrote a friend of mine, 'is a public performance on the violin, in which you must learn the instrument as you go along.”",Contradiction,"One sentence is saying that life is a journey where you are constantly learning and growing whereas the contradiction is saying that life is not a journey, you only learn in school and then use that learning for the rest of your life.",Metaphor,
112,I once accidentally called my girlfriend by my ex-girlfriend's name and couldn't believe I made that mistake.,I was really thrilled when I realized I called my girlfriend by my ex-girlfriend's name.,Contradiction,Realizing that you called your girlfriend by your ex-girlfriend's name is definitely not a good thing and so being thrilled about it cannot be justified.,Sarcasm,
957,"They colored her white skin in a pattern of light pink, yellow, and green.",They colored her pure white skin like a sloppily designed ink blot test .,Contradiction,"An ink blot test is designed to be in blue, purple, or black colors, not bright clolors like pink, yellow, or green",Simile,
4519,"No strings, just you and me, two people very similar to each other, wrestling it out.","No strings, just you and me, two birds cut from the same cloth, wrestling it out.",Entailment,"To be cut from the same cloth means to be very similar in characteristics or behaviors, so the two people in this sentence are very similar to each other.",Idiom,cut from the same cloth
6177,His laughter is contagious for everyone who is in the same room.,His laughter infects everyone who is in the same room.,Entailment,"Infects means that it spreads to others, here his laughter.",Metaphor,
298,I found a spider in my bathroom and I've never ran so fast in my life!,I found a beautiful surprise in my bathroom in the form of a spider and sprinted out of there faster than Usain Bolt!,Contradiction,Most people would be terrified of finding a spider in their bathroom and in no way a beautiful surprise.,Sarcasm,
1293,My family cannot agree on what to eat for dinner and its making me so mad!,My family cannot agree on what to eat for dinner and it's really a good use of time.,Contradiction,The time spent on deciding what to eat for dinner could be put to better use instead of being wasted on something that does not have a unanimous decision.,Sarcasm,
6018,The environment appeared lush and inviting.,The environment appeared like an operating room at one of new yorks finest hospitals.,Contradiction,"An operating room is a sterile room where surgery is performed, so it would not be described as lush and inviting",Simile,
587,I am furious my step brother sold my laptop so that he could buy a new gaming station! ,My step brother's decision to sell my laptop in order to buy a new gaming station makes me love him,Contradiction,"Losing a laptop, which is usually an important item for most people, in order to buy a gaming station, which is a luxury item, does not make someone love their step brother but instead resent them.",Sarcasm,
6160,The stock market is moving in a downward direction.,Stock prices are rocketing higher.,Contradiction,"When stock prices are rocketing higher, it means they are increasing at a rapid rate, however, if the stock market is moving in a downward direction, it means that prices are decreasing.",Metaphor,
809,I hate it when people make loud breathing noises while eating a sandwich.,I just love the sound of people loudly breathing while they eat a sandwich.,Contradiction,People loudly breathing while they eat a sandwich can be considered to be quite annoying and so someone who loves that sound is not something normal.,Sarcasm,
2152,My brother broke my bike.,My brother totally wrecking my bike makes me wanna hug him out of appreciation.,Contradiction,Having your bike wrecked by someone would lead to frustration and anger instead of appreciation and a desire to hug them.,Sarcasm,
6367,I caught my husband getting a phone number from another girl.,I felt completely respected when I saw my husband chatting with another girl and then getting her number.,Contradiction,A husband chatting with another girl and then getting her number is a sign of disrespect towards his wife and not something that would make her feel respected.,Sarcasm,
6590,"And then, as she had predicted, the faeries who were in the lead and many of whom were leopards, shifted smoothly and wondrously into their animal forms.","And then, as she had known they would, three hundred yards from their target the leading faeries, many of whom were leopards, shifted like a waterfall.",Entailment,"A waterfall is a smooth, continuous flow of water, and shifting like a waterfall indicates that the shift was smooth and continuous.",Simile,
4983,You were the scapegoat of those times.,You were the golden boy back then.,Contradiction,"A golden boy is someone who is favored or successful, while a scapegoat is someone who is blamed or persecuted.",Metaphor,
6871,I'm furious my cell phone bill this month is 200 dollars more than last months for no reason,I love how my cell phone bill skyrocketed from last month for no reason!,Contradiction,Most people hate it when their cell phone bill goes up for no apparent reason and hence would not love it.,Sarcasm,
109,My car just stopped working right before I was about to go on a big road trip.,I was so excited to go on this road trip and how lovely of my super reliable car to break down right before,Contradiction,A car breaking down right before a road trip is really unfortunate and not at all something to be excited about because it just means a lot of inconvenience.,Sarcasm,
378,Your brother is mature and behaves in an adult manner.,Your brother is a big baby.,Contradiction,"To be a big baby means to be immature and prone to childish behavior, but in this sentence the brother is mature and behaves in an adult manner.",Idiom,be a big baby
6696,"I feel your pain, but they're really serious now.","join the club, but they're really serious now.",Entailment,"Join the club is a phrase used to express sympathy, so by saying ""I feel your pain"" the speaker is sympathizing.",Idiom,join the club
3284,Start working on the shop.,Well get cracking on the shop.,Entailment,"To get cracking means to start working on something, so the imperative form would be to start working on the shop.",Idiom,get cracking
2644,I really hate when people play their music really loud during the week at 3 am,I love it when people blast their music during the week at 3am and disrupt my sleep,Contradiction,People blasting their music during the wee hours of the morning is often disruptive and prevent someone from getting a good night's sleep and hence it should not be admired.,Sarcasm,
4422,Uber Eats did not even bring my order today and customer sevice was being weird about a refund,I was so pleased that Uber Eats did not bring my order and the customer service was being unhelpful about getting a refund,Contradiction,Uber Eats is a food delivery service and so not bringing an order and then not getting a refund from customer service is really unfavorable and not something to be pleased about.,Sarcasm,
6615,I hit her in the face slowly and sporadically before I could process what my arm was doing.,"In one quick motion my arm turns, before I can grasp what direction it's about to maneuver, I'm bopping lexy in the face like a cartoon kangaroo .",Contradiction,"A cartoon kangaroo would bounce around quickly, which is the opposite of hitting someone slowly and sporadically",Simile,
1231,Every time I meet a girl on Tinder and she starts to like me things go bad.,The reason why I think online dating is a great time is because every time I meet a girl on Tinder she starts to like me and then everything goes bad,Contradiction,"Meeting girls through online dating apps and then things going bad is a unfortunate occurrence, so someone thinking that it is a great use of time is absurd.",Sarcasm,
1583,My board meeting which I had prepared for was cancelled at the last minute,The last minute cancellation of the board meeting which I was so ready for made me extremely glad about the good use of my time.,Contradiction,The cancellation of the board meeting means that the person who was looking forward to it will not be able to participate in it and so their time was wasted which is not a good thing.,Sarcasm,
22,"I know ty's not mentally adequate, nick said, tapping his temple with a finger.","I know ty's not all there,nick said, tapping his temple with a finger.",Entailment,"To be not all there means to not be mentally adequate, which is what nick is saying about ty.",Idiom,not all there
602,He heard her voice twisting with a soft cry of terror before it was abruptly stopped.,He heard her voice twisting with a soft cry of terror before it was cut short.,Entailment,"To be cut short means to be ended abruptly and unexpectedly, which is what happened to her voice in this sentence.",Idiom,cut short
2835,"I may not want to settle down with my women, but I never share secrets about them that could cause problems.","I may not want to settle down with my women, but I never tell tales on them.",Entailment,"To tell tales means to share secrets, often knowing that doing so will cause problems for someone else and in this context, the speaker is saying they would never do something that could cause problems for their women.",Idiom,tell tales
824,That's because men act like the c**k of the walk but women are actually in charge and have the final say.,That's because men act like the c**k of the walk but women rule the roost.,Entailment,"To rule the roost means to be the person in charge, and in this context it is saying that women are actually the ones in charge.",Idiom,rule the roost
2880,I used to steal money from my dad's wallet as a kid.,I was really young when I started stealing money from my dad's wallet and I feel proud about it now,Contradiction,"Stealing is wrong and nothing to feel proud about and it cannot be justified at any point by the age of the person doing it, even if they were young.",Sarcasm,
1412,Adrienne was the one person who didn't fit in.,Adrienne was the odd one out.,Entailment,"To be the odd one out means to be different in comparison to others, and in this context Adrienne is the one person who is different.",Idiom,odd one out
6215,"He should have been driving away by now, but instead he was here, active.","He should be in his car now, driving away, and yet here he was, like a fly caught in a spiderweb.",Contradiction,"A fly caught in a spiderweb is immobilized by the poison and the web, so he was inert and not active",Simile,
2641,Could not experience your heart of passion.,"Could not  see  your heart of passion ,",Entailment,"See  means to experience something with your senses, in this case, the sense of sight.",Metaphor,
6023,It wasn't as if he was already abstaining from smoking tobacco.,It wasn't as if he didn't already smoke like a chimney.,Contradiction,"To smoke like a chimney means to smoke a great deal of tobacco, but the contradiction is that he was abstaining from smoking tobacco",Idiom,smoke like a chimney
6319,I left my car to my cousin and when I got it back it was filled with used diapers. ,I was really happy when I got my car back and found out that it was filled with used diapers,Contradiction,Most people would not be happy when they find out that their car has been filled with used diapers as it is a sign of vandalism and destruction.,Sarcasm,
6872,I took a bus trip to Philadelphia today and it seems like they hadn't ever remembered to actually clean the bus.,I feel like dancing from joy after my bus trip to Philadelphia where the bus was delightfully dirty.,Contradiction,"A bus trip to Philadelphia likely would not be a joyous experience due to the fact that the bus would be dirty and cramped, so feeling like dancing from joy after it is unrealistic.",Sarcasm,
2472,"Everynight after 11pm my neighbor is out in the parking lot, in and out of her vehicle making noise.",I am so happy that my neighbor is up all night and disrupting my sleep with her noise,Contradiction,Most people would want their neighbors to be considerate and not make noise at night which would disrupt their sleep and under no conditions would it make them happy.,Sarcasm,
5381,And there are strings tons of conditions or restrictions or obligations to that recognition.,And there are no strings attached to that recognition.,Contradiction,"To have no strings attached means to have no conditions or restrictions or obligations that must be met, but in this context there are tons of conditions or restrictions or obligations",Idiom,no strings attached
5827,My roommate leaves leftovers in the refrigerator for a ridiculous amount of time,My roommate's food habits make me feel so delighted because she leaves her leftovers in the refrigerator for days.,Contradiction,"People usually do not enjoy eating food that has been left out in the open for a long time and has begun to rot, so finding food habits like that disgusting would be a common reaction.",Sarcasm,
5604,"My coworker was able to find a new job within like a week, meanwhile I am at the same horrible company.",It's really encouraging how my coworker was able to find a new job within a week while I am still stuck at this horrible company.,Contradiction,The fact that someone was able to find a new job in a week while the speaker is still stuck at their current job at a horrible company is discouraging and can lead to frustration because they would want to quit the company as well.,Sarcasm,
6161,I can't stand a messy kitchen but my roommate is a pig.,I feel satisfied every time I see the kitchen because my roommate never cleans up after himself,Contradiction,"Seeing the kitchen in a state of disarray would not be a satisfying sight for anyone, considering that it is the place where food is prepared and hence should be kept clean.",Sarcasm,
2688,The taste of agony was overwhelming upon my tongue.,The taste of agony laid thick upon my tongue.,Entailment,The taste of agony was - laid thick - mean it was very strong and overwhelming.,Metaphor,
557,"I can help you out, earn imaginary points that will make your sister happy, and make my dad think that I'm a good kid all at once.","I can help you out, earn brownie points with your sister, and make my dad think that I'm a good kid all at once.",Entailment,"A brownie point is an imaginary award given to someone who does good deeds, hence earning imaginary points is the same as earning brownie points.",Idiom,brownie point
3790,I really wish I had hair I don't like being bald.,I absolutely love being bald and not at all feel the need for some nice hair.,Contradiction,"Most people view being bald as a disadvantage because it makes them look older and less attractive, so someone who loves being bald cannot be being truthful.",Sarcasm,
3128,I saw my friend projectile vomit on the rollercoaster.,It was visually a joy seeing my friend projectile vomit on the amusement park ride,Contradiction,Projectile vomiting is often a disgusting act and it would be rare to find someone who found it visually appealing.,Sarcasm,
5057,Had he hit a wall and was no longer making any progress?,Had he run out of steam?,Entailment,"To run out of steam means to lose momentum and fail, which is what he did in this context.",Idiom,run out of steam
1919,I eyed him warily as I picked it up; his nostrils were flaring.,I picked it up and eyed him warily; his nostrils were like an agitated bull,Entailment,"A bull that is agitated will often flare its nostrils, so the simile is used to indicate that the nostrils were flaring.",Simile,
2694,Life is challenging you to take action in response to an opportunity or crisis.,Life is asking you to step up to the plate.,Entailment,"To step up to the plate means to take action in response to an opportunity or crisis, which is what life is asking the person to do.",Idiom,step up to the plate
3615,It's really horrible when a friend backs out at the last second.,Pleased is an understatement when it comes to how I feel when a friend cancels on me last minute,Contradiction,"When a friend cancels on someone last minute, it is often disappointing and inconvenient and hence cannot be classified as a pleased feeling.",Sarcasm,
1184,My brand new Toyota Camry got hit from behind.,So blessed my new Toyota Camry got hit by this awesome guy. It really gave my car some personality.,Contradiction,Someone who hit another person's car is often considered to be not awesome and so the person who did the hitting should not be rewarded but rather criticized.,Sarcasm,
4675,Realization hit him hard and fast,Realization hit him like a full broadside from a galleon's cannons.,Entailment,"A full broadside from a galleon's cannons would be very powerful and destructive, so this simile is indicating that the realization hit him very powerfully and suddenly.",Simile,
18,Were you cooperating closely and secretively with this pole cat?,Were you in cahoots with this pole cat?,Entailment,"To be in cahoots is to be in close, often secretive or conspiratorial cooperation with someone, which is what the speaker is asking if the person was doing with the pole cat.",Idiom,in cahoots
2076,Once I met this beautiful girl and she chose my best friend over me,The fact that the most beautiful girl I have ever seen chose my best friend over me makes me insanely happy,Contradiction,"A person's reaction to someone they are attracted to choosing someone else over them would usually be one of sadness or anger, so feeling really happy about it is not realistic.",Sarcasm,
2277,I've had it up to here with your emotional dramatics.,I have had enough of your melodrama.,Entailment,Melodrama is a form of drama that is characterized by exaggerated emotions and characters.,Metaphor,
7418,The news hit me hard,The news hit me like a Mack truck.,Entailment,"A Mack truck is a large, heavy vehicle, so the news hitting someone like a Mack truck would imply that it hit them very hard.",Simile,
1588,I had a huge conflict with my parents about moving to another country and I was simply enraged to have them trying to control my life.,My parents trying to control my life and deciding where to move without even consulting me makes me happy that they really respect my boundaries.,Contradiction,"When parents try to control their children's lives without even consulting them, it often goes against the child's wishes and so the parents not respecting the child's boundaries is really not a good thing.",Sarcasm,
3798,"The overhead light buzzed irritatingly, at the edge of hearing.","The overhead light buzzed at the edge of hearing, like a fly.",Entailment,"A fly buzzes irritatingly and can be hard to swat, similarly the light was buzzing at a frequency that was hard to ignore.",Simile,
5809,"It's owner might be crazy as heck, but she was also acting sweeter than one.","It's owner might be nutty as a fruitcake, but she was also acting sweeter than one.",Entailment,"To be nutty as a fruitcake is to be crazy or wacky, and in this context the owner is acting crazy and sweet.",Idiom,nutty as a fruitcake
394,The press is sronger than weapons.,The pen is mightier than the sword.,Entailment,The press is more powerful than weapons because it can expose their wrongdoings to the world.,Metaphor,
1950,I am so tired of telling my teenage daughter to clean her room.,I love how often I have to tell my daughter to clean her room and it still doesn't get done,Contradiction,Most people would think that it is not okay to have to tell their child multiple times to clean their room and still not see any results.,Sarcasm,
6111,I start to walk across the room cautiously.,I start to prowl across the room like a tightrope walker on dental floss.,Entailment,A tightrope walker is very cautious as one wrong step could mean death.,Simile,
7337,I feel lower than dirt after betraying my wifes trust,Betraying my wife's trust makes me feel like the greatest person on Earth,Contradiction,"Betraying someone's trust makes that person feel used, manipulated and mistreated and therefore the person who did the betrayal is not great at all.",Sarcasm,
1177,He took away the life from the old house.,He breathed new life into the old house.,Contradiction,"by breathing new life means he revitalized or rejuvenated the old house, where as - took away the life - means he killed the charm of the house.",Metaphor,
5833,My sister took my best friend to the movie instead of me.,I am absolutely not jealous of the fact that my sister got to take my best friend to the movie theater instead of me.,Contradiction,"It is normal to feel jealous when someone close to you such as a sister gets to do something that you wanted to do, in this case, going to the movies with a best friend.",Sarcasm,
7357,The police officer tried to harass me,The police officer's attempt to interrogate me was totally appreciated and made me so happy,Contradiction,The police officer's attempt to interrogate someone is not a good experience and often a form harrassment because it makes them feel scared and uncomfortable.,Sarcasm,
6618,I feel content,I feel like a fat cat.,Entailment,"A fat cat is a well-fed cat that is content, so the person means they feel content.",Simile,
2794,It told them that they really knew what they were dealing with and it was best to get involved with it.,It told them that they truly had no idea what they were dealing with and it was best to leave well alone.,Contradiction,"To leave well alone means to stay away from something so as to avoid unintentionally causing problems, but in this context it told them to get involved",Idiom,leave well alone
6381,I accidentally had expired milk today and it tasted gross,I drank expired milk today and it made me feel like throwing up because it tasted so fine.,Contradiction,"The milk that has gone bad and expired tastes disgusting and makes someone feel sick, so it cannot be considered fine by any means.",Sarcasm,
1393,"I should be eating healthier and working out, but instead I've been doing the opposite.",I feel wonderful that I am not living up to my own expectations of being healthy and fit and its really paying off.,Contradiction,Setting high expectations for oneself and not living up to them implies that the person is failing which is not something to feel wonderful about.,Sarcasm,
2735,The approaching car's headlights blinded  me.,The approaching car's headlights looked back at me.,Entailment,The headlights of the car coming towards me were so bright that they blinded me.,Metaphor,
2217,My 15 year old son took my ferrari out for a test drive and crashed it.,I am super proud that my 15 year old son crashed my ferrari while taking it for a test drive,Contradiction,"A son crashing his father's car is not a matter of pride as it could cause harm to him, damage the car and cost a lot of money to fix.",Sarcasm,
5045,We should forget to thank her when she is kind to us.,We must salute the kindness she showed towards us.,Contradiction,,Metaphor,
4038,"He's lazy, not busy at all.",He's busy as a sloth,Entailment,"A sloth is an animal known for being lazy, so the simile is indicating that the person is very lazy.",Simile,
6393,John ended up in front of his class mates.,John loomed behind his class mates.,Contradiction,"To loom means to be large in stature or appear threatening, while to end up in front of someone would suggest that they are smaller or less important.",Metaphor,
4345,I just lost my job and I've got too many bills.,I am super excited about the fact that I just lost my job and have to figure out how to pay all these bills,Contradiction,Losing a job is never a good thing and so being excited about it is definitely not warranted,Sarcasm,
4405,None of the water in the sink was red !.,All the water  flushed  with crimson !.,Contradiction,"All the water being flushed with crimson would suggest that it is filled with blood, while none of the water being red would suggest that there is no blood present.",Metaphor,
5510,They looked solid,They looked like a feather mattress.,Entailment,"A feather mattress is a type of mattress that is filled with feathers, and is known for being very soft and solid.",Simile,
6039,The girl said something interrupting the conversation.,The girl broke into the conversation.,Entailment,"When you break into something, it means you interrupt it.",Metaphor,
1333,"I'm stuck between the desire to run away quickly to memorial church, the nearest hallowed ground I can think of-or to endure and hear what he's going to say this time.","I'm torn between the desire to run-hightail it straight to memorial church, the nearest hallowed ground I can think of-or to suck it up and hear what he's going to say this time.",Entailment,"To suck it up means to endure something painful or unpleasant, and in this context the speaker is considering enduring the latter in order to hear what the other person has to say.",Idiom,suck it up
7461,"It came running, hard and reckless.","It came like a swamp cat, with its ears raised and its eyes opened wide.",Contradiction,"A swamp cat is a wild cat that is typically soft and cautious, not hard and reckless",Simile,
1530,"It felt like forever to come back to the cricket field, but when they arrived, the battle was still going on very slowly at the minimum possible speed.","It seemed to take forever to return to the cricket field, but when they arrived, the battle was still going at full tilt.",Contradiction,"At full tilt means to go as fast as possible, but in this sentence the battle was going very slowly",Idiom,at full tilt
4791,Hitler skittered off slowly,Hitler skittered off like a dog with its tail between its legs.,Entailment,"A dog with its tail between its legs is scared, so this simile is saying that Hitler was scared and skittered off slowly.",Simile,
6890,"You'd murdered family members without feeling or remorse, Thomas?","You'd kill family in cold blood, thomas?",Entailment,"To do something in cold blood means to do it without feeling or remorse, which is what Thomas is accused of doing to his family members.",Idiom,in cold blood
317,I was about to qualify for a good retirement package and they let me go for no reason.,The fact that I almost was able to qualify for a good retirement package but then they decided to fire me for no reason makes me feel like I'm the luckiest person alive.,Contradiction,Retirement packages are often given to people who have served an organization for a long time and are about to leave and so not qualifying for it and then getting fired would be really unlucky and the worst possible outcome and not something that would make them feel like the luckiest person.,Sarcasm,
4587,Harmless landed the blows he dealt it.,Harmless  fell  the blows he dealt it.,Entailment,Fell means that the blows were landed.,Metaphor,
2645,Trying to rationalize the situation eventually becomes easy.,Trying to rationalize the situation eventually becomes like an ever-complicated equation.,Contradiction,"An ever-complicated equation is a math problem that becomes increasingly difficult the more one tries to solve it, so saying the situation is like an equation implies it becomes more complicated, not easier",Simile,
747,The war saved so many lives.,The war devoured so many lives.,Contradiction,"To devour something means to consume it completely, while to save something means to preserve it.",Metaphor,
3593,I was furious to hear that my dental bill was three times of what I was expecting!,I was so ecstatic when I found out that my dental bill was triple the amount I thought it would be!,Contradiction,Most people would be upset if they found out that their dental bill was a lot more than they had anticipated and so someone being ecstatic about it is definitely sarcastic.,Sarcasm,
5476,"The assembly hall was now hot and moist, more so than usual.","In fact, the assembly hall was now like a steam sauna",Entailment,"A sauna is a hot and moist environment, so the simile is saying that the hall is even hotter and more moist than usual.",Simile,
647,The way interest rates are these days I'm so scared to go get a car loan,I am elated about the way interest rates are these days and that I might not be able to afford a car loan.,Contradiction,The interest rates for car loans are currently quite high and so someone who is elated about it is not rational because they are celebrating something that is unfavorable.,Sarcasm,
1751,As the ice is carried from rivers.,"As the ice is  swept  from rivers ,",Entailment,"Here, swept means carried away by a current of water.",Metaphor,
3880,"She would sing to him loudly when they were young, while she was alone on horseback by the creek.","By the creek, alone on horseback, when they were young, she would sing him like a lullaby-soothed baby .",Contradiction,"A lullaby is sung softly to soothe a baby, whereas if someone is singing loudly, it would not have the same effect",Simile,
3384,I've been single for years now.,I feel really sexy that I have not been able to find anyone to be in a relationship with me for years now,Contradiction,"Being in a relationship is often seen as a desirable thing, so someone who has not been able to find anyone for years now is not sexy at all.",Sarcasm,
4131,You will love the new train it is a great ride that it offers.,You will love the new train. it is a heavenly ride.,Entailment,"A great ride means that it is a really good experience, like how a heavenly ride would be.",Metaphor,
3756,I am afraid of flying cockroaches ,I love flying cockroaches and would do anything to be around them,Contradiction,"Cockroaches are known to spread diseases and are considered to be dirty, so someone who loves being around them is not being truthful.",Sarcasm,
4265,He guided his life by the principles he always wished for .,And his wishes served to  guide  him .,Entailment,To guide someone  means to show them the way or help them make decisions.,Metaphor,
1791,You've been invincible since the day you were born.,"From the day you were born, you've been like a well-seasoned superhero.",Entailment,A well-seasoned superhero is one who has had a lot of experience and is therefore very tough and invincible.,Simile,
840,You're loyal,You're loyal as Benedict Arnold,Contradiction,"Benedict Arnold was a traitor, so being as loyal as him would mean being a traitor",Simile,
235,I was grossed out when I saw someone vomit outside a bar.,I was completely overjoyed when I saw someone vomit outside a bar,Contradiction,Seeing vomit is never a desirable thing and so being overjoyed at seeing it is absurd.,Sarcasm,
2458,I left my phone on the bus last night as I was coming home.,I was euphoric when I realized that I left my phone on the bus last night.,Contradiction,Realizing that someone has left their phone on the bus last night would invoke feelings of worry and panic and so being jazzed about it is quite unrealistic.,Sarcasm,
4471,The snow exposed the earth like a mother would her infant child.,The snow swaddled the earth like a mother would her infant child.,Contradiction,"Swaddling is a form of wrapping infants in order to provide them with warmth and security, while exposing them would leave them vulnerable and unprotected.",Metaphor,
3611,Do you want to say anything before you die?,Do you wish to say anything before you meet your maker?,Entailment,To meet your maker means to die and here speaker is asked for their last wish.,Idiom,meet your maker
2862,I have been trying to purchase a car but my credit is so bad.,I feel like the world is secretly rooting for my success because I have been trying to purchase a car but my credit is so terrible,Contradiction,The world is not rooting for someone's success if they have bad credit because it is an indication that they are not good with money and hence it would be difficult for them to purchase a car,Sarcasm,
2101,I clogged up the toilet at a female friend's house by accident and I didn't tell them.,I feel like a responsible friend since I clogged up the toilet at my female friend's house and pretended it never happened.,Contradiction,It is not responsible to clog up the toilet at someone's house and then pretend it never happened because that would leave the person with the mess to clean up.,Sarcasm,
956,TSA made me pull down my pants at the airport yesterday.,I was really glad when TSA made me pull down my pants at the airport yesterday,Contradiction,TSA is a security agency that often makes people go through rigorous checks which can be embarrassing and not something that make them glad at all.,Sarcasm,
3959,The light traffic enabled mason to pass through town quickly.,The light traffic enabled mason to make good time through town.,Entailment,"To make good time means to pass through quickly, which is what the light traffic enabled mason to do.",Idiom,make good
509,I really wish I could afford the brand new sports car my friend bought.,I really want the new sports car my friend just bought and it fills me with joy that I can not afford it.,Contradiction,A new sports car is a luxury item that not many people can afford and so being happy about not being able to afford it does not make any sense.,Sarcasm,
4971,"I think we should be bound by old, nonfunctional, or limiting structures, rules, or practices - Philip said and the others just stared at him.",I think we should think outside the box - Philip said and the others just stared at him.,Contradiction,"To think outside the box means to think freely, but in this context Philip suggests thinking while being bound by old structures, rules, or practices.",Idiom,think outside the box
2048,"God, the thing was thick.","God, the thing was like a credit card.",Contradiction,"A credit card is thin, not thick, since it has to fit in a wallet",Simile,
4672,"The chicken pasta was already delivered, ate, and the check was paid.",The chicken pasta is waiting for his check.,Contradiction,"To wait for something means to remain in expectation, while to have already received and eaten something would mean that the person is no longer waiting for it.",Metaphor,
2592,A constant battle to earn exorbitant amounts of money that significantly exceed the amount needed to pay one's bills?.,A constant struggle to make ends meet?,Contradiction,"To make ends meet means to earn just enough money to pay one's bills, but this context describes earning significantly more money than is needed",Idiom,make ends meet
2466,"As he ran after them, breaking backs and crushing skulls, his upper body became engulfed in a blue light.","As he chased after them, breaking backs and crushing skulls, his upper body began to glow like a dying coal .",Contradiction,"A dying coal is no longer glowing blue, but is instead red, so it would not be accurate to say that his body was blue like a dying coal",Simile,
6153,"I wouldn't have believed myself capable of attracting anyone, except for such a man.","I wouldn't have believed myself capable of attracting anyone, let alone such a man.",Contradiction,"The phrase let alone is used to emphasize that if other more significant or pressing things are not possible  a lesser thing certainly is not or cannot either but in this context, the speaker is emphasizing that attracting anyone would not have been possible, except attracting a man which is contradictory.",Idiom,let alone
3090,I held my body rigidly,I let my body like a rag doll.,Contradiction,"A rag doll is typically floppy and not stiff, so the person would not be able to hold it rigidly",Simile,
1548,I was scared for my life when a man was chasing me down the alley last night. ,I was having the most wonderful time of my life when the man who looked homeless was chasing me down the alley.,Contradiction,"A homeless man is often seen as a dangerous person and someone who is not desirable to be around, so having the experience of being chased by him would not be a good thing by any means.",Sarcasm,
4150,I could feel my face turning red and my eyes tearing up.,My eyes teared up and I could feel my face turning into a bruised tomato.,Entailment,"A bruised tomato is red and swollen, so the simile is suggesting that the speaker's face is red and swollen from crying.",Simile,
880,"If you want to gossip, stay here and continue drinking instead of going somewhere else.","If you want to gossip, sling your hook and drink somewhere else.",Contradiction,"To sling your hook means to go away, but the context tells the person to stay and continue drinking instead",Idiom,sling your hook
7022,"An indication of what the current times are like, I said, trying to lighten things.","Sign of the times, I said, trying to lighten things.",Entailment,"A sign of the times is something that signifies the situation evident in the current times, and in this context the current situation is one where things need to be lightened.",Idiom,sign of the times
100,My lawyer is a ruthless human being.,My lawyer is a shark.,Entailment,The lawyer is compared to a shark is a type of animal that is known for being fierce and aggressive.,Metaphor,
5043,And the sky overhead had turned clear,And the sky overhead had turned like a polluted body of water.,Contradiction,"A polluted body of water is murky and not clear, so the sky turning like one would imply it is murky and not clear",Simile,
7142,"Now you you are concealing that we are strongest ,","Now you  find  that we are strongest ,",Contradiction,one sentence is a metaphor suggesting that the speaker and the person they are talking to are strong whereas another sentence contradicts this by saying that they are actually weak.,Metaphor,
2647,"Simon looked bewildered as he watched Alec join him, who was leaning against a tree with his hands in his pockets.","He was leaning against a tree, hands in his pockets, and alec joined him to watch as simon, looking like a newborn duckling",Entailment,"A newborn duckling is small, vulnerable, and confused, which is how Simon looks in this situation.",Simile,
500,He did not receive a lot of harmful blows.,Harmless  fell  the blows he dealt it.,Contradiction,"If someone is not on the receiving end of blows, it means they did not feel being attacked, contradicting the other statement.",Metaphor,
4964,"she wasn't overweight, she seemed stocky.","She wasnt overweight, but she seemed like a miniature tank .",Entailment,"A tank is a large, bulky vehicle, while a miniature tank would be stocky and compact, so she is stocky.",Simile,
3824,I felt very bad when my boss did not approve of my work.,I felt so secure and happy when my boss said my work was not up to the company's standards.,Contradiction,Being told that your work is not up to the company's standards makes people feel bad and is not something to feel happy and secure about as it means you are not meeting the expectations and may be at risk of getting fired.,Sarcasm,
3296,They are remembered as soon as they touch the ground.,"As they touch the ground, they are like melting snowflakes.",Contradiction,"Melting snowflakes are immediately forgotten as they disappear, whereas something that is remembered is not forgotten",Simile,
6628,"As gandalf always says, when in doubt, peregrin took, trusted his instincts and went with his gut feeling.","As gandalf always says, when in doubt, peregrin took, follow your nose.",Entailment,"To follow your nose means to trust one's instinct, which is what Peregrin did when he followed his gut feeling.",Idiom,follow your nose
5198,"Oh, yes, said hopkinson, in the voice of one who considers skills to be very rare and valuable but is well aware of the rarity value of a good bread exhibit.","Oh, yes,said hopkinson, in the voice of one who regards skills as ten a penny but is well aware of the rarity value of a good bread exhibit.",Contradiction,"To be ten a penny means to be very common or ordinary, but in this context Hopkinson is saying that skills are very rare and valuable.",Idiom,ten a penny
6331,I can't understand it.,I can't make head or tail of it.,Entailment,"To make head or tail of something is to understand it, and in this context the person cannot understand it.",Idiom,make head or tail of
1667,He seemed unnecessarily ugly .,He seemed like a dark and elemental spirit .,Entailment,An elemental spirit is a being that is often seen as dark and dangerous and very ugly.,Simile,
4484,"Everything had been going alright, he was even going to get away with a very light punishment or warning, but then m's.","Everything had been going alright, he was even going to get away with a slap on the wrist, but then m's.",Entailment,"A slap on the wrist is a very mild inconsequential punishment or warning, so getting away with one means that he was going to get away with a very light punishment or warning.",Idiom,slap on the wrist
3087,"after taking everything else into consideration, she had chosen to do what she enjoyed most - working with young children.",at the end of the day she had chosen to do what she enjoyed most - working with young children.,Entailment,"The idiom at the end of the day means when everything else has been taken into consideration, which is what she did before choosing to work with young children.",Idiom,at the end of the day
4784,"I studied really hard for a physics exam and still didn't get a B, which I need for my major.",I devoted so much time studying for the physics exam but was fortunate enough to receive a score so low that won't reflect well on my major.,Contradiction,A low score on a physics exam reflects poorly on someone's ability to do well in physics and so studying for the exam and receiving that score is not fortunate at all.,Sarcasm,
834,Our new pet rabbit isn't litter trained yet and has made a mess of the carpets.,Our new pet rabbit hasn't learned how to use the litter box and has made the carpets beautiful,Contradiction,A pet rabbit not using the litter box would mean that there would be rabbit feces on the carpets which is not beautiful at all,Sarcasm,
222,"Playing the same sort of game with lee porter as the outcome was a far more dangerous prospect, and one she would absolutely try to change or get involved without caring if it causes problems.","Playing the same sort of game with lee porter as the outcome was a far more dangerous prospect, and one she would leave well alone.",Contradiction,"To leave well alone means to refrain from changing or becoming involved in something so as to avoid unintentionally causing problems, but the context describes trying to change or get involved without caring if it causes problems.",Idiom,leave well alone
3001,Fame and fortune are for real heroes.,Fame grows to the heroes.,Entailment,Grows to the heroes means that the fame is attaching itself to the heroes.,Metaphor,
1445,I fell in sick for the past two days and I feel disgusted,I was tickled pink when I realized I had to spend the past two days in bed feeling sick and disgusted.,Contradiction,"Tickled pink is often associated with happiness and joy, whereas being sick in bed is usually an unpleasant experience that people would not want to go through.",Sarcasm,
3783,I drunk texted my boss last night telling him everything that is wrong with his management style and think I'll get fired.,I am really excited that my boss might have received the drunk text message I sent him last night about his terrible management style,Contradiction,The boss is not going to be happy about receiving a drunk text message about their management style and so receiving it would not be something to be excited about.,Sarcasm,
4194,Every time I meet a girl on Tinder and she starts to like me things go bad.,The reason why I think online dating is a perfect use of time is because every time I meet a girl on Tinder she starts to like me and then everything goes bad,Contradiction,"Meeting girls through online dating apps and then things going bad is a common occurrence, so someone thinking that it is a great use of time is absurd.",Sarcasm,
4742,Woke up to the ringtone of my alarm clock.,My alarm yelled at me this morning.,Entailment,"The sound of an alarm clock is harsh and jarring, similar to how someone might yell at you.",Metaphor,
5904,"Next to her, xander is holding himself stiffly","Next to her, xander is holding himself like a groom on a wedding cake.",Entailment,"A groom on a wedding cake is a figurine that is very stiff, so this simile is saying that xander is holding himself very stiffly.",Simile,
582,That word has completely captured my heart!,I'm sick to death of that word!,Contradiction,"To be sick to death of something means to be totally disgusted with it, but the context describes being captured by the word instead",Idiom,sick to death
1556,Demand for the product increase when prices went down.,Sales were climbing after prices were lowered.,Entailment,"This is a metaphor meaning that when the prices went down, more people wanted to buy the product and the sales increased.",Metaphor,
7312,I once lost my job and got mad.,I was in good spirits when I lost my job and had to scramble to find a new one.,Contradiction,Losing a job is usually a very negative experience and so being in good spirits about it does not make sense..,Sarcasm,
5441,if he were to hit the drums even at half capacity there would be complaints to the landlord.,if he were to hit the drums at full whack there would be complaints to the landlord.,Contradiction,"To hit the drums at full whack means to hit them at full capacity, but this sentence describes a situation where even half capacity would result in complaints",Idiom,full whack
1275,My back has been having sharp random pains throughout the day it's annoying!,I've been having this lovely back pain for a while now and I am really starting to enjoy it,Contradiction,Experiencing back pain is never a good thing and so someone who says that they are starting to enjoy it is being sarcastic.,Sarcasm,
722,My neighbor always interrupts me when I talk.,It's so encouraging when my neighbor always interrupts me when I'm trying to have a conversation with someone,Contradiction,Being interrupted by someone when you are trying to have a conversation can be really frustrating and annoying and so it is not encouraging at all.,Sarcasm,
2440,"Mr mcelroy, its pretty hard to deal with on a daily basis in a marriage.","Mr mcelroy, its pretty hard to take day in, day out in a marriage.",Entailment,"The idiom day in, day out is used to describe something that happens routinely or regularly, so the entailment is that it is something that happens on a daily basis.",Idiom,"day in, day out"
7077,I found a snake in my boot and thought it would bite me,I was so excited when I found a snake in my boot and thought it would bite me,Contradiction,Snakes are often feared because they are poisonous and so finding one in a boot would not be something to be excited about but rather terrifying.,Sarcasm,
1234,I am so upset I lost everything in a flood yesterday.,I feel upbeat that all my possessions got ruined in the flood yesterday,Contradiction,A flood is a natural disaster which often leaves people stranded and without any belongings and so it doesn'y lead someone to feel upbeat but rather upset when someone's possessions get ruined in one.,Sarcasm,
275,Everytime I buy a lottery ticket I never win.,I'm practicing solid money management when I buy a lottery ticket every week and never ever win.,Contradiction,Buying lottery tickets week after week and never winning is a waste of money and cannot be considered practicing solid money management.,Sarcasm,
6124,We just were unable to reach a consensus on the terms of the settlement.,We made a truce on the terms of the settlement.,Contradiction,"A truce is an agreement or a peace settlement between two warring parties, while being unable to reach a consensus means that there was no agreement or resolution.",Metaphor,
4019,The setting of western movies is appealing to us because it resembles a gladiator arena with shooting guns.,"‘ Westerns have a gladiatorial , timeless quality .",Entailment,"Gladiatorial means relating to or suggestive of a gladiator, who used to take part in armed comb with others in violent confrontation, much like western movies that are appealing to us because of the violence.",Metaphor,
2525,To put a hold on terrorism the American presidents need to not only monitor the big terrorists but also the groups who have possibly come out of them.,"In the war on terror, American presidents must monitor not only the main terrorist organizations but their offshoots around the world as well.",Entailment,The offshoots are the groups who have possibly come out of the main terrorist organizations.,Metaphor,
7067,You want to pay for the entire thing yourself?,You want to go halves?,Contradiction,"To go halves means to share the cost of something evenly between two people, but in this sentence, the person wants to know if the other person wants to pay for the entire thing",Idiom,go halves
2018,"Once when I looked around and thought that my accomplishments were better than what was expected, I considered going to medical school.","Once when I looked around and I thought that my accomplishments weren't up to par, I considered going to medical school.",Contradiction,"To be up to par means to be as good as what was expected, but in this context the person's accomplishments were exceeding the expectations.",Idiom,up to par
1414,The faculty meeting was a whirlwind of events.,The faculty meeting was an easy breeze.,Contradiction,"An easy breeze is something that is calm and relaxing, while a whirlwind of events is something that is chaotic and hectic.",Metaphor,
6792,The drought has made the water level at the reservoir really really low.,The lack of rain had depressed the water level in the reservoir.,Entailment,The drought has made the water level at the reservoir really low.,Metaphor,
4050,The approaching car's headlights were turned off.,The approaching car's headlights glared at me.,Contradiction,"To glare at someone means to look at them brightly, here the headlights of the car, while the other statement says the headlights were turned off.",Metaphor,
1755,I just found out my state is last in education in the entire country.,I am so proud that my state is ranked as the last in education in the entire United States,Contradiction,A state being ranked last in education is not something to be proud of because it means that the state is doing very poorly in comparison to other states.,Sarcasm,
3398,I hate when my kids leave their clothes all over the floor,I just love it when my kids leave their clothes all over the floor,Contradiction,Kids' clothes taking up a lot of space on the floor and not being put away in the closet or hamper creates a mess and is something that no one would love.,Sarcasm,
5614,"Through the stone, the world was a dull gray and lacked any color.","Through the stone, the world was like a pencil drawing .",Entailment,"A pencil drawing is usually not very colorful or bright, so this simile is saying that the world was not very colorful or bright.",Simile,
5027,"With rapid and impulsive movements, he edged across the finely-fitted hardwood floor towards the place of fire.","With slow but sure movements, he edged across the finely-fitted hardwood floor towards the place of fire.",Contradiction,"Slow but sure means slow or incremental but yielding steady dependable progress, but in this context the movements were rapid and impulsive",Idiom,slow but sure
305,You're only noticed when you're alive.,"Nobody notices until your body is found, like a gray frostbitten log.",Contradiction,"A grey frostbitten log resembles a dead body, not somebody who is a live",Simile,
5415,This was unclearly conveyed in the first try.,This was conveniently encapsulated in the first try .,Contradiction,"To encapsulate something means to enclose or surround it completely, while to convey something means to communicate or express it.",Metaphor,
2269,I was cut off today and crashed my car into a pole to avoid colliding with someone.,I was so overjoyed when I got cut off that I celebrated by crashing my car into a pole to avoid colliding with someone,Contradiction,"Being cut off by another driver is often a very frustrating thing and can cause road rage and, it would not make anyone overjoyed and instead cause them to act out in anger.",Sarcasm,
268,I bet I am blue.,I bet I am like a cherry.,Contradiction,"A cherry is a red fruit, so it would not make sense for someone to say they are like a cherry if they are blue",Simile,
5008,"I was at my friends party last weekend, and someone threw up in the hot tub!","It was totally cool when I was at my friends party last weekend, and someone threw up tasty chunks in the hot tub",Contradiction,"Having someone vomit in the hot tub is not a cool or good thing to happen, because it makes the water dirty and contaminated.",Sarcasm,
6395,The weather had stayed cold and dreary for the entire week; our unseasonably warm weather in early fall was now just a memory.,The weather had stayed cold and dreary for the entire week; our indian summer was now just a memory.,Entailment,"An indian summer is a period of unseasonably warm weather, which is what is described in the context.",Idiom,indian summer
80,I went to pizza hut and the worker didn't wash her hands I was so sickened I just walked out.,I was so glad about the high sanitary standards of the worker at pizza hut who didn't bother to wash her hands that I just walked out,Contradiction,The worker at pizza hut who didn't bother to wash her hands is not following sanitary standards and so someone who was glad about that is not rational.,Sarcasm,
7130,Mike scollay was a small-time racketeer from shytown who paid for his mortgage by running booze in from canada.,Mike scollay was a small-time racketeer from shytown who paid for his beer and skittles by running booze in from canada.,Contradiction,"Beer and skittles means all fun and pleasure, but this sentence describes Mike Scollay paying for his mortgage which is not fun or pleasant.",Idiom,beer and skittles
4674,I was cut off in traffic the other day and it caused me to spill my coffee.,I got so delighted when the driver in front of me decided to cut me off and caused me to spill my coffee.,Contradiction,The driver in front of someone cutting them off is often considered to be rude and on top of that someone spilling their coffee because of that calls for a worse reaction which cannot be a delighted.,Sarcasm,
5940,My boss is giving preferential treatment to certain groups of people,I absolutely appreciate it when my boss gives preferential treatment to some people over others.,Contradiction,Being given preferential treatment at work could lead to jealousy and resentment among coworkers and is not something that should be appreciated.,Sarcasm,
4137,One of my favorite restaurants that I frequent weekly was just shut down by the health department.,I feel so reassured that my favorite restaurant got shut down by the health department for having unsanitary conditions.,Contradiction,A favorite restaurant getting shut down by the health department for having unsanitary conditions is not a good thing because it means that the food being served there was not up to standard and posed a health risk to customers.,Sarcasm,
2055,"If I were you, I would not do anything beyond what is necessary or expected to please him.","If I were you, id go the extra mile to please him.",Contradiction,"To go the extra mile means to do more than what is necessary or expected, but this sentence says to not do anything beyond what is necessary.",Idiom,go the extra mile
1250,I forgot that I had spit in my coffee cup this morning drank it along with the leftover coffee.,I love that I drank my spit along with the leftover coffee this morning,Contradiction,Drinking someone's spit along with coffee is a disgusting act and hence the person should not love it.,Sarcasm,
5678,"He had a bulky phone in his pocket, a secure digital unit.","There was a phone in his pocket, a secure digital unit like a cigarette lighter.",Contradiction,"A cigarette lighter is a small, slim object, whereas a bulky phone is larger and not slim",Simile,
5371,Vietnam was barely a blip on his radar.,Vietnam was in his brain like a stringy piece of meat caught between his teeth that wouldn't be dislodged for love or money.,Contradiction,"A stringy piece of meat caught between teeth is very difficult to remove, so it is something that would be constantly on his mind, not barely a blip",Simile,
3769,He ran slowly to join his comrades around the corner when he ran into a burly German.,He darted around a corner to join his comrades when he ran full tilt into a burly german.,Contradiction,"To run full tilt means to run as fast as possible, but in this sentence he ran slowly instead",Idiom,full tilt
4528,"Yes, and the more people that try to control or work on something, the better the final product will be.","Yes, and too many cooks spoil the broth.",Contradiction,"The idiom states that if too many people try to control or work on something, the final product will be worse, but this context claims the opposite.",Idiom,too many cooks spoil the broth
6811,"You disagree? Oh... okay, no more questions.","You disagree? Okay, shoot!",Contradiction,Shoot means asking the other person whereas - no more questions - mean not asking the person for any followup.,Metaphor,
5811,I hate being around negative people and situations,It makes me feel like dancing when I am around negative people and situations,Contradiction,"Negative people and situations are often draining and make someone feel unhappy, so to describe being around them as making someone feel like dancing is highly inaccurate and sarcastic.",Sarcasm,
1371,"I do not remember and do not take that into consideration, doctor.","I do bear that in mind, doctor.",Contradiction,"To bear in mind means to remember and consider something when making a decision or before taking action, but the speaker is not doing that in this sentence.",Idiom,bear in mind
885,You have found what you are looking for!,Then look no further!,Entailment,"To look no further means to find what you are looking for, which is exactly what the person has done.",Idiom,look no further
5391,It's completely unacceptable and inappropriate that you believe you can blackmail me like this.,It's beyond the pale that you believe you can blackmail me like this.,Entailment,"To be beyond the pale means to be completely unacceptable or inappropriate, and in this sentence the speaker is saying that it is unacceptable for the other person to try and blackmail them.",Idiom,beyond the pale
4726,I felt let down by my girlfriend when she decided to move some money out of our joint account without telling me.,I felt so fulfilled when my girlfriend moved some money out of our joint account without telling me.,Contradiction,Taking money out of a joint account without telling the other person is not a honest or fulfilling thing to do and so the speaker was let down about it.,Sarcasm,
6357,"I knew I wasn't strong enough to put up a wall against it, but I would not try my hardest to win or continue fighting.","I knew I wasn't strong enough to put up a wall against it, but I would not cry uncle.”",Contradiction,"To cry uncle means to admit defeat or plead for mercy, but the speaker is saying they would not try their hardest to win or continue fighting",Idiom,cry uncle
3792,She was  Blonde and blue eyed and delicate,She was like a porcelain doll,Entailment,"Porcelain dolls are usually small, with light features such as being blonde and blue eyed and delicate.",Simile,
447,She's now had to temporarily stop.,She's now had to put on hold.,Entailment,"To put on hold means to temporarily stop an activity, which is what she's had to do.",Idiom,put on hold
646,My apartment had been flooded by my irresponsible neighbor who lives a floor above me.,I was amazed to find my apartment flooded by my fantastic neighbor who lives a floor above me,Contradiction,Most people would not be amazed to find their apartment flooded and instead would be angry and frustrated with the neighbor who did it.,Sarcasm,
2782,"I got really drunk on my birthday and was horrible to one of my oldest friends, I felt awful ",The fact that I got so drunk on my birthday and said some really terrible things to one of my oldest friends makes me feel proud,Contradiction,Getting drunk and saying offensive things to friends is not a good feeling and would not make anyone proud but rather ashamed.,Sarcasm,
348,Pausanius was free and cheerful right next to her.,"Right next to her, pausanius himself sat like a punished child.",Contradiction,"A punished child is likely to be sad and not cheerful, and would not be free if they were punished",Simile,
2527,For all time to pass in this quickly and happily .,"That the time may  pass  more gayly ,",Entailment,To pass more gayly  means to pass more quickly  and with more happiness .,Metaphor,
5533,if he were to hit the drums at full capacity there would be complaints to the landlord.,if he were to hit the drums at full whack there would be complaints to the landlord.,Entailment,"To hit the drums at full whack means to hit them at full capacity, which would result in complaints to the landlord.",Idiom,full whack
4584,Great to see the old timers are still getting their feet wet.,Great to see young blood getting their feet wet.,Contradiction,"Young blood refers to a newcomer, but in this context it refers to old timers which is a contradiction.",Idiom,young blood
6900,Yesterday two gangs were fighting just in front of my home.,Yesterday I saw two gangs fighting right in front of my house and it totally didn't make me scared at all,Contradiction,"The sight of two gangs fighting is often very violent and can invoke fear in people, so someone who saw it and wasn't scared is not being truthful.",Sarcasm,
213,I just ate so many crab legs when I know thats not a part of my diet.,I feel really responsible knowing that I devoured so many crab legs knowing that it's not part of my diet,Contradiction,Crab legs are not a part of most people's diet and so knowing that they ate a lot of it shows a lack of responsibility.,Sarcasm,
2924,Let's leave the situation alone so as to not make it worse.,Let's let sleeping dogs lie.,Entailment,"To let sleeping dogs lie is to leave a situation alone so as to not make it worse, which is what the speaker wants to do.",Idiom,let sleeping dogs lie
5980,"Now you discover that we are strongest ,","Now you  find  that we are strongest ,",Entailment,Here the word find is used to mean to discover.,Metaphor,
2751,The after-effect of wine being him looking more laid back.,"After a glass of wine, he unfurled up a bit.",Entailment,"To unfurl means to relax, usually after being tense or wound up.",Metaphor,
2215,I spilled my drink all over the table and myself twice at a restaurant. ,Spilling my drink all over the table and myself twice at a restaurant makes me feel like a superhero,Contradiction,"Spilling a drink is always an inconvenience and not something to feel good about, so someone who feels like a superhero after doing it is being sarcastic.",Sarcasm,
600,The jacket kept me warm,The jacket was as warm as a winter night,Contradiction,"A winter night is very cold, so the jacket being as warm as a winter night would mean it is extremely cold, not just warm",Simile,
2678,My first date was terrible as I turned up late and sweaty.,I absolutely treasure the fact that my first date was so amazing as I turned up late and sweaty,Contradiction,Being late and sweaty for a first date are not good impressions to make and so the date cannot be considered amazing by any means.,Sarcasm,
3123,"When he was younger, the stallion had been slow.","When young, the stallion had been like a puma.",Contradiction,"A puma is a fast animal, so saying the stallion was like a puma when he was younger would imply he was fast, not slow",Simile,
2097,"No strings, just you and me, two people not at all similar to each other, wrestling it out.","No strings, just you and me, two birds cut from the same cloth, wrestling it out.",Contradiction,"To be cut from the same cloth means to be very similar in characteristics or behaviors, but in this sentence the two people are not at all similar to each other",Idiom,cut from the same cloth
6990,"It felt slightly uncomfortable, something is going to happen, but no-one knows exactly what it might be.",It felt a little like a first date,Entailment,A first date is often slightly uncomfortable because both parties are still getting to know each other and are unsure of what to expect.,Simile,
6292,I was on a date and apparently had a booger hanging out the whole time.,I was on a date and totally didn't feel embarrassed at all when I realized I had a booger the whole time,Contradiction,Most people would feel embarrassed if they realized they had a booger on their face during a date and so someone who did not feel embarrassed cannot be considered normal.,Sarcasm,
2662,Her dress was diaphanous,Her dress was like a sheet of ice,Entailment,"A sheet of ice is very thin and transparent, much like a diaphanous dress.",Simile,
1440,The Senator criticized the administration in his speech on Friday.,The Senator attacked the administration in his speech on Friday.,Entailment,"The Senator was critical of the administration in his speech on Friday, thus, this means he was negative and gave reasons why he thought they were doing a bad job.",Metaphor,
5863,My daughter always waits until I am busy to talk to me about nothing,It makes me appreciative of my daughters judgement of time when she waits until I am busy to talk to me about nothing.,Contradiction,Daughters waiting until their parents are busy to talk to them about nothing implies that they do not care about their parents' time and only want to talk when it is convenient for them.,Sarcasm,
7175,"Convince them that if they put the commissioner in a position he finds untenable, the victory will not be worth it because of the damage it will cause to us. ",Convince them that not even pyrrhic victory awaits if they put the commissioner in a position he finds untenable.,Entailment,"A pyrrhic victory is a victory that is not worth achieving because of the excessive toll it takes on the victor. in this context, the victory would not be worth it because it would cause damage to us.",Idiom,pyrrhic victory
5893,She was calm,She was like a tranquil lake inside now,Entailment,"A lake is a body of water that is typically calm and still, so she is calm.",Simile,
203,I just received a phone call that I didn't get the job I applied for.,I was thrilled to receive a call that I didn't get the job that I wanted so much,Contradiction,Most people are not thrilled to receive calls informing them that they have not been selected for a job and instead feel disappointed or sad.,Sarcasm,
1136,"Rest your arm against the doorframe, Eddie; you're looking rock-solid.","Rest it against the damn doorframe, eddie; you're like a deer on roller-skates.",Contradiction,A deer on roller-skates would be wobbly and not rock-solid,Simile,
7479,"Charles, she's so beautiful and curvaceous.","Charles, she's like a broom handle .",Contradiction,A broom handle is straight and not curvaceous,Simile,
4148,My coworker comes into work late everyday and it drives me crazy,It's really delightful when my coworker comes in late everyday and disrupts the work schedule,Contradiction,Coworkers coming in late everyday can lead to a lot of disruption in the work schedule and so someone considering it to be delightful is highly unrealistic.,Sarcasm,
3107,I was in a roomful of people but felt like I was by myself,I felt really popular in the room because I didn't feel like anyone was paying attention to me,Contradiction,"When people are not paying attention to someone, it usually means that they are not interested in them and therefore the person feels ignored and unpopular",Sarcasm,
7016,I got stuck in an elevator recently and was so scared that I would die in there.,I was really excited when I got stuck in the elevator because there is nothing more fun than panicking and thinking of death.,Contradiction,Being stuck in an elevator is a very scary experience and definitely not something that would be considered fun by anyone.,Sarcasm,
379,The government barely changed the entire law into a code.,The government flipped the entire law into a code.,Contradiction,"To flip something means to turn it upside down or inside out, while to barely change something means to make very little alterations to it.",Metaphor,
3507,The game was easy to play,The game was as hard to play as a game of hopscotch with a bunch of five year olds,Entailment,A game of hopscotch with five year olds would be easy because they would not know the rules and would not be able to follow them.,Simile,
4648,During an argument my wife told that I am not the real father of my son.,In the middle of the argument my lovely wife gave me a wonderful gift by screaming that I am not the father of my son.,Contradiction,Someone's wife who is lovely would not scream during an argument because it increases the tension and will not result in a resolution and the revelation here is actually something that would ruin the relationship further.,Sarcasm,
6046,"Now you can go crazy if you want, or get jesus, or get drunk but you saw what you saw and leave us not add any more unnecessary embellishments, all right?","Now you can go crazy if you want, or get jesus, or get drunk but you saw what you saw and leave us not gild the lily, all right?",Entailment,"To gild the lily means to add unnecessary embellishments to something that is already beautiful, but in this sentence they are asking to not add any more embellishments.",Idiom,gild the lily
2163,"She had known the fru wanted her tested, but she hadn't believed they'd take such an extreme step as to contact her mom.","She had known the fru wanted her tested, but she hadn't believed they'd go so far as to contact her mom.",Entailment,"To go so far as to do something means to do something extreme, and in this sentence, the fru taking the extreme step of contacting her mom.",Idiom,go so far as to
3641,She had been two years ahead of me at school and absolutely the most popular girl.,"She had been two years ahead of me at school and the most popular girl, bar none.",Entailment,"To be bar none means to be absolutely or with no exceptions, and in this sentence the girl is absolutely the most popular.",Idiom,bar none
6589,You guys are like a blend of two objects that do not mix together well in a blender set on full blast.,You guys are like oil and water in a blender set on full blast.,Entailment,"Oil and water are two objects that do not mix together well, and this idiom is used to describe two people who don't get along.",Idiom,oil and water
5900,She said I was black.,She said I was like a china doll.,Contradiction,"A china doll is a figurine that is traditionally made to look like a white person, so the contradiction here is that the person being described as a china doll is black",Simile,
606,My wife is going to divorce me.,I am super stoke that my wife is going to leave me because of the massive excellent debt I have,Contradiction,Owing a lot of money can lead to a separation or divorce and so someone being stoked about that prospect is not at all logical.,Sarcasm,
3819,fisa was then a relatively unimportant body which did not organize european and other championships and participated in the running of olympic regattas,fisa was then a relatively unimportant body which hosted european and other championships and participated in the running of olympic regattas,Contradiction,In one statement it says FISA was able organize the programs whereas in the other statement it says they did not organize.,Metaphor,
261,He went to no lengths and did nothing to make himself liked by his superiors and the most sadistic cliques were hard pressed to match his exploits.,He went to any length to curry favour with his superiors and the most sadistic cliques were hard pressed to match his exploits.,Contradiction,"To curry favour with someone means to try to make them like you, but in this sentence he did nothing to make them like him",Idiom,curry favour
4833,the majority has voted in favor.,the ayes have it.,Entailment,The ayes have it means that the majority has voted in favor.,Idiom,the ayes have it
6942,His throat had gone wet.,His throat had gone like a shriveled-up leaf .,Contradiction,"A shriveled-up leaf is dry, so saying his throat had gone like that would imply it had gone dry as well, not wet",Simile,
5014,Being forced to read a book that you dislike the most is one of the worst things that can happen in life.,There are few things worse than being bludgeoned into reading a book you hate .,Entailment,The word bludgeoned is used to mean that the person is being forced to read a book that they dislike.,Metaphor,
6763,"Jake tried to remove the crystal from the battery to silence the phone, but it was loose.","Jake tried to pull the crystal off the battery to silence the phone, but it was stuck like a barnacle to a rusty ship.",Contradiction,"A barnacle is a small marine crustacean that attaches itself to a ship's hull, and is very difficult to remove",Simile,
4905,"I knew pain existed, and this was intense.",I knew there was pain but this was like a sharp dagger.,Entailment,"A sharp dagger is a very painful object, so the simile is emphasizing the intensity of the pain.",Simile,
3681,His voice was lazy and slippery,His voice was like a melting pat of butter.,Entailment,"A pat of butter melting would become lazy and slippery, just as his voice did.",Simile,
3643,The cat was black,The cat was as white as charcoal,Entailment,White and black are opposite colors on the color spectrum and charcoal is usually black.,Simile,
395,"Unhappy whenever not hungry, not at all frightened whenever a cold wind blows.","Happy whenever not hungry, frightened to the bone whenever a cold wind blows.",Contradiction,"To be to the bone is to be very much or to an extreme degree, but in this context the person is not at all frightened when a cold wind blows.",Idiom,to the bone
6692,"But this isn't a case of giving paid employment to your friends, supporters, or relations.",But this isn't a case of jobs for the boys.,Entailment,"Jobs for the boys refers to giving paid employment to your friends, supporters, or relations, which is what the context is referring to.",Idiom,jobs for the boys
7524,"The system worked, so theres no reason to change it - no need to keep something bad while getting rid of something good.","The system worked, so theres no reason to change it - no need to throw the baby out with the bathwater.",Contradiction,"To throw the baby out with the bathwater means to discard something valuable while disposing of something considered worthless, but in this context, the system is good but there is something bad that needs to be discarded.",Idiom,throw the baby out with the bathwater
7390,"I think that two people working together can achieve more than one person working alone, so I expect you to work with Elena.","I always believe that two heads are better than one, so I expect you to work with Elena.",Entailment,"The idiom two heads are better than one means that two people who are trying to solve a problem together achieve more than one person who works alone. Therefore, the entailment is that the speaker thinks working together is better than working alone.",Idiom,two heads are better than one
5642,It was lush,It was like a monk's cell.,Contradiction,"A monk's cell is a small, austere room where a monk would live in solitude, hence it would not be lush",Simile,
7065,The huge waves gently touched the small boat and it sank shortly thereafter.,The huge waves smacked the small boat and it sank shortly thereafter.,Contradiction,"To smack something means to hit it hard, while to touch gently means to touch it softly.",Metaphor,
5343,He was looking gentle.,He was looking like a wounded lion .,Contradiction,"A wounded lion is a dangerous animal since it is probably trying to protect itself from the thing that wounded it, so it would not be gentle",Simile,
5719,You began to stare off into space and smile in a way that looked safe.,You just started staring off into space and smiling like Cruella De Vil.,Contradiction,"Cruella De Vil is a fictional character who is known for being cruel and villainous, so if someone is smiling like her, it would not be safe",Simile,
5925,"Faced with such an honest and forthright portrayal of her dramatic, romance-filled dreams, Alice often wondered how her mother even lasted the eleven fractured years.","Faced with such a bait and switch of her dramatic, romance-filled dreams, Alice often wondered how her mother even lasted the eleven fractured years.",Contradiction,"Bait and switch is a deceptive practice, but in this sentence the information being presented is honest and forthright",Idiom,bait and switch
5584,"Lawlessness prevailed, the kind of mind-sick violence that left people relaxed, content and pleased.","Lawlessness prevailed, the kind of mind-sick violence that left people on edge .”",Contradiction,"To be on edge means to be tense, nervous and irritable, but in this context the people are left relaxed, content and pleased",Idiom,on edge
2544,"While they spoke , the darkness of night arrived..","While they spake , the night  departed  :.",Contradiction,"Departing typically means to leave or go away, while arriving typically means to come or get to a place.",Metaphor,
2720,Because of so much pressure the government succumbed and did what the military ordered them to do.,The government bowed to the military pressure.,Entailment,"Bowing to pressure means giving in to demands, usually after a lot of pressure has been applied, so,  in this case, the government gave in to the military's demands.",Metaphor,
515,"My son, the devious scamp, stole 50 cookies from the cookie jar tonight.","I feel proud that my son, the devious scamp, stole 50 cookies from the cookie jar tonight",Contradiction,A scamp is a mischievous child and so it is not something to be proud of when your son steals cookies because it is naughty behavior,Sarcasm,
4460,Authority is a broken chair.,"Authority is a chair, it needs legs to stand.",Contradiction,"This is a contradiction because authority needs legs to stand, but a broken chair has no legs.",Metaphor,
6731,"Can't have superiors using their agents as guinea pigs in poison trials, It isn't fair","Can't have superiors using their agents as guinea pigs in poison trials, not cricket",Entailment,"The idiom not cricket is used to describe something that isn't fair, and in this context it isn't fair for superiors to use their agents as guinea pigs in poison trials.",Idiom,not cricket
4170,I never got involved with anyone who was married or too young or too naive to know about the pleasures of life and its beautiful moments.,I never got involved with anyone who was married or too young or too naive to know the score.,Contradiction,"To know the score means to know the facts about life and its difficulties, but in this context the speaker is saying she never got involved with people who were naive to know about pleasures of life and its beautiful moments but not life and its difficulties",Idiom,know the score
5036,My brain is strudy after the bottle of champagne.,My brain is stable after the bottle of champagne.,Entailment,My brain is stable means that it is not affected by the alcohol.,Metaphor,
4216,I couldn't believe I left the front door unlocked and the mailman robbed me.,I was glad when I found out that the mailman robbed me because I left the front door unlocked,Contradiction,It is never a good thing to find out that someone robbed you and so the mailman's actions were not something to be glad about.,Sarcasm,
3683,I am so tired of telling my teenage daughter to clean her room.,It's totally acceptable how often I have to tell my daughter to clean her room and it still  doesn't get done.,Contradiction,Most people would think that it is not okay to have to tell their child multiple times to clean their room and still not see any results.,Sarcasm,
3538,The force are known for always attacking their enemy at night.,The force decimated the village at night.,Entailment,Decimated means to destroy or kill a large number of people or things.,Metaphor,
4501,"You vote for one of the others, and I'll succeed in my promise.","You vote for one of the others, and I 'll make good on my promise.",Entailment,To make good on a promise means to succeed or complete it.,Idiom,make good
311,"Lord above, woman, don't try to act like you know everything in the universe.","Lord above, woman, don't play dumb with me.",Contradiction,"To play dumb means to pretend that one has no knowledge, but in this context the speaker is asking the woman to act like she knows everything",Idiom,play dumb
2301,"If too many people try to do something, it will make the final product better, he told her lightly as he held her gaze.","too many cooks spoil the broth,he told her lightly as he held her gaze.",Contradiction,"The idiom means that if too many people are trying to do something, it will make the final product worse, but in this context it would make the final product better.",Idiom,too many cooks spoil the broth
5096,Alex blew the process.,Alex leaked the process.,Contradiction,"It is possible that Alex leaked the process, which is opposite of blewing the process.",Metaphor,
3849,"Guskewau , the darkness , surrounded her.","Guskewau , the darkness ,  wrapped  her.",Entailment,Wrapped means that the darkness was surrounding her.,Metaphor,
7495,Till it pulled itself together.,"Till it drew itself together ,",Entailment,To draw oneself together means to make an effort to control oneself or to recover from a shock,Metaphor,
3859,I was teaching my daughter to drive today and myself got a speeding ticket.,I don't know whether to be proud that I was teaching my daughter to drive today and got a speeding ticket or the fact that I was driving so beautifully.,Contradiction,Being proud of getting a speeding ticket is irrational because it means that the person was driving dangerously and not beautifully and so should not be something to be proud of.,Sarcasm,
1018,The new measures led to the downfall of the economy.,The new measures transformed the economy.,Contradiction,"To transform something means to change it completely, while to lead to the downfall of something means to cause its ruin or destruction.",Metaphor,
5401,We were both jittery on the day of the alumni interview.,"The day of the alumni interview, we were both like a tightrope walker with vertigo.",Entailment,"A tightrope walker with vertigo is someone who is in a very precarious position and is likely very jittery about to fall at any moment, which is how we felt on the day of the alumni interview.",Simile,
717,I forgot to bring in the slides for the presnetation so I ended up having an awkward experience tring to do it with no materials.,I felt like a genius trying to do a presentation without any slides,Contradiction,A presentation without slides is usually very difficult to do and so trying to do one shows lack of intelligence.,Sarcasm,
57,"The baby eater of Bromsgrove had recently been sent down for life, caught unaware and without any evidence or wrongdoing.","The baby eater of Bromsgrove had recently been sent down for life, caught bang to rights.",Contradiction,"To be caught bang to rights means to be caught with irrefutable proof of wrongdoing, but the baby eater was caught unaware and without any evidence",Idiom,bang to rights
7296,Yesterday I wasn't paying attention while driving and almost hit a person in a crosswalk.,Yesterday I was driving and being super attentive which is why I almost hit a pedestrian,Contradiction,"Driving while being attentive is the safest thing to do, but this person almost hit a pedestrian which implies that they were not being attentive at all and were driving recklessly",Sarcasm,
7107,Avon steps carelessly .,Avon treads warily .,Contradiction,"To tread warily means to move cautiously or be on guard, while to step carelessly means to move recklessly or without caution.",Metaphor,
3735,I'm not going to urinate.,I'm going to take a leak.,Contradiction,"To take a leak means to urinate, but this context negates that meaning.",Idiom,take a leak
7503,"I knew pain existed, but this was intense.",I knew there was pain but this was like being seered in the bluest part of a flame.,Entailment,"To be seered in a flame means to be burned very badly, so the simile is implying that the pain was very intense.",Simile,
384,"After the vibrant colors of the garden, the stone hall seemed as dark and loud because of the cacophony of noise.","After the vibrant colors of the garden, the stone hall seemed as dark and silent as the grave.",Contradiction,"To be silent as the grave is to be totally silent, but this context describes the hall as being full of noise",Idiom,silent as the grave
6216,I'm sharp,I'm sharp as a pillow,Contradiction,"A pillow is not sharp, so saying someone is as sharp as a pillow would imply that they are not sharp",Simile,
3579,People offering her the opportunity of a lifetime to become involved in something at its end of a great business opportunity.,People offering her the opportunity of a lifetime to get in on the ground floor of a great business opportunity.,Contradiction,"To get in on the ground floor means to become involved in something at its beginning, but in this sentence she would be getting involved at the end",Idiom,get in on the ground floor
2930,Later would be a much better time to do this right?.,There's no time like the present right?,Contradiction,"No time like the present means that if something is a good idea or needs to be done, it should be done now, but in this context it would be better to do it later.",Idiom,no time like the present
7212,"The first time she saw him was in this mirrored room, which was a vast space.","This was where she'd first seen him, in this mirrored room, a space like an airplane hangar.",Entailment,"An airplane hangar is a very large space, so this simile is emphasizing just how large the room was.",Simile,
1227,Ugh so a few weeks ago my 3 year old broke my favorite eyeshadows.,So my 3 year old is an absolute angel for breaking my favorite eyeshadows,Contradiction,"A 3 year old breaking someone's favorite eyeshadows is not a good thing and would make anyone upset, not an angel.",Sarcasm,
3832,"We start with all the young dudes, a song that julian and I managed to convince the other lads to play, confident that it would be received horribly at all by anyone.","We start with all the young dudes, a song that julian and I managed to convince the other lads to play, confident that it would go down a storm.",Contradiction,"To go down a storm means to have great success, but in this sentence they were confident it would be received horribly",Idiom,go down a storm
1491,My friend used my car all day today and didnt even put any gas in it.,Pleased with how my friend borrowed my car and totally drained the gas tank without even putting any gas in it,Contradiction,Most people would not be pleased if their friend borrowed their car and then damaged it in some way and so the speaker is using sarcasm to convey that they are not happy at all.,Sarcasm,
7064,I procrastinated and didn't do the dishes for a couple days now and fungus started to grow on some of the old food,I'm glad that fungus started to grow from the old food because I left the dishes for a couple days,Contradiction,Seeing fungus grow from old food is disgusting and certainly not something to be glad about.,Sarcasm,
278,His playing denounced him as a Romantic.,His playing birthed him as a Romantic.,Contradiction,"To give birth to something means to create or bring it into existence, thus, the man's playing has given birth to him as a Romantic, while the contradiction denouced him as being  not a Romantic.",Metaphor,
688,The fans become calm and rational.,The fans go bananas.,Contradiction,"To go bananas means to become irrational or crazy, but the fans in this sentence become calm and rational instead.",Idiom,go bananas
5855,I trust that your group will not become any more successful than it already is.,I trust that your group will go from strength to strength.,Contradiction,"To go from strength to strength means to become increasingly successful, but this sentence states that the speaker does not trust the group will become more successful.",Idiom,go from strength to strength
3396,The girl is very steady.,The girl is as flighty as a rock,Entailment,"A rock is a very sturdy object, so the girl must be very steady if she is being compared to one.",Simile,
532,"They found the guardian virtually invincible, but I receive courage and comfort from the fact that some of them survived the encounter.","They found the guardian virtually invincible, but I take heart that some of them survived the encounter.",Entailment,"To take heart means to receive courage or comfort from some fact, and in this context the fact that some of them survived the encounter provides courage and comfort.",Idiom,take heart
2581,his mind attempted to make the connection.,His mind groped to make the connection.,Entailment,"Groping means to try to find something in the dark, so, in this case, the person is attempting to make a connection in their mind.",Metaphor,
7079,Ahab was not firm with his decisions and it was extremely easy to manipulate him.,Ahab was a pyramid but I kept kicking at him.,Contradiction," A pyramid is a very large and solid structure, while something that is easy to manipulate is not firm or solid.",Metaphor,
3932,A weather vane tops the building.,A weather vane caps the building.,Entailment,"A weather vane is a type of decoration that is often placed on the top of a building, thus, here the word cap is used to mean the top of the building.",Metaphor,
6061,Time he had spent wandering in a state of complete clarity and with full focus due to the drugs and pain.,Time he had spent wandering in a fog of drugs and pain.,Contradiction,"To be in a fog means to be confused and not fully aware, but this context describes being fully aware and focused due to the drugs and pain.",Idiom,in a fog
484,Alexander was super excited and his mood improved.,Alexander's spirits rose.,Entailment,"Spirits in this context means mood or emotions, so when Alexander's mood improved, his spirits rose.",Metaphor,
53,A global catastrophe causes all major technology to be rendered useful.,A global catastrophe causes all major technology to be rendered like burned ashes.,Contradiction,"When something is burned to ashes, it is no longer useful",Simile,
3494,We were both calm on the day of the alumni interview.,"The day of the alumni interview, we were both like a tightrope walker with vertigo.",Contradiction,A tightrope walker with vertigo would be very scared of falling and not calm,Simile,
3166,Draupadi's eyes were dull.,Draupadi's eyes were diamonds.,Contradiction,Diamonds are a type of gemstone that is not dull.,Metaphor,
2030,To never express your anger about something for which only you can be blamed?,To vent your spleen about something for which only you can be blamed?,Contradiction,"To vent your spleen means to voice one's anger, but the contradiction is to never express anger about something for which only the speaker can be blamed.",Idiom,vent your spleen
974,In this miserable place where life is full of sorrow and tragedy - blah blah blah.,In this vale of tears - blah blah blah.,Entailment,"A vale of tears is a place where life is full of sorrow and tragedy, which is what is being described in the context.",Idiom,vale of tears
4033,Still waters sway in the wind,Still waters groove in the wind.,Entailment,Still waters groove in the wind means that the water is not moving and is just swaying in the wind.,Metaphor,
1685,I am scared that I might not have enough money for food next month,I am glad that I might not have enough money to buy food next month,Contradiction,Being broke is not a desirable thing and so someone who is glad for being in that situation cannot be considered to be sensible or rational.,Sarcasm,
6838,She felt happy,She felt as happy as a recent widow,Contradiction,"A recent widow is a woman who has recently lost her husband and is grieving, so she would not be happy",Simile,
25,Those galaxies were jellyfishes in such a small finite space.,Those galaxies were jellyfishes in the abyss of space.,Contradiction,Abyss is usually suggests an endless infinite space whereas a finite space means the exact opposite.,Metaphor,
3762,I was drunk out of my mind last night.,I ofcourse should not feel any remorse about the state of drunkenness I was in last night,Contradiction,"Someone who is drunk is often not in a good state and so should feel remorse for their actions while drunk, rather than feeling okay about it.",Sarcasm,
3740,The attackers opened fire on the civilians.,The attackers spat gunshots at the civilians.,Entailment,Spat means to shoot or to fire something like a bullet from a gun.,Metaphor,
6624,You're just not up to the required standard.,You're just not up to snuff.,Entailment,"To be up to snuff means to be as good as is required, and in this context the person is not meeting the minimum requirements.",Idiom,up to snuff
6258,"This one was too healthy to die in the middle of the night, he might need a bit of help to kick the bucket.","This one was too healthy to pop his clogs in the middle of the night, he might need a bit of help to shuffle off this mortal coil.",Entailment,"To shuffle off this mortal coil means to die, and in this context the person is too healthy to die without help.",Idiom,shuffle off this mortal coil
748,I cooked a meal for family and it came out horribly.,I feel proud that the meal I cooked for my family didn't turn out well,Contradiction,"A meal that doesn't turn out well is usually not edible and not what a family would want to eat, so the person who cooked it should not feel proud about it.",Sarcasm,
239,The others become full of life when you switch between them.,You can freely switch between them but the rest go like a deflated dummies.,Contradiction,"A deflated dummy is one that has no life or energy, so the sentence is saying that the others go like something that is lifeless, but the contradictory sentence says that they become full of life, which is the opposite",Simile,
6097,He stood there one more minute before shoving himself to stop and prevent himslef from running the rest of the way up the stairs.,He stood there one more minute before shoving himself off and running the rest of the way up the stairs.,Contradiction,"To be off and running means to have begun and be progressing well, but in this context he stopped himself from running",Idiom,off and running
888,Once I went into a store only to realize that I had on two different shoes.,The time I went into a store wearing two different shoes and realized it halfway through was pretty exciting,Contradiction,Realizing that you are wearing two different shoes in a public place can be pretty embarrassing and not exciting at all.,Sarcasm,
1369,He was terrified,He was like a rabbit staring into the headlights of an approaching car;,Entailment,"A rabbit staring into the headlights of an oncoming car is an image of terror, as the rabbit is about to be run over.",Simile,
66,"We won't do it until you have a year of sobriety to show that you're committed, to make absolutely sure that you're on stable ground.","We won't do it until you have a year of sobriety under your belt, to make absolutely sure that you're on stable ground.",Entailment,"To have something under your belt means to have safely or satisfactorily achieved it, and in this context sobriety is something that needs to be achieved in order to show commitment.",Idiom,under your belt
1646,"He was about sixty, tall and skinny.","He was about sixty, like a big soccer ball .",Contradiction,A soccer ball is round and not tall and skinny,Simile,
2992,"She might look ruthless to the human eye, Sean could tell that she was full of shame for being stern with such an honest man.","She might look ruthless to the human eye, but sean could tell she was full of shame at being so stern with a man like a persistent puppy.",Entailment,"A puppy is an innocent creature that is unlikely to deserve harsh treatment, so the simile sentence is implying that the man is also innocent and undeserving of the woman's rudeness.",Simile,
2043,I'm on a diet and I ate three chocolate bars yesterday.,I feel amazing that I cheated on my diet by eating three chocolate bars yesterday,Contradiction,Cheating on a diet by eating unhealthy foods like chocolate bars will sabotage the whole purpose of the diet and so someone one would feel guilty and not amazing.,Sarcasm,
4710,Ellen cheerfully said she was sure her daughter would do better to understand herself.,"‘ I think she 'd do better to understand herself , ’ Ellen said tartly .",Contradiction,"To say something tartly means to say it in a way that is sharp or acidic, while to say something cheerfully means to say it in a way that is happy and positive.",Metaphor,
3949,I'm experiencing a terrible streak of failure after failure.,I'm on a roll.,Contradiction,"To be on a roll is to experience a successful period without any setbacks, but this context describes a streak of failures",Idiom,on a roll
3130,I was disappointed when my son brought home his first F,I was really proud when my son brought home his first failing grade,Contradiction,A failing grade is not something to be proud of because it means that the son has not been doing well in school.,Sarcasm,
3966,Her hair smelled like a delicate fragrance that was lingering around me.,Of that faint fragrance rising from her soft hair.,Entailment,Delicate fragrance means a light scent that is not overwhelming.,Metaphor,
123,She had been relatively young for as long as I could remember.,She had been old as the hills for as long as I could remember.,Contradiction,"To be old as the hills means to be very old, but in this context she is described as being relatively young.",Idiom,old as the hills
6387,People usually don't make things up out of thin air  without any truth was the generally accepted reaction to his sacking,no smoke without fire was the generally accepted reaction to his sacking.,Entailment,"The idiom means that there is usually truth behind a rumor, and the context is saying that the generally accepted reaction was that there was truth behind the rumor of his sacking.",Idiom,no smoke without fire
7339,She avoided drama.,She liked drama like a secluded monk,Entailment,A secluded monk is someone who is isolated from the world and avoids contact with other people.,Simile,
5042,I just bought a new $1000 computer and it crashed after the first week. ,I just loved spending a thousand precious dollars on a new computer that crashed only after the first week,Contradiction,A new computer is a significant investment and so spending a thousand dollars on it and then it crashing shortly afterwards would be a terrible experience.,Sarcasm,
3346,Ernie could really dance energetically and lively back then.,Ernie could really cut a rug back then.,Entailment,"To cut a rug means to dance in a lively and energetic way, which is what Ernie could do back then.",Idiom,cut a rug
740,"I had a necklace that my mother gave me before she passed away, but I just lost it.",I am such a careful daughter for losing the necklace my mother gave me before she passed away.,Contradiction,Losing a necklace that was given to someone by their mother who has passed away is not something to be proud of because it is very sentimental and special.,Sarcasm,
3954,I feel so bad when I think back to times that I yelled at my kids for no real good reason.,I feel like such a great parent when I remember the times that I yelled at my kids for no real good reason,Contradiction,Yelling at kids for no real good reason is not good parenting and so feeling like a great parent when remembering those moments is really absurd.,Sarcasm,
3889,He was stocky and muscular.,He was like the slash of an exclamation point,Contradiction,"An exclamation point is a thin, tall mark, so saying someone is like an exclamation point would imply they are thin, not stocky and muscular",Simile,
1945,When faced with two options it is better to choose the more familiar one even if it is undesirable.,better the devil you know,Entailment,The idiom better the devil you know means that when faced with two options it is better to choose the more familiar one even if it is undesirable.,Idiom,better the devil you know
4930,Don't retain my original words.,Don't remix my words.,Contradiction,"To remix something means to change it or modify it, while to retain something means to keep it or hold onto it.",Metaphor,
5509,"He fished in the glove compartment, feeling stressed because he had to act quickly, and brought out shane's wayfarers.","He fished in the glove compartment, under the gun, and brought out shane's wayfarers.",Entailment,"To be under the gun means to be in a stressful situation that requires quick action, which is what he was feeling when he fished in the glove compartment.",Idiom,under the gun
5259,He was lanky and thin,He was like the slash of an exclamation point,Entailment,"An exclamation point is thin and vertical, so the simile is emphasizing how thin and lanky the person is.",Simile,
2464,My instincts allowed him to treat my feelings carelessly and without any consideration this afternoon.,My instincts let him run roughshod over my feelings this afternoon.,Entailment,"To run roughshod over something is to act without regard for it, and that is how the speakers feelings were treated icarelessly and without any consideration in this context",Idiom,run roughshod
5839,The politician lost to his rival.,The politician chopped down his rival.,Contradiction,"To chop something down means to destroy or defeat it, while to lose to something means to be defeated by it.",Metaphor,
798,He and his brothers would never risk anything for her each and every day of their lives.,He and his brothers would go to the wall for her each and every day of their lives.,Contradiction,"To go to the wall means to take on great risk, but this context describes never taking any risks",Idiom,go to the wall
3012,I got lost and trapped in a cave.,I loved the magical experience of getting lost and finding myself trapped in a dark cave,Contradiction,Getting lost and then finding oneself in a dark cave is a scary experience that no one would love.,Sarcasm,
5596,"Tatiana has been in turns glamorized, idolized, and made to look like the worst thing ever - all in one sitting.","Tatiana has been in turns glamorized, lionized, put on a pedestal and made to look like yesterday's news - all in one sitting.",Contradiction,"To put on a pedestal means to see someone or something as perfect or wonderful, but in this context Tatiana has been seen as the worst thing ever.",Idiom,put on a pedestal
3953,My friend got a huge scholarship when he barely passed the PSAT.,I was really beaming with admiration when my friend got a scholarship for barely passing the PSAT.,Contradiction,A scholarship is a form of financial aid which is usually given to students who have good grades and so someone receiving it for barely passing the PSAT shows that they are not deserving and hence the person must have been bitter.,Sarcasm,
5896,He did not apply fertilizer over the lawn.,He lathered fertilizer over the lawn.,Contradiction,"Lathering something typically means to cover it in a substance, whereas the another statement says he did not do it.",Metaphor,
833,Time to prove that my words are not just empty promises.,Time to walk the talk.,Entailment,"To walk the talk means to back up one's talk with actions, which is what the speaker plans to do.",Idiom,walk the talk
3694,Nate received negative feedback and criticism for not asking to join me in the shower.,Nate received brownie points for not asking to join me in the shower.,Contradiction,"A brownie point is an imaginary award given to someone who does good deeds, but in this sentence Nate received negative feedback instead.",Idiom,brownie point
1458,But we kept weakly.,But we kept like a rooted tree in the middle of that forest blown by a relentless and violent wind.,Contradiction,"A rooted tree is a strong tree that is firmly planted in the ground, so it would be able to withstand a strong wind, not be weak",Simile,
3351,All of my friends have these great jobs and travel so often it isn't fair.,It is absolutely fair how all my friends get to travel to all these amazing places for work and I get to hang out at home,Contradiction,It is not fair that some people get to travel to amazing places for work while others don't get to travel at all.,Sarcasm,
1619,So I kept my imagination completely under control with my heart.,So I let my imagination run riot with my heart.,Contradiction,"To let something run riot means to let it get out of control, but in this context his imagination remained completely under control.",Idiom,run riot
3170,I rob teenagers outside college to get money for drugs because I am a drug addict.,"I'm such a good person because I rob innocent teenagers who are just trying to get an education, in order to get money for my drugs.",Contradiction,Robbing innocent people is not a good thing to do and so someone who does it cannot be considered a good person.,Sarcasm,
5767,"I bite back, not enough to do damage but definitely enough to let him know that I am joking and not at all serious about what I am saying.","I bite back, not hard enough to do damage but definitely hard enough to let him know that I mean business.",Contradiction,"To mean business is to be serious about what one is promising or proposing to do, but the speaker is indicating that they let people know that are joking by biting back",Idiom,mean business
6303,"Most of the time, his expression is dominated by more cerebral emotions: self-satisfaction, curiosity, amusement, a desire to deepen the wound.","Most of the time, his expression is dominated by more cerebral emotions: self-satisfaction, curiosity, amusement, a desire to twist the knife.",Entailment,"To twist the knife means to add to exacerbate or amplify a betrayal or wrong by further malicious actions, which is what is happening in this context.",Idiom,twist the knife
3427,I have pain in my stomach for about a week now and reading what is on the internet I am very worried.,I am not concerned at all about the possibility of having a life-threatening disease because of the pain in my stomach that has been going on for about a week now.,Contradiction, The pain in someone's stomach could be a sign of a life-threatening disease such as cancer and hence to not be concerned about it is unreal.,Sarcasm,
4067, I was super anxious when my power went out yesterday and I had no phone service.,I was at absolute ease when my power went out and I had no phone service to contact anyone,Contradiction,"Losing power and phone service can be really inconvenient and cause a lot of stress, so someone being at ease when that happens is not understandable.",Sarcasm,
7113,I got my burger with millions of onions on it today when I specifically asked for no onions.,I was really happy that the burger place didn't listen to my request and put onions on my burger,Contradiction,Most people do not like onions on their burgers and so someone being happy that the burger place did not listen to their request is really ironic.,Sarcasm,
4609,The album sale went from some kind of spontaneous combustion to a very quick and sudden development.,The album sale went from some kind of spontaneous combustion to a slow burn.,Contradiction,"A slow burn is a gradual development, but the album sale went from a spontaneous combustion to a sudden development.",Idiom,slow burn
673,I get anxious whenever I'm waiting in line for a flight and it's less than 30 minutes from take off.,"I always feel cool, calm and collected when I am waiting in line for a flight and it's close to take off time.",Contradiction,"Waiting in line for a flight especially close to take off time is often very frustrating because there are so many people and the wait is usually long and there are chances of missing the flight, so feeling cool, calm and collected in that situation is not very likely.",Sarcasm,
4790,The way they shade and sarcasm each other is not funny.,The shade and sarcasm they throw at each other is too damn much like watching monkey's foodfight with bananas.,Contradiction,"A foodfight with bananas would be messy and ridiculous, so the simile is implying that the situation is funny",Simile,
5959,I'm signed up to go sky diving for the first time this weekend but I am nervous.,I am not at all anxious about the fact that I am going to be jumping out of a freaking airplane for the first time this weekend.,Contradiction,"The experience of jumping out of an airplane is usually associated with a lot of fear and anxiety, so someone who claims to not be anxious about it is absurd.",Sarcasm,
879,Which horse are you betting  on.,Which horse are you depending  on.,Entailment,"Here, depending on means betting on the horse that may win the race.",Metaphor,
4449,My dog got into the garbage can while I was out!,I was so delighted when I came home to find my dog rooting through the garbage can,Contradiction,Most people are not delighted when they see their dog rooting through the garbage can because it is usually a messy and dirty sight.,Sarcasm,
5254,"Mags is full, and theres one that is in pristine condition.","Mags full, and theres one up the spout.",Contradiction,"To be up the spout is to be completely ruined, but in this context the Mags is in pristine condition",Idiom,up the spout
4400,"Last time I decided to help you, things just got worse.",You can count on me to help you any time.,Contradiction,"Count on me means someone can rely on you, which is not true is things got worse last time you helped someone.",Metaphor,
1017,"I had played a lot of souza in band class, but I didn't expect the man to be so llighthearted and silly.","Sure, I'd played plenty of souza in band class, but I hadn't expected something llike a circus piece man.",Entailment,"A circus piece is a lighthearted, fun piece of music, so the man must be lighthearted and silly if he is playing one.",Simile,
860,"He wanted to put on a terrible performance that would make the audience not applaud, laugh, or cheer at all.",He wanted to bring the house down this time.,Contradiction,"To bring the house down means to perform so successfully that the audience will show their approval for a long time, but in this sentence he wanted to do the opposite and have them not show any approval",Idiom,bring the house down
6432,He is completely shocked when you talk to him about it.,"When you confront him about it, he is like a beffudled toddler.",Entailment,"A beffudled toddler is one who is surprised and confused by something, which is how the person feels when confronted",Simile,
3950,I don't suspect anything wrong.,I smell a rat.,Contradiction,"To smell a rat means to suspect an act of betrayal, but the speaker in this context doesn't suspect anything at all.",Idiom,smell a rat
482,"A year earlier, I probably would have made a sarcastic and cutting comment about them finally doing the right thing.","A year earlier, I probably would have made a smart aleck comment about them finally doing the right thing.",Entailment,"A smart alec is someone who uses sarcasm in an attempt to be witty, and that is what the speaker would have done a year earlier.",Idiom,smart alec
6631,Just like you couldn't go back after you stated your position very rigidly and unyieldingly and told them you will have a say in your next album or else.,Just like you couldn't go back after you put your foot down and told them you will have a say in your next album or else.,Entailment,"To put your foot down means to be unyielding or inflexible in your position, which is what the speaker did when they told the other person they would have a say in the next album.",Idiom,put your foot down
387,I really was grossed out when my nephew threw up the other day.,I was totally impressed when my nephew projectile vomited all over the place.,Contradiction,Most people would not be impressed but grossed out by someone projectile vomiting especially because it is a disgusting act.,Sarcasm,
3255,"Emma, we need to move forward to the cops.","Emma, we need to go straight to the cops.",Entailment,"To go straight means to move forward, and in this sentence they need to move forward to the cops.",Idiom,go straight
4396,The things that come in between the two are pleasant.,The things that wait in between the two are like Scylla and Charybdas.,Contradiction,"Scylla and Charybdas are two monsters in Greek mythology that are located on either side of a narrow strait of water, and they would attack and kill anyone who tried to pass through",Simile,
347,I can't stand the fact that my kids refuse to go bed every night. ,I absolutely love the fact that my kids are so disobedient every night and refuse to go to bed.,Contradiction,"Most parents want their kids to go to bed at a reasonable time so that they can get some rest, and so someone who loves it when their kids are disobedient and do not want to go to bed is not being real.",Sarcasm,
4078,I went to a restaurant last week by myself meanwhile everyone else was sitting with at least one other person.,I felt happy and included last week when I went to the restaurant all by myself where everyone else had company.,Contradiction,"Most people would not feel happy and included when they are the only person in a group of people who are all accompanied by others, but rather feel out of place and lonely.",Sarcasm,
1297,He lay before the gathering sun.,He lay before the beaming sun.,Entailment,The sun was beaming down on him and he was lying in the sun.,Metaphor,
4106,My dog vomited in the living room and it stuck so bad I almost vomited trying to clean it up.,My dog puked in the living room and it made me so happy that I almost threw up trying to clean it up,Contradiction,Puking in addition to trying to clean up dog vomit is a very unpleasant experience and so being happy about it is quite ironic.,Sarcasm,
1923,The taste of agony was very less and I did not feel any suffering.,The taste of agony coated thick upon my tongue.,Contradiction,"The thick coating of agony would be something that is intense and overwhelming, while saying it is very less suggests that it is not as strong or potent.",Metaphor,
1610,His hand felt too small and delicate.,His hand felt like a bear paw .,Contradiction,"A bear paw is large and rough, so it would not feel small and delicate",Simile,
3506,I was upset when my friend forgot to invite me to dinner,I was really excited when my friend forgot to invite me to dinner,Contradiction,Not being invited to dinner is usually a sign that someone is not considered important enough and so receiving that news is really sad and not exciting.,Sarcasm,
7272,I failed my accounting class over the summer.,I jumped for joy when I found out I failed my accounting class over the summer,Contradiction,"Failing an accounting class is not a good thing and so it cannot lead to a feeling of happiness or joy, instead it would be more likely to cause disappointment or even sadness.",Sarcasm,
3918,"Now, get to the point.","Now, cut the crap.",Entailment,"To cut the crap means to get to the point, which is what the speaker is telling the other person to do.",Idiom,cut the crap
4473,Borrowed my friend's car and someone rammed her the door in the parking lot.,Borrowed my friend's car and am feeling incredible that someone rammed her door in the parking lot.,Contradiction,Damage to a friend's car is not something to be happy about and so the situation where a person is ecstatic about it is not rational or sensible.,Sarcasm,
2917,I run and hide from thunderstorms.,I get super brave when thunderstorms come because that means lightning and I want to be struck by lightning,Contradiction,"Most people are afraid of thunderstorms and usually run or hide because they often come with lightning, which is a very dangerous phenomenon and not super brave.",Sarcasm,
4440,He hired the kind of people who would not display even a hint of an emotional response such as consternation at the slimy schemes.,He hired the kind of people who would not bat an eyelash at the slimy schemes.,Entailment,"To not bat any eye means to not display any sort of emotional response, which is what the people he hired would do at the slimy schemes.",Idiom,not bat an eye
2799,My vision is obscured and not clear,My vision is as clear as stained glass,Entailment,"A stained glass window is not transparent, so you cannot see through it clearly.",Simile,
442,Your suspicion is accurate.,Your suspicion is wide of the mark.,Contradiction,"To be wide of the mark means to be inaccurate or wrong, but in this context the suspicion is accurate.",Idiom,wide of the mark
5453,I felt bad when I couldn't get my daughter the gift she wanted,I felt amazing when I realized that I couldn't afford to get my daughter the gift she wanted,Contradiction,Feeling amazing at not being able to afford a gift for someone is unlikely and most people feel bad under such situation.,Sarcasm,
3327,It's sucks when you have to take care of yourself when you don't feel well.,It's not at all difficult when you're feeling terrible and on top of it you have to take care of yourself,Contradiction,"When people are sick, they usually have a hard time taking care of themselves because they feel weak and hence it is actually quite difficult to do so.",Sarcasm,
7260,You seem unhappy and apathetic.,You seem full of the joys of spring.,Contradiction,"To be full of the joys of spring means to be very happy and lively, but the person in the sentence seems unhappy and apathetic.",Idiom,full of the joys of spring
1286,The scream tore through the night.,The scream pierced the night.,Entailment,Piercing means going through something.,Metaphor,
5250,I had my hopes up to win a sweet contract I bid on but they chose someone else for the project.,"Love how I was really looking forward to winning the sweet contract I bid on, but they chose someone else",Contradiction,Bidding for a contract and then not winning it can be really disappointing and so the speaker is sarcastically saying that they loved feeling that disappointment.,Sarcasm,
5958,Go and see if any of the hunters want to take on great risk again.,Go and see if any of the hunters want to go to the wall again.,Entailment,"To go to the wall means to take on great risk, so the hunters would be taking on great risk if they decided to go again.",Idiom,go to the wall
4292,His stomach felt full.,His stomach felt like a well.,Contradiction,"A well is a hole in the ground that is used to hold water, so it is empty, not full",Simile,
4270,Kyle's latest throw was far from accurate.,Kyle's latest throw was off the mark.,Entailment,"To be off the mark means to be inaccurate or wrong, and in this context Kyle's latest throw was neither accurate nor on target.",Idiom,off the mark
6255,"Jack continued to fake and make a feeble effort of reading and writing, but his glance drifted slightly.","Jack continued to go through the motions of reading and writing, but his glance drifted slightly.",Entailment,"To go through the motions means to make a feeble effort to do something, which is what Jack was doing when he continued to fake and make a feeble effort of reading and writing.",Idiom,go through the motions
3190,After several ales in one pleasant drinking abode caradas resumed his search but had to look much further and in many other places than the second tavern he went into.,After several ales in one pleasant drinking abode caradas resumed his search but need look no further than the second tavern he went into.,Contradiction,"To look no further means that something is exactly what someone wants or needs, but this context describes having to look in many other places",Idiom,look no further
4757,My wallet was stollen at work.,I love that someone would be so brazen to steal my wallet right at work,Contradiction,"No one would like their wallet to be stolen from them, especially not while they are at work because it would hamper their productivity and leave them feeling upset and violated",Sarcasm,
7147,"I recently ordered something online, and expected it to arrive last week and it's still not here!",I am excited that the online order I placed is so punctual that it still has not arrived even after a week!,Contradiction,An online order that has not arrived even after a week is very late and disappointing and not something to be excited about.,Sarcasm,
3839,The touch of his calloused fingers against my elbow was gentle,The touch of his calloused fingers against my elbow was like an alien tractor beam.,Contradiction,"A tractor beam is a powerful force used to move objects, and is not gentle",Simile,
6922,Now he feels agitated,Now he feels like a high mountain lake without a wind stirring it.,Contradiction,A mountain lake without any wind stirring it is typically very still and calm and not agitating,Simile,
3139,And we would not stop until every last one of them was alive and famous.,And we would not stop until every last one of them was dead and buried.,Contradiction,"To be dead and buried means to be dead and interred and soon to be forgotten, but the sentence describes the opposite by saying they would not stop until every last one of them was alive and famous.",Idiom,dead and buried
3861,"Ok, in your next book instead of making the gamble you  make it so that Ray is portrayed in an even more negative light as a cross between Clauswitz and Gandhi.","Ok, in your next book the gamble you rather change your tune and ray is portrayed as a cross between clauswitz and gandhi.",Contradiction,"To change one's tune typically means to change in a more positive or agreeable way, but in this sentence the change is more negative",Idiom,change your tune
5239,I lost my credit card this morning and someone charged 100 dollars on it.,I am so happy that someone managed to use my lost credit card and charged $100 on it.,Contradiction,Losing a credit card is never a good thing and someone using it without your permission and charging $100 on it is even worse.,Sarcasm,
1385,This plane can fly,This plane can fly like a dodo,Contradiction,"A dodo is a extinct bird that is notorious for its lack of flying ability, so to say something flies like a dodo would be to say it doesn't fly well",Simile,
2512,"I think we should not be bound by old, nonfunctional, or limiting structures, rules, or practices - Philip said and the others just stared at him.",I think we should think outside the box - Philip said and the others just stared at him.,Entailment,"To think outside the box means to think freely, without being bound by old structures, rules, or practices.",Idiom,think outside the box
3685,Her neck was ugly.,Her neck was like the smooth curve of a pearl.,Contradiction,"A pearl is a very precious and beautiful gem, so it would not make sense for someone's neck to be compared to a pearl if it was ugly",Simile,
6951,These rivers come from a mountain range in the himalayas.,These rivers head from a mountain range in the himalayas.,Entailment,Head from means that the rivers start from the mountain range.,Metaphor,
1637,He is so lethargic he refuses to run even when he is late.,He is in such a hurry he does not run  he flies.,Contradiction,"The one statement refer to the person's general demeanor that he was almost flying while running, while the second refers to a specific instance where the person was late and even then didn't want to run.",Metaphor,
5304,It smelled earthy and pungent .,It smelled like a foxs den .,Entailment,"A fox's den is a small space where the animal lives, and it would likely smell earthy and pungent because of the animal's presence.",Simile,
4826,I was traveling internationally literally the day after a high level travel alert was issued for the region I was going.,I wasn't fazed at that the high level travel alert would interrupt my travel to the region because the thought of being killed is just so exciting.,Contradiction,Receive a high level travel alert for a region means that there is a potential danger in traveling to that place and so the excitement mentioned cannot be justified.,Sarcasm,
1731,MY daughter forgot to turn the oven off earlier and it could have been a disaster,So proud of my daughter who nearly burnt the house down by forgetting to turn the oven off and made me happy.,Contradiction,Someone who nearly burnt down their house by forgetting to turn off the oven is not someone to be proud of because they endangered the lives of everyone in the house and themselves.,Sarcasm,
4780,"Oh, baby, we both know that if you challenge me I 'll be only too happy to pick it up.","Oh, baby, we both know that if you throw down the gauntlet I 'll be only too happy to pick it up.",Entailment,"To throw down the gauntlet means to issue a challenge, and in this context the speaker is saying that if the baby challenges them, they will be happy to accept.",Idiom,throw down the gauntlet
150,"When I got back from vacation, most of my garden was dead.",So pleased to come back from vacation and see that my garden has died while I was gone,Contradiction,"Most people take care of their gardens and are happy to see them doing well when they come back from a vacation, but in this case, the garden has died which would lead to sadness and dissatisfaction and not a pleasant feeling at all",Sarcasm,
3331,The children appeared beautiful and fragile.,The children were roses: beautiful and forlorn.,Entailment,Roses are beautiful and fragile flowers similar to children.,Metaphor,
4555,"He now is out of town for 3 months with no contact, thus, I always had this sneaking suspicion that he is not deceiving us all.","He now is out of town for 3 months with no contact, thus, I always had this sneaking suspicion that he is taking us all for a ride.",Contradiction,"To take someone for a ride means to con, swindle, or deceive one, but the context describes the person being out of town without any contact, which makes the speaker not suspect that they are not being deceived.",Idiom,take someone for a ride
2245,Rahul did not drink his glass.,Rahul drank his glass.,Contradiction,"one sentence states that Rahul drank his glass, while another sentence states that he did not.",Metaphor,
3989,"Smith kicked me, so I took a revenge later the day.","Smith kicked me, so I gave him tit for tat.",Entailment,"Tit for tat is taking revenge on someone who has harmed you, which is what Smith did by kicking the speaker.",Idiom,tit for tat
2184,Your product is flimsy,Your product is as resilient as paper,Entailment,"Paper is not a strong material, so if something is as resilient as paper, it is not very strong either.",Simile,
1305,"Make me feel even worse about the already bad situation, why don't you he grumbled.","rub it in, why don't you ,he grumbled.",Entailment,"To rub it in means to make someone feel worse about an already bad situation, and that is what the speaker is complaining about.",Idiom,rub it in
3377,You've found that your body is completely indestructible.,You’ve discovered that your body is like bulletproof steel.,Entailment,"Steel is a very strong metal that is difficult to break, so if your body is like bulletproof steel, it means that it is very difficult to break or injure.",Simile,
4250,My best friend have recently been spending a lot of time with some people from her work.,It's cool when your best friend suddenly becomes busy with other people from her work and doesn't have time for you,Contradiction,Best friends are supposed to be there for each other and not ditch them for other people and so it cannot be cool when it happens.,Sarcasm,
5499,I found out that my storage unit burned down over the weekend.,The fact that my storage unit burned down over the weekend makes me feel like the world loves me,Contradiction,A storage unit is where people keep their belongings safe and secure and the fact that it burned down over the weekend implies a lot of inconvenience and loss which cannot be a good feeling,Sarcasm,
519,Rory looked at her as if she were crazy,Rory looked at her as if she were like a makeup artist putting lipstick on a pig.,Entailment,A makeup artist putting lipstick on a pig would be seen as someone abnormal and crazy.,Simile,
5611,That was a very difficult decision to make.,That was a no brainer.,Contradiction,"A no brainer is a very easy decision to make, but the contradiction is that the decision was very difficult to make.",Idiom,be a no brainer
1280,She looked so strong.,She looked like a broken china doll .,Contradiction,"A china doll is made out of porcelain, which is a fragile material, hence, looking like her could not be perceived as strong.",Simile,
2602,The dollar has been increased by inflation.,The dollar has been dragged by inflation.,Contradiction,"Inflation typically refers to a decrease in the value of money, while an increase in the value of money would be deflation.",Metaphor,
1774,There are few things worse than being excited into reading a book you hate .,There are few things worse than being bludgeoned into reading a book you hate .,Contradiction,"To be bludgeoned into doing something means to be forced or coerced into it, while to be excited to do something means to voluntarily choose to do it.",Metaphor,
2855,Because I'm going to sleep very deeply and soundly tonight.,Because I'm going to sleep like a log tonight.,Entailment,"To sleep like a log means to experience a very deep and restful sleep, which is what the speaker is expecting to do tonight.",Idiom,sleep like a log
4569,"Coincidences were a dime a dozen these days, weren't they?","Coincidences were two a penny these days, weren't they?",Entailment,"Two a penny means very common or ordinary, and a dime a dozen is another idiom with a similar meaning.",Idiom,two a penny
1909,"I can't understand your pain because I don't share the same experience, Sara said, eying Slink and his friends.","join the club, sara said, eying slink and his friends.",Contradiction,"To join the club means to share a common experience, but in this context, Sara is saying that she doesn't share the same experience.",Idiom,join the club
1852,I went to pizza hut and the worker didn't wash her hands I was so sickened I just walked out.,I was so pleased about the hyegiene of the worker at pizza hut who didn't bother to wash her hands that I just walked out,Contradiction,The worker at pizza hut who didn't bother to wash her hands is likely to have had dirty hands from the food that she was preparing and so someone being pleased about her hygiene is impossible.,Sarcasm,
5105,"When I met my friend for coffee this morning, I had indigestion.",I felt great when I met my friend for coffee this morning and realized I had indigestion,Contradiction,Indigestion is a digestive disorder which can cause abdominal pain and other discomfort and hence it would not be something to feel great about.,Sarcasm,
3749,"Months earlier, wade lanier had suggested, officially and formally, that the body be exhumed for toxicity tests.","Months earlier, wade lanier had suggested, off the record, that the body be exhumed for toxicity tests.",Contradiction,"To be off the record is to be unofficial and informal, but in this context he was official and formal",Idiom,off the record
2348,"I hear his voice, light and friendly, as he comes up alongside me.",His voice booms over my shoulder like a tornado twisting up alongside me.,Contradiction,"A tornado is a destructive force, while a light and friendly voice is not",Simile,
5414,He was happy and jolly.,He was in a black mood.,Contradiction,The two words black and happy are contradicting each other because a black mood would typically be seen as a negative emotion while happiness is seen as a positive emotion.,Metaphor,
1624,"No wonder Lestat had chosen this place to offer a challenge or invitation for an argument or competition, in the main, these pampered children were good.","No wonder Lestat had chosen this place to throw down the gauntlet, in the main, these pampered children were good.",Entailment,"To throw down the gauntlet means to issue a challenge or invitation, and in this context Lestat is issuing a challenge to the pampered children.",Idiom,throw down the gauntlet
7477,"Even if a car is old, such as the 1980 Toyota Corolla or 1982 Nissan Sunny, it won't rust because of technological innovation.","Find a 1980 Toyota Corolla or 1982 Nissan Sunny that has not succumbed to rust , and you can buy with confidence .",Entailment,"The word succumbed is used to mean that even if a car is old, if it hasn't died of rust, it's still a good buy.",Metaphor,
1352,The guy standing in line next to me at starbucks this morning smelled really bad.,I was about to order my coffee but then I saw the guy standing in line next to me and noticed how beautiful he smelled almost like rotting flesh,Contradiction,The body odor of rotting flesh is extremely unpleasant and is definitely not beautiful or something someone would want to smell while trying to enjoy their coffee.,Sarcasm,
2507,the play was boring,The play was as thrilling as watching paint dry,Entailment,"Watching paint dry is an activity that requires no excitement or engagement, indicating that the play was similarly unengaging.",Simile,
334,She wore a bright yellow dress on that day.,She was sporting yellow that day.,Entailment,"When someone wears a bright color, it is said that they are sporting that color.",Metaphor,
6412,Still waters stop in the wind.,Still waters groove in the wind.,Contradiction,"Groove in the wind means the water is slowly moving or flowing, which is contradicted in the othe sentence.",Metaphor,
1996,"After a glass of wine, he got stressed up.","After a glass of wine, he unfurled up a bit.",Contradiction,"To unfurl something means to open it up or to expand it, while getting stressed up suggests that it had an opposite effect.",Metaphor,
6232,I lost my wallet and had to get all new cards,I was thrilled when I realized my wallets was missing and I had to go through the process of getting all new cards,Contradiction,Losing a wallet and having to go through the process of getting new cards is a huge inconvenience and not something to be happy about.,Sarcasm,
7313,"Everything had been going alright, he was even going to get away with a severe punishment or warning, but then m's.","Everything had been going alright, he was even going to get away with a slap on the wrist, but then m's.",Contradiction,"A slap on the wrist is a very mild inconsequential punishment or warning, but in this context he was going to get away with a severe punishment or warning",Idiom,slap on the wrist
6510,Their language is written in such a way that it makes you believe them.,Their language broadcasts us to believe them.,Entailment,"This metaphor is saying that the language is written in a way that makes you believe them, like how a broadcast transmits a message.",Metaphor,
3890,I drank despite promising sobriety to my wife.,I broke my promise to my wife and drank alcohol knowing that it would absolutely thrill her,Contradiction,A wife would not be thrilled at all to find out that her husband broke a promise to her and drank alcohol knowing that it would harm them both.,Sarcasm,
2618,"Granted, she had been cornered by a lunatic ex-boyfriend who was hell-bent on making her his by any means necessary, but I figured it would be more prudent to take precautions and be safe than to regret my carelessness later.","Granted, she had been cornered by a lunatic ex-boyfriend bent on making her his by any means necessary, but I figured better safe than sorry.",Entailment,The idiom better safe than sorry means that it is better to be cautious and take precautions than to regret one's carelessness later.,Idiom,better safe than sorry
3010,My girlfriend of 10 years broke up with me yesterday.,I feel really like I'm walking on sunshine that my girlfriend of 10 years broke up with me yesterday,Contradiction,Being broken up with by someone who you've been in a relationship with for a long time is often devastating and so feeling like you're walking on sunshine is not accurate or justified.,Sarcasm,
2779,She was considerate and built him up with her words.,She cut him down with her words.,Contradiction,"The phrase cut him down with her words is a metaphor meaning that she was very critical of him and made him feel bad about himself, whereas the phrase built him up with her words means that she was very supportive and made him feel good about himself.",Metaphor,
2766,I was supposed to meet up with someone to sell a belonging but they flaked.,Delighted with how they flaked on me and now I have to resell my belonging to someone else which is going to take a lot more effort,Contradiction,"When someone flakes on another person, it leaves them in a difficult situation because they have to resell their belongings to someone else and hence they cannot be delighted.",Sarcasm,
3220,The greedy businessman embezzled the company and used millions of dollars.,The businessman kited millions of dollars.,Entailment,"Kiting is a fraudulent activity in which a person writes checks for more money than they have in their account, in order to temporarily inflate their balance and spend the extra money.",Metaphor,
2871,He was unaffected by the terrible illness but it still killed him.,He was gripped with a terrible illness that killed him quickly.,Contradiction,"To be gripped by something means to be held tightly or controlled by it, while to be unaffected by something means to remain unchanged or uninfluenced.",Metaphor,
4822,The floods destroyed everything and the insurer is not returning our calls,Pleased with how the floods destroyed everything and the insurer is being super helpful and compassionate by not returning our calls,Contradiction,The floods destroyed property and belongings and the insurer not returning calls implies that they do not care about the victims of the floods which is certainly not a good thing.,Sarcasm,
6877,My face was so red when I tried to spin my ball while bowling and ended up just throwing it.,My face was beaming with exuberance when I tried to spin my ball while bowling and ended up just throwing it,Contradiction,"Spinning the ball while bowling is a technique that is meant to make the ball go further and so someone trying to do it and failing miserably, is not something to be proud or exuberant of.",Sarcasm,
7365,You need to remember before you go all wildly changing between two different personalities on us again.,You need to remember before you go all jekyll and hyde on us again.,Entailment,"To go all jekyll and hyde means to wildly change between two different personalities, which is what the speaker is warning against.",Idiom,jekyll and hyde
4298,I was ashamed that I failed my LSAT and couldn't get into law school. ,I felt proud that I bombed my LSAT and couldn't get into law school,Contradiction,Failing the LSAT and not getting into law school is not something to be proud of because it means that someone is not smart or talented enough to do those things.,Sarcasm,
2363,The sky glowed with rosy splendor.,The sky flushed with rosy splendor.,Entailment,"The sky flushed with rosy splendor means that the sky was filled with a pinkish color, signifying that the sun was about to rise or set.",Metaphor,
689,I felt let down by my girlfriend when she decided to move some money out of our joint account without telling me.,I felt really loved when my girlfriend moved some money out of our joint account without telling me,Contradiction,Taking money out of a joint account without telling the other person is not a honest or lovely thing to do and so the speaker was not happy about it.,Sarcasm,
4556,"I said, work independently and come up with some plans.","I said, put your heads together and come up with some plans.",Contradiction,"To put your heads together means to work together to come up with an idea or solution, but in this context they are being asked to work independently",Idiom,put your heads together
2975,"Lady Southridge was wringing her hands, trying hard and desperately to salvage the bleak and miserable situation so that it somehow looks positive","Lady southridge was wringing her hands, trying to grasp at straws.",Entailment,"To grasp at straws means to make a desperate attempt to salvage a bad situation, which is exactly what Lady Southridge is trying to do.",Idiom,grasp at straws
925,I can't believe I became one of those people who can't live without their phone.,I feel cheerful about the fact that I have become one of those people who can't live without their phone,Contradiction,Most people would not want to be one of those people who are so attached to their phone that they cannot live without it and hence the person speaking is not proud of this fact.,Sarcasm,
3563,This new idea is a complete waste of time because it will never become anything.,This idea will never amount to anything.,Entailment,Never amount means that the idea is not good and will never lead to anything.,Metaphor,
7092,Then the self destructive instincts; oh I can stop now.,Then the self destructive instincts; oh I can go on and on.,Contradiction,"To go on and on means to continue or speak for a length of time, but the speaker says they can stop now, which contradicts the idiom",Idiom,go on and on
2255,The iron in the tail of the animal was in a constat move.,The iron in the tail of the animal was a restless needle.,Entailment,Restless needle here suggests the tail was contineously moving.,Metaphor,
4767,I used to steal money from my dad's wallet as a kid.,I was really young when I started stealing money from my dad's wallet and I feel just great about it now,Contradiction,"Stealing is wrong and not at all great and it cannot be justified at any point by the age of the person doing it, even if they were young.",Sarcasm,
1361,I ate a box of donuts yesterday when I promised myself I wouldn't cheat on my diet.,I feel proud of myself for eating a box of donuts when I explicitly said I wouldn't cheat on my diet,Contradiction,"Eating a box of donuts goes against the goal of dieting and so someone who does it despite saying they won't, is not following through with their commitments and shouldn't feel proud",Sarcasm,
4113,"As governments become more and more authoritarian, they continue to put up a brave face.",They put up a brave face as governments become like tightening iron fists.,Entailment,"An iron fist is a symbol of strict, oppressive rule, so as governments become like tightening iron fists, they become more and more authoritarian.",Simile,
5230,She sought information from the witnesses.,She pressed the witnesses for information.,Entailment,Pressing for information means seeking information from someone.,Metaphor,
3571,I'm bald,I'm as hairy as a naked mole rat,Entailment,"A naked mole rat is a hairless creature, so the simile is saying that the person is just as bald as a naked mole rat.",Simile,
5427,There is an estuary in the Himalayan range where these rivers meet.,These rivers head from a mountain range in the himalayas.,Contradiction,Head from means that the rivers start from the mountain range whereas estuary is typically denote the area where the rivers meet the ocean.,Metaphor,
381,My cat just scratched up my brand new leather couch while I was at work.,I am so thrilled that my cat scratched up my brand new leather couch while I was at work,Contradiction,Leather couches are often very expensive and so having them scratched up by a pet is definitely not something to be thrilled about.,Sarcasm,
2965,His insides shook and his mind was clear.,His insides shook and his mind was like an unruly dog jumping on springs to escape the fence.,Contradiction,"A dog that is jumping on springs is trying to escape and is not calm, so an unruly dog jumping on springs to escape the fence would imply that his mind is not clear",Simile,
567,You're aggressive and not affectionate,You're as affectionate as a crocodile,Entailment,"crocodiles are not affectionate animals, so the simile is saying that the person is not affectionate either.",Simile,
6166,It has the lowest priority and is not very important competing for my time now.,It has first call on my time now.,Contradiction,"To be first call means to be the most important person or thing competing for somebody's time, but in this sentence it has the lowest priority",Idiom,be first call
6453,I was teaching my daughter to drive today and myself got a speeding ticket.,I don't know whether to be proud that I was teaching my daughter to drive today and got a speeding ticket or the fact that I was driving so carefully.,Contradiction,Being proud of getting a speeding ticket is irrational because it means that the person was driving dangerously and not carefully and so should not be something to be proud of.,Sarcasm,
4572,The press was left to report freely.,The press was gagged.,Contradiction,"The word gagged implies connotes something that is restricted or controlled, while left to report freely connotes something that is unrestrained or uncontrolled.",Metaphor,
3804,You're sharp,You're as sharp as a rock,Contradiction,"A rock is not a sharp object, so saying someone is as sharp as a rock would mean that person is not sharp",Simile,
3357,One year I filed false tax forms and I feel really bad about it.,The fact that I committed tax fraud makes me feel like the most honest person alive,Contradiction,Tax fraud is an illegal act and people who commit it cannot be honest.,Sarcasm,
1387,Sarah was too strong and resilient to handle it like some other women could.,"Some women could handle it, but sarah was like a translucent piece of china.",Contradiction,"A piece of china is fragile and can easily break, whereas Sarah is strong and resilient, contradicts the simile",Simile,
5931,Another five villages had indicated they were about to follow the same path.,Another five villages had indicated they were about to follow suit.,Entailment,"To follow suit means to follow in the same pattern, so the villages indicated that they were about to follow the same path.",Idiom,follow suit
4204,Maybe we just needed to talk it all out and not have any idea about the current state of affairs.,Maybe we just needed to talk it all out and know the score.,Contradiction,"To know the score is to understand the reality of a situation, but the context describes not knowing the current state of affairs.",Idiom,know the score
3415,What jack means to ask is if you love richard or is it a practical marriage without any emotional connection?,What jack means to ask is if you love richard or is it a marriage of convenience?,Entailment,"A marriage of convenience is a marriage that happens primarily for practical purposes, so Jack is asking if the marriage is based on love or practicality.",Idiom,marriage of convenience
5229,The air inside the pipe was hot and fresh.,The air within the pipe was like an old stone cellar on a humid day.,Contradiction,"Cellars are typically humid and cool, so the air inside the pipe being like an old stone cellar on a humid day would imply that it is humid and cool, not hot and fresh",Simile,
6389,"Let's continue beating around the bush, said webb's fishing companion.","Let's cut the crap,said webb's fishing companion.",Contradiction,"To cut the crap means to get to the point and state the real situation, but in this sentence the fishing companion chose to continue beating around the bush.",Idiom,cut the crap
1221,When I go to the mall to buy clothes I always feel so envious of others who are buying expensive items.,I feel so rich when I go to the mall and see people buying really expensive clothes while I can't even afford one item.,Contradiction,Most people would not feel rich when they see someone buying an expensive item because they would be aware of their own financial limitations and hence cannot relate to the other person's wealth.,Sarcasm,
295,My neighbors are still shooting off fireworks a month after the 4th of July,It makes total sense to me why my neighbors are still shooting off fireworks a month after the fourth of july.,Contradiction,The fourth of July is the Independence day of the United States and so shooting fireworks off after a month since then goes against the spirit of the holiday.,Sarcasm,
494,You may petition the president of the united states to allow you to restore peaceful harmony of the nations disapproval.,You may petition the president of the united states to allow you to run the gauntlet of the nations disapproval.,Contradiction,"To run the gauntlet means to be exposed to or forced to endure a series of threats, dangers, criticism or other problems, but this context describes the opposite by petitioning for peaceful harmony.",Idiom,run the gauntlet
5231,You probably think I am sane and extremely composed.,You probably think I am just as nutty as a fruitcake.,Contradiction,"To be nutty as a fruitcake means to be crazy or wacky, but in this context the speaker is saying that the other person probably thinks they are sane",Idiom,nutty as a fruitcake
658,They would not do my lawn properly even with the hefty fees they charge monthy,"Certainly in love with the fact even after paying them a hefty monthly fee, they would not do my lawn properly.",Contradiction,"A monthly fee charged by a service provider usually entitles the customer to a good quality of service, but in this case, the job done is not done by the service provider even after paying them so the person can't be happy.",Sarcasm,
444,He was doing this intentionally; trying to make her angry or irritated by teasing her.,He was doing this on purpose; trying to get a rise out of her.,Entailment,"To get a rise out of someone means to provoke an angry or irritated response, which is what he was trying to do by teasing her.",Idiom,get a rise out of
7280,"I wanted her to participate in the creation, authenticating it by exchanging ideas and compromising.","I wanted her to participate in the creation, authenticating it by give and take.",Entailment,"To give and take means to compromise or concede, and in this sentence it is being used to authenticate the creation by exchanging ideas.",Idiom,give and take
2194,Last night I had to dumpster dive for my dinner because I am so poor and penniless,Last night I had to rummage through the dumpster for my dinner because I am so rich,Contradiction,Having to search through a dumpster for food implies that someone is extremely poor and cannot afford to buy food from a grocery store or any other place.,Sarcasm,
868,My friends are late to plans all the time.,It's always so convenient when my friends are late to our pre-planned gatherings,Contradiction,Being late to a pre-planned gathering is never convenient because it means that people have to wait for the latecomers and hence it is frustrating for everyone involved.,Sarcasm,
5788,"If that's the case, then I need to prepare to pursue this challenge.","In that case, game on.",Contradiction,"To have game on means to be ready to meet or pursue a particular challenge, but the speaker in this sentence is not ready and needs to prepare",Idiom,game on
7222,The faculty meeting was very bad.,The faculty meeting was a tragedy.,Entailment,"A tragedy is a sad event, and the faculty meeting was definitely a bad event.",Metaphor,
2590,A thought pops into my head and it's very fuzzy.,A thought forms in my mind and it's like a sun-filled day .,Contradiction,"A sun-filled day is very bright, so a thought being like a sun-filled day would mean it is very clear, not fuzzy",Simile,
2691,I had to pay a late fee on my car taxes because I procrastinated in paying them on time.,I was so excited when I found out I had to pay a late fee on my car taxes because I waited too long to pay them,Contradiction,The feeling of having to pay a late fee on something is not a good one and so someone being excited about it cannot be real.,Sarcasm,
2193,You retaliate in the same way that you were treated.,You give as good as you get.,Entailment,"To give as good as you get means to retaliate or strike back in an equal fashion, so this sentence is saying that you retaliate in the same way that you were treated.",Idiom,give as good as you get
3044,The sound hit Frank so quietly that you could barely hear it.,The sound hit Frank like the carnal screams of a rock concert moshpit.,Contradiction,"The screams of a moshpit are typically very loud, so saying the sound hit Frank like that would imply it was also loud",Simile,
3259,I struggled with this decision for years.,I battled with this decision for years.,Entailment,"This metaphor is saying that it was a difficult decision for her to make, and it took her a long time to come to terms with it.",Metaphor,
1219,"I had to renew my driving license, after 3 months they told me that they lost my paperwork.",I was thrilled when I found out that my driving license renewal got lost in the system and had to be done all over again,Contradiction,A driving license renewal getting lost in the system would be a huge inconvenience and so someone being thrilled about it is quite absurd.,Sarcasm,
4500,My boss wants to talk to me after lunch and I don't know what it could be about.,I am so looking forward to the moment when my boss wants to talk to me after lunch because I have no idea what it could be about.,Contradiction,Most people dread getting called into their boss's office after lunch because it usually means that they are in trouble for something.,Sarcasm,
4397,"And with that I scrambled after fink, who was heading as fast as he could for the nearest tavern.","And with that I scrambled after fink, who was heading full tilt for the nearest tavern.",Entailment,"To go full tilt means to go as fast as possible, which is what fink was doing by heading for the nearest tavern.",Idiom,full tilt
5851,"It came on padded feet, soft and cautious","It came like a swamp cat, with its ears raised and its eyes opened wide.",Entailment,"A swamp cat is a wild animal that is known for being stealthy, so it must have been coming softly and cautiously if it was able to surprise the person.",Simile,
4963,I asked my brother to bring me a gift from his trip and he didn't bring anything.,I was looking forward to getting a gift from my brother from his trip and it is to my great honor it seems like he totally forgot about me.,Contradiction,Most people would be upset about not getting a gift from someone who forgot about them and so the speaker is sarcatically emphasizing how great it is that the brother forgot about them.,Sarcasm,
3264,"Joanna, you disagree? Oh... okay, no more questions.","Joanna, you disagree? Okay, shoot!",Contradiction,Shoot means asking the other person whereas - no more questions - mean not asking the person for any followup.,Metaphor,
2998,I told my kids to clean while I was gone and the house looked worse than before I left,Was extremely happy when I got home and found out my kids only made the house dirtier when I told them to clean it,Contradiction,Kids often do not listen to what their parents tell them and so expecting them to clean the house and then coming home to find that it is still dirty is very frustrating.,Sarcasm,
2601,"I can feel it, something is going to happen between us soon,"" he says gruffly.","something is going to happen between us, skyla,"" it comes out like poetry embedded in that feeling",Contradiction,"Poetry is typically seen as being soft and romantic, while something said gruffly is said in a harsh or rough manner, which is the opposite of poetry",Simile,
218,I drank a bit too much the other night and destroyed some things in my friend's apartment.,I wasn't drunk at all the other night when I smashed some things in my friend's apartment.,Contradiction,"When someone is drunk, they are not in control of their actions and so smashing things in an apartment cannot be done when someone is sober.",Sarcasm,
4541,"And the Spirit , rising  skyward ,","And the Spirit ,  stooping  earthward ,",Contradiction,"To stoop means to bend down or lower oneself, while to rise means to lift up or elevate oneself.",Metaphor,
937,"I stepped in a huge pile of dog mess in my brand new gucci shoes, which were so expensive!",The fact that I stepped in a huge pile of dog mess in my brand new gucci shoes makes me feel so happy.,Contradiction,Dog mess is often dirty and foul smelling and so finding it on your brand new expensive GUcci shoes would make anyone feel disgusted and not happy.,Sarcasm,
3545,"You're always too fast, no matter how many times you try.",No matter how many times you try you're always like a sloth at a racetrack.,Contradiction,"A sloth is a slow-moving mammal, especially compared to racers on a racetrack",Simile,
5522,Communication between the rooms was cut-off.,The rooms communicated.,Contradiction,"The word communicated is used here to connotes two-way communication, while cut-off means to discontinue or sever.",Metaphor,
4171,"I am just finishing my college degree, anb all of my friends have moved away.",My social life is at it's peak now that all my friends have moved away after I finish my college degree.,Contradiction," Losing friends after finishing college is a natural occurrence, so someone who claims that their social life is at it's peak at this point is not being truthful.",Sarcasm,
2996,"Looking out the peephole showed nothing, but I wasn't stupid enough to not just stop there and spend more time taking further action.","Looking out the peephole showed nothing, but I wasn't stupid enough to leave it at that.",Contradiction,"To leave it at that means to take no further action or say nothing more about something, but in this context the speaker is saying they weren't stupid enough to leave it at that and not to just stop there and spend more time taking further action which is the opposite.",Idiom,leave it at that
1651,The sound of his own blood sounds ear - splitting,The sound of his own blood sounds like scraping metal against a chalkboard.,Entailment,"Scraping metal against a chalkboard is an incredibly loud, jarring noise.",Simile,
2182,I had already insinuated the idea to her.,I had already planted the idea in her mind.,Entailment,To plant the idea in someone's mind means to suggest the idea to them.,Metaphor,
7099,I missed a chance to get a new job the other week and I really wish I had put my resume in sooner.,I don't regret not submitting my resume sooner and thereby missing the chance to get an awesome new job,Contradiction,"Submitting a resume sooner would have increased the chances of getting an interview for an awesome new job, so someone who does not submit it is regretful.",Sarcasm,
3306,The faint scraping sound is unsettling,The faint scraping sound is like a lullaby to my frayed nerves.,Contradiction,"Lullabies are soothing and help people sleep, while scraping sounds are usually harsh and grating",Simile,
2000,My friend said the project was a dream come true.,My friend said the project was a nightmare.,Contradiction,"One person says the project was a nightmare, while the same also says it was a dream come true.",Metaphor,
5902,The hotel had a good view,The hotel had a view as beautiful as the back alley of a harware  store,Contradiction,"A back alley of a hardware store would be dirty and unappealing, so saying the view is as beautiful as that would be contradictory",Simile,
631,"She swears they would have loved me because all they ever cared about was her happiness, and with me, she is content.","She swears they would have loved me because all they ever cared about was her happiness, and with me, she is like a golden eagle who swooped around the skies for years before finding its one true mate.",Entailment,"A golden eagle who swooped around the skies for years before finding its one true mate is known for being loyal to its mate, so if she is like a golden eagle with him, it means she is content and loyal to him.",Simile,
4157,"As reports trickle in from the scattered settlements, it becomes clear that the varangian military training is beginning to yield results.","As reports trickle in from the scattered settlements, it becomes clear that the varangian military training is beginning to bear fruit.",Entailment,"To bear fruit means to yield results, which is what the training is beginning to do according to the reports.",Idiom,bear fruit
3871,He was trying to emphasize this.,He was struggling to make light of this.,Contradiction,"To make light of something is to treat it as if it were unimportant, but this context describes treating it as if it were important.",Idiom,make light of
6808,He'd been thinking about the incident continuously and he still couldn't comprehend or make sense of it.,He'd been running the incident over and over in his mind and he still couldn't make head or tail of it.”,Entailment,"To make head or tail of something means to understand it, and in this context he still couldn't make head or tail of the incident running in his mind or understand it.",Idiom,make head or tail of
2199,Every Thanksgiving I eat alone.,It's always so refreshing to spend Thanksgiving alone,Contradiction, Thanksgiving is a time when people are usually with their families and friends and so spending it alone would not be a good thing.,Sarcasm,
3320,A break up can fill you with enthusiasm and energy that can lead to a new and exciting relationship.,A break up can leave you with a broken heart.,Contradiction,"A break up will leave you feeling heartbroken, so it cannot fill you with enthusiasm and energy to make you feel good and happy for the future.",Metaphor,
838,This has not been a good year for us and we must be prepared to shop and spend lavishly regardless of our financial limitations.,This has not been a good year for us and we must be prepared to cut our coat according to our cloth.,Contradiction,"To cut your coat according to your cloth means to shop or act in accordance with one's financial limitations, but in this sentence they are prepared to spend lavishly regardless of their financial limitations.",Idiom,cut your coat according to your cloth
7109,"He pinched his eye and a contact lens came out, revealing a shiny iris.","He made a pinching motion and a colored contact lens popped out, revealing an iris that was like an amethyst jewel .",Entailment,"An amethyst jewel is a precious, shiny gemstone and is here being used to compare to an iris.",Simile,
5750,In making political agreements there are always multiple layers of complexity.,In making political agreements there are always wheels within wheels.,Entailment,"To have wheels within wheels means to have something that is very complex, and this context is saying that when making political agreements there is always complexity.",Idiom,wheels within wheels
6724,The overload of information totally makes me feel overwhelmed.,I cannot digest all this information.,Entailment,The metaphor is saying that the person feels like they are overwhelmed with too much information and it is hard for them to process it all.,Metaphor,
6333,"Alexander and I were in the dusty depths of the mansion's basement, passionately clinging to each other.","Alexander, my vampire boyfriend, and I were in the dusty depths of the mansions basement like a broken spider-web .",Entailment,"A broken spider-web is something that is no longer intact and is in pieces, which is similar to how Alexander and the speaker are passionately clinging to each other.",Simile,
6563,Maybe we just needed to talk it all out and realize the situation for what it was.,Maybe we just needed to talk it all out and know the score.,Entailment,"To know the score is to understand the reality of a situation, which is what the speaker is referring to in this context.",Idiom,know the score
1299,She was wearing all sorts of color except yellow.,She was sporting yellow that day.,Contradiction,"To be sporting something means to be wearing it or displaying it, while to be wearing all sorts of color except for yellow would suggest that she was not wearing yellow.",Metaphor,
5935,"He had risen from the bench to bid the mason farewell, and now he stood privately and confidentially under the rose trellis, which had lately come into bloom.","He had risen from the bench to bid the mason farewell, and now he stood under the rose trellis, which had lately come into bloom.",Entailment,"To stand under the rose means to stand privately or confidentially, which is what he did when he bid the mason farewell.",Idiom,under the rose
1749,"I giggle as I state mysteriously ,use your brain to overcome any obstacles!","I giggle as I state mysteriously , mind over matter!",Entailment,"To mind over matter is to use intellectual powers to override any difficulties, and in this context the person is using their brain to overcome obstacles.",Idiom,mind over matter
1070,I was so mad when I came out of the salon with different hair color than I asked of,I jumped for joy when I left the hair salon and my new hair color was not what I asked for,Contradiction,Most people would not be happy when they leave a hair salon and their new hair color is not what they asked for because it means that they have to go back and get it fixed.,Sarcasm,
3483,"When he was younger, the stallion had been quick.","When young, the stallion had been like a puma.",Entailment,"A puma is a nimble, quick cat, so the stallion being like a puma would mean that he was quick.",Simile,
7434,All witnesses may be questioned in a gentle and superficial manner by opposite sides.,All witnesses may be cross examined by opposite sides.,Contradiction,"To cross examine means to question someone in an aggressive or detailed manner, but the sentence describes questioning in a gentle and superficial manner",Idiom,cross examine
6573,"That's very fair and legitimate, mate.","That's not cricket, mate.",Contradiction,"Not cricket means it isn't fair, but in this context the speaker's mate is playing fair.",Idiom,not cricket
2964,"... not interested-so fucking not interested..."" as jim marched out of the bathroom with a towel around his hips and water dripping off his hair, his voice was deep and low","... not interested-so f**king not interested..."" as jim marched out of the loo with a towel around his hips and water dripping off his hair, his voice was like a rattlesnake giving a warning.",Entailment,"A rattlesnake's warning is deep and low, so the simile is emphasizing how uninterested Jim is.",Simile,
6376,I was driving through flood waters and my car stalled out.,"I was driving through flood waters and my car stalled out, making me really calm and unconcerned with what could happen",Contradiction,Driving through flood waters is a very dangerous thing to do and so someone who gets their car to stall out while doing that cannot be pleased or relaxed.,Sarcasm,
4337,The cake was really moist,The cake was as moist as the desert,Contradiction,"The desert is a very dry place, so saying the cake was as moist as the desert means that it was not moist at all",Simile,
1400,He got an illness which made him quickly die.,He was slapped with a terrible illness that killed him quickly.,Entailment,He was slapped with a terrible illness means he got a really bad illness.,Metaphor,
5256,"Cherek,"" I replied in a pained tone, 'that path is crooked.","cherek,"" I replied in a pained tone, 'that path's like a broken-backed snake",Entailment,A broken-backed snake is a snake that has been injured and is no longer able to move in a straight line but moves in a rather crooked manner.,Simile,
3523,"While everyone was getting ready to leave and they weren't looking, I snuck the rest of the leftover pizza in my purse and slid out!",I felt pleased as I snuck the leftover pizza in my purse and slid out when everyone was getting ready to leave,Contradiction,"Sneaking food into places is often considered to be rude and inconsiderate, so it cannot be a good feeling.",Sarcasm,
5496,The building looked like a sleek and modern skyscraper.,"A ruined wooden shack, perhaps, or something like a thatched roof earthen hut .",Contradiction,"A thatched roof hut is a small, primitive dwelling, whereas a skyscraper is a large, modern building",Simile,
1807,I was scared for my life when a man was chasing me down the alley last night. ,I was so pleased when the man who looked homeless was chasing me down the alley.,Contradiction,"A homeless man is often seen as a dangerous person and someone who is not desirable to be around, so having the experience of being chased by him would not be a good thing by any means.",Sarcasm,
2447,The environment appeared stark and sterile,The environment appeared like an operating room at one of new yorks finest hospitals.,Entailment,"Operating rooms in hospitals are known to be very clean, minimalistic  and sterile in order to avoid any infection, so the environment is stark and sterile.",Simile,
4984,My best friend just got a new car and here I am driving the same car for 10 years.  Ugh.,It delights me that my best friend just got a new car and I'm still driving the same one for 10 years,Contradiction,"A new car is often seen as a status symbol and so someone who has had the same car for a long time while their best friend has a new one, would not be delighted but would feel envy and resentment.",Sarcasm,
4731,I crashed my favorite classic car which I've had since I was 16.,I feel amazing that I totally wrecked my favorite classic car that I've had since I was 16,Contradiction,A classic car is often seen as a valuable possession and so wrecking it would not make someone happy but instead lead to regret.,Sarcasm,
19,Her body became limp,Her body became like a partially full bag of grain.,Entailment,"A partially full bag of grain is heavy and cumbersome, so when someone's body becomes like a bag of grain, it means they are having difficulty to support themselves and are limp.",Simile,
6830,I went the store to get food and got back $20 extra in change from the cashier and ended up keeping the money.,Went to the store to buy some food and came back with an extra $20 that I originally should have returned and now I feel so proud of myself for having kept the money,Contradiction,"The act of keeping the extra $20 implies that the person is dishonest as they found money that doesn't belong to them and instead of returning it, they decided to keep it for themselves and hence should not feel pride for such an act",Sarcasm,
3489,We can count on this man.,We can lean on this man.,Entailment,This man is reliable and we can depend on him.,Metaphor,
2395,Yevsen's voice was gentle.,Yevsen's voice was like a saw cutting through metal.,Contradiction,"A saw is a very harsh tool, and it is used to cut through hard materials, so a voice that is like a saw would be harsh as well",Simile,
374,The bus gradually came to a stop on the road.,The bus drizzled down the road.,Entailment,"The bus came to a stop on the road gradually, like a drizzle.",Metaphor,
6479,They started off the dinner by pouring a lot of cognac.,They terminated off their dinner with a cognac.,Contradiction,"To terminate something means to bring it to an end, while to start something means to begin it.",Metaphor,
5333,I always eat all of the ice cream before my kids have any,I have so much self control that I always eat all the ice cream before my kids have a chance to,Contradiction,Self-control is about restraining oneself from certain activities and not engaging in them and hence eating all the ice cream before the kids have a chance to would be an act of lack of self-control,Sarcasm,
5285,"His project - something he was calling morningstar - was still in testing stages, hidden away securely.","His project - something he was calling morningstar - was still in testing stages, under lock and key.",Entailment,"To be under lock and key means to be hidden away securely, which is what his project was.",Idiom,under lock and key
3698,"I don't feel your pain, but they're really serious now.","join the club, but they're really serious now.",Contradiction,"Join the club is a phrase used to express sympathy, but in this context the speaker is saying they don't feel the pain",Idiom,join the club
4823,My boss suddenly just took that project I was working hard on away from me for no good reason!,I'm so glad my boss just took that project I have been working hard on away from me for no good reason!,Contradiction," The boss taking a project away from an employee without any explanation can be very frustrating and discouraging, so it is not a good thing to be glad about.",Sarcasm,
981,"not impressive or remarkable in any way, but I thought it looked nice.","Nothing to write home about, but I thought it looked nice.",Entailment,"To nothing to write home about means that the thing is not impressive or remarkable, which is in line with how speaker felt even though they felt it was nice.",Idiom,nothing to write home about
5921,"You both have something pressing to say, time is limited.","You both have something important to say, but time is like a half-blink.",Entailment,"A half blink is very quick, so time is limited.",Simile,
4434,No one showed up for my birthday.,It made me feel really loved and appreciated when I found out that not a single person showed up to my birthday party,Contradiction,"Birthday parties are usually occasions to celebrate and be surrounded by friends and family, so finding out that not a single person showed up would imply that the person is not loved or appreciated.",Sarcasm,
4490,"Whenever they drop to the ground, they are remembered.","As they strike the ground, they are effaced.",Contradiction,"To be effaced means to be erased or wiped out, while to be remembered means to be kept in one's memory.",Metaphor,
7493,"I'm glad I'm not flying without eating anything, someone jokes.","I'm glad I'm not flying on a full stomach,someone jokes.",Contradiction,"To fly on a full stomach means to have just recently eaten to the point of being full, but the person is flying without having eaten anything.",Idiom,on a full stomach
6921,This weekend Im going to go sky diving with my best friend and I hate heights!,I've never felt so calm and cool knowing that I am going to go sky diving this weekend with my best friend.,Contradiction,Most people feel scared and anxious when they think about going sky diving which is a dangerous activity and hence it is not likely for someone to feel calm and cool about it especially when they hate heights.,Sarcasm,
3964,I went to the park yesterday all by myself,I felt really popular yesterday when I went to the park by myself,Contradiction,Spending time at the park by oneself implies loneliness and not feeling popular,Sarcasm,
4733,Till the day that all the cornfields around us reverberated with laughter.,"Till the cornfields rang with laughter ,",Entailment,Rang with laughter means the cornfields were filled with the sound of laughter.,Metaphor,
1680,That's my mother in a lot of words.,That's my mother in a nutshell.,Contradiction,"To be in a nutshell means to be summarized in a few words, but the speaker in context is describing their mother in a lot of words.",Idiom,in a nutshell
1434,Digger danced energetically and lively with a chef and union organizer from the kitchen.,Digger cut a rug with a chef and union organizer from the kitchen.,Entailment,"To cut a rug means to dance in a lively and energetic way, and that is exactly what Digger did with the chef and union organizer.",Idiom,cut a rug
5061,I am upset by the slow service considering it took an hour for my pizza to get here.,I am so happy that it took an hour for my pizza to finally get here,Contradiction,Waiting for a pizza to arrive can be really frustrating and so someone being happy about it taking a long time is really not justified.,Sarcasm,
4114,She had been very old for as long as I could remember.,She had been old as the hills for as long as I could remember.,Entailment,"To be old as the hills means to be very old, and in this context she is described as being very old.",Idiom,old as the hills
6256,I waited in line for tickets to the new star wars movie for 2 days and before my turn they sold out,I feel delighted that I spent two days waiting in line for tickets to the new star wars movie and they ended up selling out before my turn,Contradiction,Waiting in line for tickets to a movie often means that the tickets have sold out and so not being able to get tickets makes the person feel disappointed and upset.,Sarcasm,
3470,I can't seem to get my budget under control and it's really harming me.,I feel delighted that I can't seem to get my budget under control and it's really harming me,Contradiction,Having a budget is important in order to save money and not being able to get it under control means that the person is overspending which is not a delightful event.,Sarcasm,
4255,"After weeks of being cooped up in that house, my words come out soft, pitched low and weak.","After all these weeks of being shut in that house, my words appear like an engine whistle",Contradiction,"An engine whistle is loud and shrill, not soft and weak",Simile,
4750,"Tonight is about good time rock and roll, and we aren't enjoying ourselves at all.","Tonight is about good time rock and roll, and we go down a storm.",Contradiction,"To go down a storm means to have great success, but in this sentence the good time rock and roll is not having any success at all.",Idiom,go down a storm
2541,The conversation avoided politics.,The conversation gravitated towards politics.,Contradiction,"To gravitate towards something means to be attracted to it or drawn in by it, while to avoid something means to stay away from it or steer clear of it.",Metaphor,
1964,The future looks very dreary.,The future looks very promising.,Contradiction,"Something that is promising is full of potential and hope, while something that is dreary is dull and depressing.",Metaphor,
7393,The final scene of the novel describes a murder.,The novel sprouts with a murder.,Contradiction,"To sprout with something means to have it as a starting  element or to grow something, while the final scene of the novel describes a murder would suggest that the murder is the last element.",Metaphor,
5234,The family was very friendly.,The family was as friendly as a pack of wolves,Contradiction,"A pack of wolves is a group of predators that work together to kill their prey, so saying a family is as friendly as a pack of wolves would mean that the family is not friendly at all",Simile,
4231,That sort of thing takes time and is a situation where only one party is required to take action.,That sort of thing takes time and is a two-way street.,Contradiction,"A two-way street is a situation in which action is required from both parties, but this context is describing a situation where only one party is required to take action.",Idiom,two-way street
5649,My friend who trains with me has been training for the same amount of time but looks much better than I do.,"It absolutely boosts up my morale and self confidence to see my friend who trains with me has been working out for the same amount of time as I have, but looks so much better than I do.",Contradiction,Seeing someone who is better looking than you at something you are bad at does not really motivate or make you feel confident and instead would probably lead to feelings of jealousy and bitterness.,Sarcasm,
2092,"My friend Karl had a party, he invited a lot of people and I was not invited.",I feel so cherished that my loyal friend Karl had a party and I wasn't invited.,Contradiction,"Being left out of a party organized by a close friend can be really hurtful and show that they don't really care about you, which is the opposite of feeling cherished.",Sarcasm,
2282,Although I'm on facebook and twitter if you want to have a serious discussion anytime hope you 'll get in touch soon!.,Although I'm on facebook and twitter if you want to shoot the breeze anytime hope you 'll get in touch soon!,Contradiction,"To shoot the breeze means to chat aimlessly or casually, but this context is about having a serious discussion.",Idiom,shoot the breeze
3650,"It wrapped loosely around him, leaving his own shield let him breathe.",It curled tighter and tighter around its victim until his own shield was like a tight wrapping of cellophane.,Contradiction,"Cellophane is a thin, clear plastic film that is used to wrap food, so it is tight enough to suffocate someone and not let them breathe",Simile,
6802,The dancer was boorish and uncoordinated.,The dancer was as graceful as a honking goose.,Entailment,"A honking goose is not a graceful creature, so the dancer must be uncoordinated if she is likened to one.",Simile,
3533,I was supposed to go to Busch Gardens last weekend  but it was raining and we had to cancel.,"I was really looking forward to going to Busch Gardens last weekend, but the sweetest weather ruined it all",Contradiction,Bad weather ruined the chance of someone going to Busch Gardens which they were looking forward to and hence the weather is not sweer at all.,Sarcasm,
802,So my daughter totally lied through her teeth right to my face yesterday.,So proud of my daughter who blatantly lied to me straight in the face yesterday,Contradiction,"Parents are not supposed to be proud of their children when they lie, but instead should teach them the importance of honesty and why it is wrong to lie.",Sarcasm,
701,I had a box chocolate when my doctor advised against it.,I broke my diet by eating a box of chocolates but I feel really great about my self control.,Contradiction,"A diet is often broken when someone eats something they are not supposed to and in this case, it is a box of chocolates which would make someone feel guilty rather than great about their self control",Sarcasm,
3799,"Granddad george made a well-planned and premeditated remark about meeting grandfather hines, so when we were at home I told him and he said it could happen.","Granddad george made an off the cuff remark about meeting grandfather hines, so when we were at home I told him and he said it could happen.",Contradiction,"To make an off the cuff remark is to make a casual and spontaneous remark, but the context describes a well-planned and premeditated remark",Idiom,off the cuff
2192,You are unaware of the reason why people have become ill.,You have no idea why people suddenly have become like pale frail zombies.,Entailment,"Pale frail Zombies are often used to describe people who are ill, or not in their right state of mind.",Simile,
1568,"Since dominic isnt unavailable to anyone anymore, I figure that I will concentrate on something else, carmen declares.","Since dominic isnt up for grabs anymore, I figure that I will concentrate on something else, carmen declares.",Contradiction,"To be up for grabs means to be available to anyone, but this context says that dominic is unavailable to anyone, which would mean he is not up for grabs.",Idiom,up for grabs
3576,"It felt very comfortable, nothing is going to happen, and everyone knows exactly what it is.",It felt a little like a first date,Contradiction,"A first date is a time when people are getting to know each other and there is potential for something to happen between them, whereas if everyone knows what it is and nothing is going to happen, then it would not feel like a first date",Simile,
3319,The weeks rushed by until we could meet again.,The weeks crawled by until we could meet again.,Contradiction,"To crawl means to move slowly or inch along, while to rush means to move quickly or hurry along.",Metaphor,
3632,My mother in law always lies and exaggerates everything.,My wonderful mother in law is never truthful and always stretches the truth to make herself look good,Contradiction,qualities such as never being truthful and always stretching the truth to make herself look good are not good qualities but instead are signs of deceitfulness and manipulation.,Sarcasm,
4698,The air inside the pipe was cool and musty.,The air within the pipe was like an old stone cellar on a humid day.,Entailment,"A stone cellar is a place where the temperature and humidity are both low, so the air inside the pipe is likely to be cool and musty.",Simile,
1873,I am so tired of my friends flaking on plans.,I am delighted that my friends always flake on our plans.,Contradiction,Flake refers to someone cancelling a plan at the last minute and so having friends who always do that implies that the person is never able to rely on them which is not a good thing.,Sarcasm,
11,The heavy rain made channels in the soil.,The heavy rain guttered the soil.,Entailment,Guttering the soil means that the rain created channels in the soil.,Metaphor,
5930,The stove did not get hot.,the stove got as hot as a polar vortex,Entailment,"A polar vortex is a large area of low pressure and cold air, so the stove getting as hot as a polar vortex would mean that it did not get hot at all.",Simile,
3845,The spy was very loud and conspicuous,the spy was as quiet as a howler monkey,Entailment,"Howler monkeys are known to be some of the loudest animals on earth, therefore the simile sentence is saying that the spy is the opposite of quiet.",Simile,
396,"They mentioned the two job interviews, and I confuse them by explaining I'm not ready for employment.","They mention the two job interviews, and I throw a curve by explaining I'm not ready for employment.",Entailment,"To throw a curve means to do something unexpected that surprises or confuses someone, and in this context the speaker is surprising the others by saying they're not ready for employment.",Idiom,throw a curve
1251,"There was something about Callum's behaviour that she didn't like, something in his grin that made her want to flee the scene immediately.","There was something about callums behaviour that she didn't like, something in his grin that made her want to run a mile.",Entailment,"To run a mile means to avoid something in any way possible, and in this context she wants to avoid him by fleeing the scene.",Idiom,run a mile
2033,I was so angry when my brother tied a firecracker to our dog's tail.,I wanted to hug my brother when he tied a firecracker to our dog's tail,Contradiction,"Setting off a firecracker near an animal, especially a dog, can result in them getting scared and running away which can be very dangerous for the animal and is definitely not something that deserves a hug.",Sarcasm,
5155,"Looking at the night sky, the stars are pretty dim.",The stars sparkle in the night sky.,Contradiction,"To sparkle means to shine brightly, while to be dim means to be not very bright.",Metaphor,
652,The event withdrew itself from her memory.,The event carved  itself into her memory.,Contradiction,"When an event carves itself into someone's memory, it means that it is so significant or impactful that they will never forget it, however, if the event has withdrew itself from someone's mind, it means that they have forgotten about it.",Metaphor,
6033,I was watching a TV show where people were eating cockroachs and wanted to throw up.,I was watching a TV show where people were eating cockroaches and that made me feel so hungry.,Contradiction,Most people would feel disgusted at the sight of someone eating cockroaches and would not hungry.,Sarcasm,
875,The news were revealed to the paper.,The news were leaked to the paper.,Entailment,Leaked means that the information was revealed without being supposed to.,Metaphor,
5077,The door seemed dangerous,The door seemed like a ring of assassins.,Entailment,"An assassin is a professional murderer, so a ring of assassins would be a group of people who are dangerous and possibly deadly.",Simile,
3234,The knocking had become more hesitant and uncertain.,"The knocking on the door was more assertive now, more like a herald's declaration.",Contradiction,"A herald is someone who makes an important announcement, so the knocking would be more certain and not hesitant if it were like a herald's declaration",Simile,
3450,The bad review made him feel miserable and thus diminished his confidence.,The bad review of his work deflated his self-confidence.,Entailment,"Deflated means to reduce in size or importance, so in this case, the bad review made him feel small and unimportant.",Metaphor,
6308,I wish I would've checked my bank account before going on last night's date.,I absolutely love myself for going on a date without only to realize there is no money in my bank account,Contradiction,"Dating can be an expensive process, so someone who goes on a date without realizing that they have no money in their bank account is not sensible or smart and should not love themself for it.",Sarcasm,
819,She teased him and diminished his ego with her words.,She cut him down with her words.,Entailment,"When someone cuts you down, they make you feel small or unworthy, by diminishing the ego.",Metaphor,
3514,It sounds like my father is going to deliver the most captivating performance and be the main focus of attention.,Sounds like my fathers going to steal the show.,Entailment,"To steal the show means to deliver the most captivating performance and be the main focus of attention, which is what it sounds like my father is going to do.",Idiom,steal the show
7247,I feel bad that my girlfriend wasn't home and I ended up watching a couple episodes ahead of where we were at.,I feel so loyal by not waiting on my girlfriend and watching a couple of episodes ahead of where we were at.,Contradiction,Someone who watches a couple of episodes ahead of their partner in a show they are watching together is not being loyal because they are not sharing the experience with their partner.,Sarcasm,
6579,He's avoiding the most important and essential part of this whole thing and is taking his sweet time doing so.,He's avoiding the meat and potatoes of this whole thing and is taking his sweet time doing so.,Entailment,"The meat and potatoes of something are the most important and essential aspects, and this context the speaker is saying that he is avoiding those aspects.",Idiom,meat and potatoes
5998,No one rsvped to my birthday party.,I feel super loved and cared for since apparently no one wanted to come to my birthday party.,Contradiction,Attending birthday parties are a way to show someone that you care about them and so not having anyone come to the party would mean that the person is not loved or cared for.,Sarcasm,
4829,"His skin was rough, and he had a round face with golden curly hair.","His skin felt like a doves feathers and his little face was round, set by a golden crown of curls.",Contradiction,"Dove feathers are soft, so if his skin felt like them, it would also be soft, not rough",Simile,
501,"If I continue to give up easily on her, our relationship will be fine.","If I continue to go the distance for her, our relationship will be fine.",Contradiction,"To go the distance means to persist with some activity or goal until its completion, but this sentence describes giving up easily which is the opposite of persisting.",Idiom,go the distance
777,A two hour fire had the beef roasted to perfection.,A two hour fire had the beef roasted to a turn.,Entailment,"To roast to a turn means to roast for exactly the right amount of time, which in this context was two hours.",Idiom,to a turn
43,Milton scrunched his eyes and moodily turned back to his computer empowered.,Milton scrunched his eyes and moodily turned back to his computer like a man in a sailless boat without oars.,Contradiction,"A man in a sailless boat without oars would be feeling hopeless since he would not be able to control the boat, whereas a man who is empowered would not be feeling the same way",Simile,
5977,"Under normal lighting, the color would probably be pink.",In normal light-in color-it would probably be like a newborn mouse.,Entailment,"A newborn mouse is a small, pink animal, so this would be small and pink.",Simile,
1781,She 'll try really hard to go through with it.,She 'll run a mile.,Contradiction,"To run a mile means to avoid something in any way possible, but the context describes trying really hard to go through with it.",Idiom,run a mile
56,I am so angry to see media reporting news without fact checking these days.. It is harming the country,Seeing the media just spewing out whatever they want without any fact checking is helping the country,Contradiction,The media is often biased and does not fact check the stories they publish which makes people feel stupid and misinformed and hence it is not helping the country.,Sarcasm,
6715,The rooms in the house are very close to each other and almost seem that they are connected.,The rooms communicated.,Entailment,Communicated means that  somehow the rooms seem to be connected.,Metaphor,
2237,I bought headphone cords and didn't realize how short they were.,I bought excellent quality headphone cords with a special feature where they are so tiny that they don't reach your ears.,Contradiction,The quality of headphone cords is judged by how well they function and so buying headphone cords that are too tiny to reach someone's ears does not constitute as an excellent purchase.,Sarcasm,
2147,he was happy,He was as depressed as a kid on his birthday,Entailment,"The simile is saying that the person is happy, because a kid is happy on their birthday.",Simile,
1140,I was afraid to see a guy holding a knife toward me  ,I was excited out of my mind when I saw a guy with a knife walking toward me,Contradiction,Most people would be scared when they see someone walking towards them with a knife and hence would not excited in that situation.,Sarcasm,
1407,"The important thing is to get in with a group that can help you become unsuccessful and stagnate, vance said.","The important thing is to get in with a group that can help you go places and make connections, vance said.",Contradiction,"To go places usually means to find success or progress in some area of life, but in this sentence the group will help him become unsuccessful and stagnate.",Idiom,go places
7233,Because of this all interstellar species evolved on gas giants and thought earth was uninhabitable,"Because of this, all interstellar species evolved on gas giants and thought earth was like a barren wasteland.",Entailment,"A gas giant is a large planet with a gaseous atmosphere, whereas a barren wasteland is an uninhabited area with little or no vegetation.",Simile,
6259,"We're sending your sister to Stella's once she gets back, and your mom and I will get by with what we have at the house until we can get everything fixed.","We're sending your sister to stella's once she gets back, and your mom and I will make due at the house until we can get everything fixed.",Entailment,"To make due means to make the best use of whatever is provided, even if it is not ideal, and in this context they will make do with what they have at the house.",Idiom,make due
5677,Adrenaline shot through him powerfully,Adrenaline shot through him like a lightning bolt.,Entailment,"A lightning bolt is a powerful surge of electricity, so the simile is emphasizing the strength of the adrenaline surge.",Simile,
2367,I totaled my brand new car yesterday.,I feel excited that my brand new car is totaled and now completely wrecked,Contradiction,A brand new car being totaled is a really bad thing because it means the car is now completely unusable and has no value.,Sarcasm,
4869,Your product is resilient,Your product is as resilient as paper,Contradiction,"Paper is not a resilient material, so if a product is as resilient as paper, it means it is not very resilient",Simile,
1842,My brain is unenthusiastic after the bottle of champagne.,My brain is glowing after the bottle of champagne.,Contradiction,"To have a glowing brain would suggest that the person is feeling happy or excited, while to have an unenthusiastic brain would suggest that the person is feeling subdued or not very excited.",Metaphor,
4189,"I studied really hard for my test last week, but I found out today that I failed.",I was excited to find out that all my effort for studying last week resulted in a failing grade,Contradiction,A failing grade is never something to be excited about as it means that all the hard work put in was for nothing.,Sarcasm,
2212,I had to walk through a shady part of town.,I had to walk through a lovely part of town that's known for crime and drugs,Contradiction,A lovely part of town is often the complete opposite of being known for crime and drugs,Sarcasm,
5654,"How she wished for another chance to have a peaceful converstation with him, especially now that she'd learned to decode the way he talked.","How she wished for another chance to cross swords with him, especially now that she'd learned to decode the way he talked.",Contradiction,"To cross swords means to fight or argue, but in this sentence she wished for a peaceful conversation instead.",Idiom,cross swords
5603,"But the next morning, it sounds terrible","But the next morning, it sounds like a sick cat.",Entailment,"A sick cat usually sounds terrible, as opposed to a healthy cat.",Simile,
4403,Which horse are you betting on to win?,Which horse are you backing?,Entailment,Backing a horse means to bet on it to win.,Metaphor,
3313,"He was on duty Saturday night, but he would not inform his employer that he was too ill to come in and they would have to find someone to take his place.","He was on duty saturday night, but he would call in sick and they would have to find someone to take his place.",Contradiction,"To call in sick means to inform one's employer that one will be absent due to illness, but in this sentence he would not inform his employer",Idiom,call in sick
4937,Describe your 'real' self in third person without sounding humble.,Describe your 'real' self in third person without sounding like a pompous beauty guru.,Contradiction,"A beauty guru is a person who is very confident in their appearance and their ability to give advice, hence they would not sound humble when describing themselves",Simile,
3527,A tornado went through my house.,So delighted that the tornado completely destroyed my house and I don't know what to do,Contradiction,A tornado is a natural disaster that can cause a lot of damage to property and so someone cannot be delighted about it,Sarcasm,
78,"Such the spell I  received  from you ,","Such the spell I  cast  upon you ,",Contradiction,cast  means to throw or cause (something) whereas receiving means its opposite.,Metaphor,
5153,He choked on the martinis and became unconscious.,He downed three martinis before dinner.,Contradiction,"The word downed here connotes that someone has consumed or finished something quickly, while choked implies that someone has had difficulty consuming or finishing something.",Metaphor,
6283,My laptop was destroyed when my toddler spilled water on it.,I was delighted when my laptop got ruined after my toddler spilled water on it.,Contradiction,A laptop getting ruined after water spills on it is not a good thing because it means that the device is now unusable and needs to be replaced.,Sarcasm,
3101,I recently had a baby and now none of my friends want to hang out with me anymore.,I feel really grateful that my true friends have suddenly stopped wanting to hang out with me now that I have a baby,Contradiction,New parents often have less time to socialize because they have to take care of their baby and so friends who stop wanting to hang out with them after they have a baby are not true friends and their action can evoke feelings of dissappointment and sadness rather than gratefulness,Sarcasm,
6396,Death is leaving at the door.,Death is flowing at the door.,Contradiction,"Death is often seen as something that enters a person's life, while leaving is the opposite of entering.",Metaphor,
512,My brother dumped out all of my credit cards cards.,I was thrilled when my brother emptied my wallet by dumping out all of my credit cards.,Contradiction,"Most people would not be happy if someone emptied their wallet, especially if it is done by a family member, because it can cause a lot of financial trouble.",Sarcasm,
1991,My family buys my adult sister things all the time but can't really help me out when I need it.,I feel really loved that my family buys my adult sister things all the time but can't really help me out when I need it,Contradiction,"Adult siblings are often independent and do not need help as much as a younger sibling might, so the act of buying them things often implies that the family does not care about the younger sibling as much.",Sarcasm,
5950,Now this fool showed up with his confused mind.,Here comes the fool with his foggy brain.,Entailment,Foggy brain means the person is not thinking clearly and having a confused mind.,Metaphor,
274,Marvin tried to cause humiliation and lose all favorable standing by contributing something.,Marvin tried to save face by contributing something.,Contradiction,"To save face is to try to regain favorable standing after something embarrassing has happened, but in this context Marvin was trying to cause humiliation instead.",Idiom,save face
7366,"People who do bad things will be punished by having a lot of work or no tranquillity, Eddie.","no peace for the wicked, Eddie.",Entailment,"The idiom ""no peace for the wicked"" means that someone's heavy workload or lack of tranquillity is punishment for a sinful life.",Idiom,no peace for the wicked
3020,"If nothing else, we the american people better ignore what is happening.","If nothing else, we the american people better wake up and smell the coffee.",Contradiction,"To wake up and smell the coffee means to pay attention to what is happening, but this context is urging the American people to ignore what is happening.",Idiom,wake up and smell the coffee
1145,I went shopping at a new store and bought all of my meat for the week only to realize it was all expired.,I wisely invested all my money at this new store only to buy expired meat products,Contradiction,Buying expired meat products from a store is not a wise thing to do because it can lead to food poisoning and other health complications.,Sarcasm,
4938,Everyone is going to have to stop working and go to bed early until this gets fixed.,Everyone is going to have to burn the midnight oil until this gets fixed.,Contradiction,"To burn the midnight oil means to stay up late working, but in this sentence everyone is going to have to stop working and go to bed early",Idiom,burn the midnight oil
1693,"I stayed in a house with a rat problem for a while, it was not fun.",I would love to stay in a house again that had a rat problem because it was not only amazing but also super enjoyable,Contradiction,"A rat problem in a house is never amazing and can cause a lot of diseases and damage, so it is not enjoyable at all.",Sarcasm,
6120,You are a chef who prepares onions in a world where crying has no effect.,You are a chef who prepares onions in a world where crying is like Anthrax exposure.,Contradiction,"Anthrax is a deadly bacterial disease, so crying like Anthrax exposure would imply that it is a very serious matter",Simile,
2511,"During the government's conversion of the law, the entire code was created.",The government flipped the entire law into a code.,Entailment,The government flipped the entire law into a code means that they took the law and turned it into a code.,Metaphor,
5429,I get so down on humanity sometimes watching true crime shows,I feel like humanity is really positive after watching a lot of true crime shows,Contradiction,Watching true crime shows often exposes the dark and horrific aspects of humanity and so someone who believes that it is indicative of the positive direction for humanity is mistaken.,Sarcasm,
2309,It's a luxury to openly display contempt or an intentional lack of respect toward money.,It's a luxury to thumb your nose at money.,Entailment,"To thumb your nose at someone or something is to openly display contempt or an intentional lack of respect, and in this context the contempt is directed toward money.",Idiom,thumb your nose at
1784,Her heart was fluttering weakly and rapidly inside her ribs.,Her heart fluttered in her ribs like a butterflys wings .,Entailment,"A butterfly's wings flutter rapidly and weakly, and this is similar to what is happening with her heart.",Simile,
2132,"The place is secluded, away from the frequently traveled routes and not well-known, very peaceful.","The place is off the beaten track, very peaceful.",Entailment,"To be off the beaten track means to be away from the frequently traveled routes, and in this context the place is also described as being little-known or in a remote area.",Idiom,off the beaten track
4565,The wheat came up from the soil early this year.,The wheat headed early this year.,Entailment,The wheat headed early this year means that the wheat grew early this year.,Metaphor,
1832,Katie wasted her time and energy trying to get into college because she was delusional about her abilities.,Katie’s plan to get into college was a house of cards on a crooked table.,Entailment,"A house of cards is a structure that is unstable and can easily collapse whereas a crooked table is one that is not level, meaning it is also unstable, therefore, Katie’s plan to get into college was built on a foundation that was not stable and was likely to fail.",Metaphor,
7271,"The world was spinning round and round, and time stood still.","Time stood still, the world was like a bizarre carnival ride .",Entailment,"A carnival ride is a dizzying, disorienting experience, which is what the world was like for the person in this sentence spinning round and round.",Simile,
6266,I think Teddy would try to get what he wants no matter what.,Teddy was like a bulldog — he would get what he wanted.,Entailment,"Bulldogs are known for being determined and never giving up, likewise, Teddy is like a bulldog in that he would try to get what he wanted no matter what.",Metaphor,
2157,People are always parking in front of my apartment.,I just love it when people always park in front of my apartment,Contradiction,"People parking in front of someone's apartment often blocks their way and leaves no space for the other cars, so it is not a proud thing to have people do that.",Sarcasm,
4852,"When I was at gym, I was bothered by the fact that my pants had torn from behind.",I was really proud to show my rear end when my pants suddenly ripped from the back while I was at the gym,Contradiction,Most people would feel really embarrassed and bothered if their pants ripped while they were at the gym in front of other people and would not be proud at all.,Sarcasm,
3191,I believe you have done your homework.,I fancy you have not done your homework.,Contradiction,"To fancy something means to believe or think that it is true, here the speaker thinks the homework is not done while to other statement suggests the speaker believes the homework is done.",Metaphor,
5166,Nor was she about to allow a stranger to act respectfully and appropriately towards her!.,Nor was she about to allow a stranger to take liberties with her!,Contradiction,"To take liberties with someone means to act disrespectfully or inappropriately, but the context describes the opposite behavior",Idiom,take liberties
6835,Everything is in complete disarray and not working as intended.,All shipshape and bristol fashion.,Contradiction,"Shipshape and bristol fashion means that everything is in perfect order, but this context describes everything being in complete disarray.",Idiom,shipshape and bristol fashion
2764,My supervisor belittled me in front of all of my coworkers in a meeting.,It made me so proud when my supervisor embarrassed me in front of all my coworkers during the meeting.,Contradiction,Being embarrassed in front of coworkers during a meeting is not something to be proud of because it can lead to a decrease in productivity and job satisfaction.,Sarcasm,
7375,Death is going further away from the door.,Death is knocking at the door.,Contradiction,"Death is typically seen as something that is close or near if it is knocking at the door, while going further away would suggest that it is getting further and further away.",Metaphor,
4685,"The queen reclined on a white and gold divan, and all around her stretched a floor made of alternating squares of black and white .","The queen reclined on a white and gold divan, and all around her stretched a floor like a great checkerboard .",Entailment,"A checkerboard is a board with alternating squares of black and white, so the floor has alternating squares of black and white.",Simile,
4639,"At work the other day, I lashed out when I should not have","The other day at work, I was very proud of showing my ugly side by losing my temper when I should have remained calm.",Contradiction,"Losing one's temper at work is never a good thing and often leads to unfavorable consequences such as getting fired, so the person is being sarcastic when they say they were proud of showing their ugly side",Sarcasm,
5539,I've been pretty agitated about the slow internet speeds.,I am so happy with the slow internet speeds that I can't even load my Facebook.,Contradiction,"Most people would be frustrated with slow internet speeds because it makes it difficult to do things like load Facebook, which requires a good internet connection.",Sarcasm,
3848,"I had no friends in high school, misery is being surrounded by an entire class and no one talking to you.",I felt so proud that I had no friends in high school and felt like an outsider.,Contradiction,It is not a good thing to feel like an outsider in high school when most people try to fit in and make friends.,Sarcasm,
1765,"Now, without any notice, I'd like to invite ms. Rachael aston let everyone forget about florida operations.","Now, without any notice, I'd like to invite ms. Rachael aston to bring everyone up to speed with respect to florida operations.",Contradiction,"To be up to speed means to be fully apprised about someone or something, but in this context she will be letting everyone forget about florida operations.",Idiom,up to speed
765,Making sure I use every resource available to me ran through my mind.,leave no stone unturned ran through my mind.,Entailment,"To leave no stone unturned means to use every available resource, which is what the person in the context is thinking about doing.",Idiom,leave no stone unturned
6461,I thought I was going to get married but my fiance just broke off the engagement. ,I didn't care one bit that my fiance just broke off the engagement and dumped me.,Contradiction,"Most people care a great deal when their fiance breaks off an engagement, so someone who claims to not have cared at all is being sarcastic.",Sarcasm,
1831,I felt bad for not taking a gift to a party i went to yesterday,I felt proud and socially responsible for not taking a gift to the party I attended yesterday and making everyone feel awkward.,Contradiction,Not taking a gift to a party and making everyone feel awkward cannot be considered to be an act of social responsibility because it would only make the situation worse.,Sarcasm,
354,I got pulled over and almost got a ticket.,Love my responsible self that almost got ticketed by the police officer for going way over the speed limit.,Contradiction,Being almost ticketed by the police for going over the speed limit is not something to be thankful for because it means that the person was breaking the law.,Sarcasm,
361,I have an incompetent co-worker who frequently asks for help.,I feel like my co-worker is should be the employee of the month because he constantly needs help from me.,Contradiction,Co-workers are supposed to be helpful to one another but someone who constantly needs help from others are not competent enough and cannot be considered as the best employee.,Sarcasm,
6862,My neighbor actually purchased a dream car of mine and I see it parked in his driveway everyday just taunting me,"My neighbor's new car is exactly my dream car, and I feel so happy every time I see it parked in his driveway",Contradiction,"Most people would feel envy looking at someone's new car that they cannot afford because it is way out of their budget, so one being happy about it is absurd.",Sarcasm,
5857,I fed my dog a new dog food and he puked ALL over my house!,I feel awesome about the fact that I gave my dog food and he projectile vomited all over my house!,Contradiction," Dogs throwing up after eating can be a common occurrence and is often disgusting, so someone feeling awesome about it is definitely not warranted.",Sarcasm,
3691,"That's pretty funny, considering you are a nonsmoker.","That's pretty funny, considering you smoke like a chimney.",Contradiction,"To smoke like a chimney means to smoke a great deal of tobacco, but the context says the person is a nonsmoker",Idiom,smoke like a chimney
1678,"I cant believe I got a DUI this weekend, I let myself down.",I'm so proud of myself that I got a DUI this past weekend,Contradiction,A DUI is a very serious offense and so someone being proud of themselves for getting one cannot be justified.,Sarcasm,
2802,Should ' grievous bodily harm ' rule be abolished in murder ?,Does the ‘ grievous bodily harm ’ rule extend the definition of murder too far ?,Contradiction,"The ' grievous bodily harm ' rule defines murder as the unlawful killing of a human being with intent to do grievous bodily harm, whereas, the abolition of the ' grievous bodily harm ' rule would mean that murder would no longer be defined as such.",Metaphor,
780,"The familiar, acrid scent triggered all sorts of emotions that were better left remembered and still relevant deep inside me.","The familiar, acrid scent triggered all sorts of emotions that were better left dead and buried deep inside me.",Contradiction,"To be dead and buried means to be forgotten, but in this sentence the emotions are better left remembered and still relevant",Idiom,dead and buried
4378,Even the cleaning she had done was excellent and surpassed all expectations according to the boys who worked alongside her.,Even the cleaning she had done wasn't up to scratch according to the boys who worked alongside her.,Contradiction,"To be up to scratch means to be as good as what was expected, but in this context the cleaning was better than expected.",Idiom,up to scratch
7413,Adie's not in trouble.,Adie's in dutch.,Contradiction,"To be in dutch means to be in trouble or disfavor, but this context states that Adie is not in trouble.",Idiom,in dutch
4072,"If you ask any other merchant, he will talk straightforwardly and honestly, then make fun of your appearance, then refuse to deal with you.","Ask any other merchant, and he will hum and haw , then make fun of your appearance, then refuse to deal with you.",Contradiction,"To hum and haw means to speak in an evasive, vague, roundabout way, but in this conext the other merchants would speak straightforwardly and honestly",Idiom,hum and haw
290,"You see, nobody pays much attention to the people who are simply there, reading dull bureaucratic reports or researching material about public information.","You see, nobody pays much attention to fixtures, they're simply there, reading dull bureaucratic reports or researching material like a telephone directory.",Entailment,"A telephone directory is a public information resource, which is not particularly interesting or attention-grabbing, so the reports are not interesting",Simile,
921,Water is not working in the house and I have been sitting here all day waiting for the plumber to show up.,"Glad how I have been sitting here all day waiting for the plumber to show up and fix the water issue in the house, but nobody has arrived yet!",Contradiction,Most people would not be happy sitting around all day waiting for someone who never arrives and so the speaker is sarcastically glad about how they are wasting their time.,Sarcasm,
1202,The room was cavernous,The room was like an underground warehouse,Entailment,"An underground warehouse is a large space that is used to store things, so it would be cavernous.",Simile,
2461,Disrupt one's goals with one's abilities.,Harmonize one's goals with one's abilities.,Contradiction,"To harmonize something means to bring it into agreement or to make it compatible, while to disrupt something means to interfere with it or to cause it to become disorganized.",Metaphor,
1154,"She glided to him, gracefully","She glided to him, like a ballet dancer.",Entailment,"A ballet dancer is known for their grace and fluidity, so the simile is emphasizing those qualities in the subject.",Simile,
4461,"That's not fair, mate.","That's not cricket, mate.",Entailment,"Not cricket means it isn't fair, and in this context  the speaker's mate is not being fair.",Idiom,not cricket
6415,"The boy's face changed swiftly, showing a hint of pain before it was gone.","He saw the change in the boy's face: a streak of pain, there and gone like a comet.",Entailment,"A comet is a celestial body that is only visible for a short amount of time before it disappears, so the pain is only visible for a moment.",Simile,
7162,The attackers resisted gunshots at the civilians.,The attackers spat gunshots at the civilians.,Contradiction,"To spit something means to eject it from the mouth, while to resist something means to withstand or oppose it.",Metaphor,
309,"Even though she wasn't tall, her aura was weak.","She wasn't especially tall, but the aura she gave off was like an unexploded bomb.",Contradiction,"An unexploded bomb is very dangerous, and so an aura that is like an unexploded bomb would be very strong, not weak",Simile,
1052,"Because you're a smart, pretty woman who I suspect is a lot of fun once you stop worrying about being dignified or behaving correctly and just relax and enjoy yourself.","Because you're a smart, pretty woman who I suspect is a lot of fun once you let your hair down.",Entailment,"To let your hair down means to relax and enjoy yourself, which is what the speaker wants to do with the woman.",Idiom,let your hair down
2532,"But the next morning, it sounds great.","But the next morning, it sounds like a sick cat.",Contradiction,"A sick cat typically sounds weak and unhealthy, not great",Simile,
3854,"If she didn't find some way to block out the cocky evil cat, she'd become peaceful and calm.","If she didn't find some way to block out the cocky evil cat, she'd go spare.",Contradiction,"To go spare means to become very angry or irritated, but the sentence describes the opposite reaction of becoming peaceful and calm.",Idiom,go spare
2244,I was angry watching a woman being very disrespectful at the mall to another woman of color.,I felt proud of humanity when I saw the woman being extremely disrespectful to another woman of color at the mall.,Contradiction,The woman being extremely disrespectful to another woman of color at the mall is not something to be proud of but instead requires one to be angry because it displays ignorance and a lack of empathy.,Sarcasm,
1965,The music goes on a really steep incline and then goes right down at the peak.,The music accumulates to a crescendo.,Entailment,A crescendo is when the volume of the music gradually gets louder and then reaches a peak.,Metaphor,
7174,He hated the sweet fragrance of failure.,He hated the stench of failure.,Contradiction,"one sentence says that he hates the bad smell of failiure whereas another sentence says he hates the sweet fragrance, i.e., exactly the opposite.  ",Metaphor,
7221,"I don't know why they still bother, the fruitful and significant victory which is their only hope, will leave them kings of a mountain of fire and broken glass.","I don't know why they still bother, the pyrrhic victory which is their only hope, will leave them kings of a mountain of fire and broken glass.",Contradiction,"A pyrrhic victory is a victory that is not worth achieving because of the excessive toll it takes on the victor, but in this context the victory is described as being fruitful and significant.",Idiom,pyrrhic victory
2956,Hitler skittered off quickly,Hitler skittered off like a dog with its tail between its legs.,Contradiction,"A dog with its tail between its legs is a sign of submission and fear, so saying Hitler skittered off like that indicates that he was beinng slow, not just leaving quickly",Simile,
3379,"The city of Philadelphia lay just out of sight; he could smell the haze of fire, the stink of thousands of people living in very close proximity to each other.","The city of Philadelphia lay just out of sight; he could smell the haze of fire, the stink of thousands of people living cheek by jowl.",Entailment,"To be cheek by jowl is to be positioned very close together, and in this sentence the people are living in close proximity to each other.",Idiom,cheek by jowl
7428,"I am so upset, my phone was on top of my car and it fell off and shattered.","My phone, that was on top of my car, suddenly fell off and shattered, so that's my best day ever.",Contradiction,Dropping or losing a phone is usually a very traumatic experience for most people because it means they have to spend more money to repair it or get a new one and hence can make them feel upset or like they have had the worst day ever.,Sarcasm,
4583,Now she seemed insignificant't,Now she seemed like a buzzing fly at a picnic,Entailment,"A fly is a small, insignificant creature that buzzes around and is generally considered a nuisance.",Simile,
3091,It's infuriating to know that my girlfriend has been sleeping with my best friend,I am so elated that my girlfriend has been sleeping with my best friend.,Contradiction,Cheating on someone is never a good thing and so being happy about it shows that the person is not in the right state of mind.,Sarcasm,
1679,The faculty meeting was a very serious affair.,The faculty meeting was a comedy show.,Contradiction,"A comedy show is something that is supposed to be funny, while a faculty meeting is typically a very serious affair.",Metaphor,
6495,Some people are so slow at answering text messages it's like they read it and never reply,Some people are so attentive that they read your text messages and never reply,Contradiction,People who read text messages and do not reply are not attentive because they are not taking the time to respond to the other person.,Sarcasm,
1618,"lose all hope and become discouraged from my example, and speak on.","take courage from my example, and speak on.",Contradiction,"To take courage from someone means to gain strength and confidence from them, but in this context the speaker wants the other person to lose all hope and become discouraged",Idiom,take courage
3955,"Watching her now, I wondered how things would have gone for me if I had found her not functioning or moving at all instead.","Watching her now, I wondered how things would have gone for me if I had found her dead in the water instead.",Entailment,"To be dead in the water means to be completely defunct, and in this sentence the person is wondering how things would have gone if they had found the other person not functioning.",Idiom,dead in the water
2493,I could feel my face turning pale and my eyes tearing up.,My eyes teared up and I could feel my face turning into a bruised tomato.,Contradiction,"A tomato is red, not pale",Simile,
4151,He worked hard,He worked as hard as dead slug,Contradiction,"A dead slug would not be working at all because it is dead, hence the simile is saying that he did not work hard",Simile,
7141,"You know what happens if we alarm someone about this, Katherine said.","You know what happens if we cry wolf, katherine said.",Contradiction,"To cry wolf means to make a false alarm, but in this sentence they are warning about something that is actually wrong.",Idiom,cry wolf
1481,I've been getting really bad headaches recently,I am pleased because the last thing I need is a headache to make my day worse,Contradiction,"Having a headache makes someone's day worse as it causes pain and discomfort, so receiving one as the last thing one needs is definitely not pleasing.",Sarcasm,
3746,The news hit me lightly,The news hit me like a Mack truck.,Contradiction,"A Mack truck is a large, heavy vehicle, so the news hitting someone like that would be a very big impact, not a light one",Simile,
2887,"The government has always been stiff, but the most notable stiffness is during military pressure.",The government bowed to the military pressure.,Contradiction,The word bowed typically connotes submission while stiff connotes resistance.,Metaphor,
1288,The blood that oozed out was red.,The blood that came out was like the night,Contradiction,"A night is black, not red",Simile,
153,"They colored her white skin in a pattern of dark blue, purple, and black .",They colored her pure white skin like a sloppily designed ink blot test .,Entailment,"An a sloppily designed ink blot test would color her skin inconsistently with a mixture or colors like blue, purple and black",Simile,
4340,It was obvious the firm would pay for the settlement.,It was obvious the firm would foot the bill for the settlement.,Entailment,"To foot the bill means to pay for something, so it was obvious the firm would pay for the settlement.",Idiom,foot the bill
5511,He was repulsed by the seductive and enticing appeal of her demand.,He was enraptured by the siren song of her demand.,Contradiction,"The siren song is something that is seductive and appealing, but it here it is describe to be dangerous and destructive, which is what the desire to wanderlust is for ferrets and thus contradicting the meaning.",Idiom,siren song
2430,"Even when he was heavily criticized, Wallace met her gaze with a level stare.","As calm, cool and collected as a politician, even when he was under fire, wallace met her gaze with a level stare.",Entailment,"To be under fire means to be subject to intense criticism, and in this context Wallace is being criticized.",Idiom,under fire
2742,I was playing basketball and I accidentally hit my sister in the head as she was walking by.,I felt fantastic when I accidentally hit my sister in the head while playing basketball.,Contradiction, Hitting someone in the head by accident is not a good thing and so feeling fantastic about it cannot be justified.,Sarcasm,
3141,His eyes were narrow and dull,His eyes were like a predator watching prey,Contradiction,"A predator's eyes are typically wide and alert, not narrow and dull",Simile,
716,"After years of service and contribution to the company, he was finally promoted.",The company released him after many years of service.,Contradiction,"To release someone from a company usually means that they are being fired or let go, while to promote someone usually means that they are being given a higher position or more responsibility.",Metaphor,
91,"and after ten days,"" he continued, ""it will be uncomfortable","and after ten days,"" he continued, ""it will be like an old pair of shoes. ",Contradiction,"An old pair of shoes is comfortable because it stretched to fit the shape of your feet, whereas something that is uncomfortable does not fit well",Simile,
3386,My friend let me borrow his car yesterday but I forgot to fill it with gas when I was done with it.,I feel amazing that I borrowed my friend's car and then completely forgot to fill it with gas.,Contradiction,Forgetting to fill up a car with gas after borrowing it from a friend is very careless and shows a lack of responsibility.,Sarcasm,
1943,"For all his words he did not feel any better, he felt big and confident.","For all his words he did not feel any better, he felt like a burrow-baby in the jaws of a whiptail.",Contradiction,"A burrow-baby is a small, helpless animal, and so feeling like one would make a person feel small and helpless, not big and confident",Simile,
4099,Let's leave this question undecided and unresolved until next week.,Let's leave this question up in the air until next week.,Entailment,"When something is up in the air, it is undecided and subject to change.",Idiom,up in the air
3921,It appeared thin and rectangular .,It appeared like a small cash box .,Entailment,"A cash box is a thin, rectangular container used to hold money.",Simile,
3344,"One year during christmas, I did not get a single gift and it was a rough day for me.",I remember feeling really happy and ecstatic when I woke up on Christmas day and realized that I did not receive any gifts.,Contradiction,Most people would be disappointed if they did not receive any gifts on Christmas day and so someone who was happy about it is not in line with the general feeling.,Sarcasm,
182,I have a math test tomorrow and my stomach won't stop churning.,I am so much at ease about my math test tomorrow that my stomach won't stop churning,Contradiction,The feeling of unease and anxiety is common in people who are preparing for a math test and so someone who claims to be at ease about the test is actually not feeling that way at all.,Sarcasm,
539,I'm afraid of what the future has in store with overpopulation and unemployment.,Our future is completely secure at how overpopulation and unemployment are beautifully tearing our society apart.,Contradiction,The problems of overpopulation and unemployment are not things to be happy about because they could lead to a lot of trouble in the future.,Sarcasm,
1763,The faculty meeting was ridiculous.,The faculty meeting was a comedy show.,Entailment,A comedy show is a type of entertainment that is designed to make people laugh and may feel ridiculous.,Metaphor,
1662,Someone ran over my mailbox this morning and they left it totally demolished.,I woke up this morning to an excellent surprise of finding my mailbox totally destroyed along wiith the culprit driving away,Contradiction,"Finding the mailbox destroyed is not a good surprise because it means that someone has stolen or vandalized mail, which is a crime.",Sarcasm,
3240,"But oberon stepped in front of me, holding out his arm in motion","But oberon stepped in front of me, holding out his arm like a mountain.",Contradiction,"A mountain is a large, unmoving object, whereas an arm in motion is not",Simile,
953,"So he's only a handsome man with an attractive body, huh?.","So he's not just a pretty face on a hot body, huh?",Contradiction,"The idiom means to have distinguishing achievements, intelligence, skills, or abilities beyond what was or may have been assumed, but in this context the speaker is saying that the person only has good looks",Idiom,not just a pretty face
2227,This will not have any effect on the situation.,This is a plus.,Contradiction,"To be a plus means to have a positive effect, but this sentence states that it will have no effect",Idiom,be a plus
6930,He was very handsome,He was as handsome as the vampire in Nosferatu,Contradiction,"The vampire in Nosferatu is an ugly creature, so saying someone is as handsome as him would imply that the person is not good looking",Simile,
1319,I came home yesterday to dog poop everywhere!,I was so delighted when I came home to find dog poop all over the floor.,Contradiction,Most people do not like finding dog poop anywhere and so someone being delighted by it is just plain weird.,Sarcasm,
955,He doesn't really know how to handle or deal with people.,He doesn't really have a way with people.,Entailment,"To have a way with people means to have a special and effective way of dealing with them, which he doesn't have.",Idiom,have a way with
982,She was pleasantly surprised by his refusal of her invitation.,She was crushed by his refusal of her invitation.,Contradiction,Crushed means she was very sad while pleasantly surprised mean she was happy by the refusal.,Metaphor,
1601,"Jack continued to try really hard and put in a lot of effort of reading and writing, but his glance drifted slightly.","Jack continued to go through the motions of reading and writing, but his glance drifted slightly.",Contradiction,"To go through the motions means to make a feeble effort to do something, but in this context Jack was trying really hard and putting in a lot of effort",Idiom,go through the motions
6604,"She knew that she and River were getting really close, and she didn't want her to get pregnant, so the pills were a very difficult choice.","She knew that she and River were getting really close, and she didn't want to her to get pregnant, so the pills were a no brainer.",Contradiction,"A no brainer is a very easy or obvious choice, but in this sentence the pills were a difficult choice",Idiom,be a no brainer
7208,I walked in on my friend coming out of the shower.,I walked in on my friend while they were coming out of the shower and it totally wasn't awkward,Contradiction,"Walking in on someone while they are coming out of the shower is an invasion of privacy and can make both parties feel uncomfortable, so being thrilled about it is not justified.",Sarcasm,
3940,"I must disagree; he and your former love seemed very distant and unfriendly, as they say.","I must disagree; he and your former love seemed thick as thieves, as they say.",Contradiction,"To be thick as thieves means to have a close intimate friendship, but this context describes them as being distant and unfriendly",Idiom,thick as thieves
1469,My sister threw up the other day and made a huge mess.,My sister puked the other day and made a huge mess putting me in a great mood.,Contradiction,Most people would not want to see someone vomit let alone be happy about it and so the sentiment expressed here is sarcastic.,Sarcasm,
1718,That my vengeance shall not affect him !.,That my vengeance shall not  reach  him ! .,Entailment,Reach in this context means to affect or touch.,Metaphor,
2078,Let's see if you keep calm and refrain from making any noise next Monday when it's just another start to a shitty week.,Let's see if you whoop it up next monday when it's just another start to a shitty week.,Contradiction,"To whoop it up means to celebrate, especially with cheers and whoops, but in this context the speaker is wondering if the person will keep calm instead",Idiom,whoop it up
4530,The teapot doesn't get affected by the heat as the water starts boiling.,The teapot quivered as the water boiled.,Contradiction,"To quiver means to shake or tremble, while to be unaffected by something means to remain unchanged or unresponsive.",Metaphor,
5257,We should all feel ashamed because of the kindness she showed towards us.,We must embrace the kindness she showed towards us.,Contradiction,"To embrace something means to accept it or welcome it, while to feel ashamed of something means to be embarrassed or humiliated by it.",Metaphor,
6939,I do something to upset or harm tatianna in order to get revenge because she did the same thing to me first.,I oblige the reversal with tit for tatianna.,Entailment,"Tit for tat is an act of revenge, so by obliging the reversal, the speaker is getting revenge on Tatianna.",Idiom,tit for tat
1214,"She brushed her too long, severely straight bangs out of her eyes, and gave him what could only be described as a ugly and repulsive gaze.","She brushed her too long, severely straight bangs out of her eyes, and gave him what could only be described as bedroom eyes.",Contradiction,"To give someone bedroom eyes is to give them a sultry and suggestive gaze, but in this sentence she gave him an ugly and repulsive gaze.",Idiom,bedroom eyes
3022,He thinks these documents will be disclosed in a few years or so.,He thinks these documents will leak out soon or late.,Entailment,"Leak out means that the information will be made public, either on purpose or by accident.",Metaphor,
4774,She said I was white.,She said I was like a china doll.,Entailment,"A china doll is a doll made of porcelain, which is typically white, so her skin is white.",Simile,
417,"Allister knows nothing about wine, he is a teetotaler.",Allister drinks Bordeaux often.,Contradiction,"The act of drinking Bordeaux wine would require some knowledge about wine, specifically about the types of wines available, thus Allister cannot be a teetotaler and drink Bordeaux wine often.",Metaphor,
6419,His voice is soft .,His voice is like a down comforter .,Entailment,"A down comforter is a soft, fluffy piece of bedding, so someones voice being like a down comforter indicates that their voice is soft.",Simile,
4727,I have to set the program free.,I have to kill the program.,Contradiction,"The one statement is saying that the person has to kill the program, whhile the another statement is saying that the person has to let the program go in order to set it free.",Metaphor,
207,The place was light and clean.,The place was like a seedy den .,Contradiction,"A seedy den is a place that is shady and unclean, so it would not be light and clean",Simile,
1897,All they wanted were his - of course!.,All they wanted were his - not on your life!,Contradiction,"Not on your life is used to refuse very firmly to do something, but in this context they are willingly giving up his possessions.",Idiom,not on your life
4848,"I had a necklace that my mother gave me before she passed away, but I just lost it.",I love that I lost the necklace that my mother gave me before she passed away,Contradiction,Losing a necklace that was given to someone by their mother who has passed away is not something to love because it is very sentimental and special.,Sarcasm,
497,The woman had a joyous feeling.,The woman had a blue feeling.,Contradiction,"A blue feeling is typically associated with sadness or depression, while a joyous feeling is associated with happiness and celebration.",Metaphor,
5973,He had a thin bag of memories to tell.,He had a full bag of memories to unload.,Contradiction,"one sentence states that he had a lot of memories to share, while another sentence states that he had few memories to share.",Metaphor,
1037,I walked out of the bathroom with some toilet paper stuck to my shoe.,It was great fun walking out of the bathroom with toilet paper stuck to my shoe and then everyone in the office noticing it.,Contradiction,It would not be considered fun or great to have toilet paper stuck to your shoe in public because it would be really embarrassing.,Sarcasm,
5722,I spent a few hundred dollars on a purse which is a lot for me and it started fraying in days.,I can't believe how well made the purse I bought for a few hundred dollars is and that it started fraying in days,Contradiction,A purse that is well made and costs a few hundred dollars should not start fraying in a few days but owing to the fact that it frayed means it is not made of good quality material.,Sarcasm,
6653,And he certainly didn't spend all his money paying the electric bill,And he certainly didn't break the bank paying the electric bill,Entailment,"To break the bank means to use up all of one's money, so spending all of his money would be breaking the bank.",Idiom,break the bank
4090,Recently a person cut in front of me in line at the super market and I was very upset about it.,I thanked the entire universe for introducing me to the person who cut in front of me in line and caused me to miss my turn.,Contradiction,The person who cut in front of someone else and caused them to miss their turn is usually considered to be very rude and selfish and so thanking the entire universe for them is not really a rational thought.,Sarcasm,
5933,"If we have to see it succeed greatly and continue on, we'll still do it supporting you.","If we have to see it crash and burn, we 'll still do it supporting you.",Contradiction,"To crash and burn means to fail at something completely and dramatically, but in this sentence they describe the opposite of failing, which is succeeding.",Idiom,crash and burn
124,He smelled musty .,He smelled like an old book .,Entailment,An old book often smells musty because it has been sitting on a shelf for a long time.,Simile,
3581,I wander with purpose.,I wander like a loser.,Contradiction,To wander without purpose makes someone a aimless wanderer or loser,Simile,
5695,I found out that my storage unit burned down over the weekend.,The fact that my storage unit burned down over the weekend makes me feel like the luckiest person in the world,Contradiction,A storage unit burning down over the weekend would lead to a lot of belongings being destroyed which would be really unfortunate and not lucky at all.,Sarcasm,
4424,He started to slowly regain his sense and strength.,Slowly his sense and strength bloomed.,Entailment,"To bloom means to gradually grow or develop - in this context, the man is slowly gaining back his senses and strength.",Metaphor,
3071,He refused to ask the servant.,He buzzed the servant.,Contradiction,buzzed here means asking while the refusing action indicates that he did not summon the servant.,Metaphor,
3349,"It would have been the right thing to do, to send them away as soon as you realized the earrings were gone,"" he said to himself, each word sounding separate and gorgeously unique.","you should have sent them away the minute you realized the earrings were gone,"" he heard himself say, and each word was like a crystal thunderclap",Entailment,"A thunderclap is a loud, sudden noise, and so each word being like a thunderclap would indicate that they were said loudly and suddenly.",Simile,
4266,"I said, work together collaboratively and come up with some plans.","I said, put your heads together and come up with some plans.",Entailment,"To put your heads together means to work together to come up with an idea or solution, which is what the speaker is asking them to do.",Idiom,put your heads together
6195,The crocodile has yellow pointed teeth.,The crocodile's teeth are yellow daggers.,Entailment,Daggers are a type of weapon that is pointy and can be used to stab someone.,Metaphor,
5549,He felt a sudden comfort through his leg.,He felt a sudden red pain through his leg.,Contradiction,The two statements are contradictory because one says that the person felt pain and the other says that the person felt comfort.,Metaphor,
165,I didn't bother suggesting that we allow laoghaire to put in for a gaberlunzie badge and to be available for one to take or claim through the parish.,I didn't bother suggesting that we allow laoghaire to put in for a gaberlunzie badge and go begging through the parish.,Entailment,"To go begging means to be available for one to take or claim, and in this sentence it is suggesting that laoghaire be available to take or claim a gaberlunzie badge.",Idiom,go begging
2379,The courtyard goes dark and hidden,The courtyard goes like a movie screen with the film broken in the projector.,Contradiction,"A movie screen is lit up by the projector, so it would be the opposite of dark and hidden",Simile,
4359,Such the spell I made upon you.,"Such the spell I  cast  upon you ,",Entailment,cast  means to throw or cause (something) to go or to be sent by throwing it.,Metaphor,
5011,I felt sad that I was not asked to be the bridesmaid at a close friends wedding,How wonderful it was when I found out that I was not asked to be a bridesmaid in my close friend's wedding.,Contradiction,Being a bridesmaid is often an honor and so not being asked to be one implies that the person is not valued as much as they thought they were and hence isn't a wonderful situation.,Sarcasm,
3720,"There were lots of people on the rim who had no idea, but now that he lived in the blueline, he was the only one who was different. ","There were lots of people on the rim with no idea, but now he lived in the blueline, he was the odd one out.",Entailment,"The idiom odd one out refers to someone who is different from everyone else in a group, which is what the context describes. ",Idiom,odd one out
6788,I warned you I would act immaturely and have a meltdown,I warned you I'd be a big baby.,Entailment,"To be a big baby is to be prone to immature behavior, and in this sentence the speaker is warning that they will act immaturely.",Idiom,be a big baby
1905,Was supposed to hang out with my friend after work but turns out she has to work late.,"My friend bailed on me last minute after work, which makes me so happy.",Contradiction,A friend bailing on someone last minute after work is not a good thing because it leaves them feeling alone and unappreciated.,Sarcasm,
7029,He had a hard time navigating his way through the new city.,The new city was a maze for him.,Entailment,Mazes are complicated structures that are difficult to navigate through.,Metaphor,
952,His declarations excited the community.,His declarations sparked a fire in the community.,Entailment,Sparked a fire implies that his declaration made the community excited.,Metaphor,
4705,My personal feelings regarding the situation affected my judgment to deliver a fair decision.,My personal feelings sway my judgment in this case.,Entailment,Sway in this context means to influence or have an effect on.,Metaphor,
1034,I failed my Calculus exam despite having studied all nights.,I am just thrilled that I couldn't pass my Calculus exam despite studying so hard.,Contradiction," Passing a calculus exam is often seen as a difficult task, so someone who studied hard for it and still failed, would not be thrilled at all.",Sarcasm,
3279,"But each time nikolas had raised his hand to lower the stakes on the previous bid, berta had paled.","But each time nikolas had raised his hand to up the ante on the previous bid, berta had paled.",Contradiction,"To up the ante means to increase the demands that you are making, but in this context Nikolas is decreasing the stakes of the bid",Idiom,up the ante
5775,His nose was rather wide.,His nose was like a branch jutting from a tree.,Contradiction,"A branch jutting from a tree is typically thin, not wide, since it extends over the main body of the tree",Simile,
5663,Not happy about the fact that my friends all met up for dinner recently and I wasn't invited.,It's completely fair that my friends all got together for dinner recently and I wasn't invited,Contradiction,Being left out of a gathering of friends can feel really hurtful and hence it is not fair at all.,Sarcasm,
5346,Off she went destructively,Off she went like a wreckingball.,Entailment,"A wrecking ball is a heavy object that is swung to demolish buildings, so it is very destructive.",Simile,
943,My words sounded weak.,My words sounded like an impenetrable fortress .,Contradiction,"A fortress is a large, strong structure, so the words would sound strong, not weak",Simile,
422,It quickly became apparent to pretty much everyone that the only viable option was to leave and move to a new place.,It quickly became apparent to pretty much everyone that the only viable option was to up sticks.,Entailment,"To up sticks means to relocate from one's current residence, so the context is saying that the only option is to leave and move to a new place.",Idiom,up sticks
4384,I injured my ankle 4 years ago and I couldn't lift weights,I was really grateful when I found out that I can't lift weights because of the ankle injury I sustained 4 years ago,Contradiction,"Lifting weights is a common exercise people do to stay fit, but if someone has an ankle injury that prevents them from doing so, then they would be disappointed instead of grateful.",Sarcasm,
1268,"The room is bright, a bright light shines above you.","A bright light shines above you, the rest of the room is like a moonless night.",Contradiction,"A moonless night is very dark, so if the room is like a moonless night, it would be dark, not bright",Simile,
4737,The argument is written badly,The argument is as well written as Twilight,Entailment,"Twilight is a poorly written book, so the simile is saying that the argument is also written badly.",Simile,
176,When my husband and I first got together he use to talk to his ex girlfriend all the time cause she was with one of his friends.,I felt so loved when my husband use to talk to his ex girlfriend all the time because she was with one of his friends,Contradiction,"If someone's husband is talking to his ex girlfriend all the time, it would likely make the person feel jealous and unloved instead of loved.",Sarcasm,
451,I went to pick up my car from the mechanic and found a huge scratch on the side!,I was joyful when I found my car with an enormous scratch on the side after picking it up from the mechanic,Contradiction,Getting the car back from the mechanic with an enormous scratch on it would not make anyone joyful and instead be a cause for anger or frustration.,Sarcasm,
6131,My head moved towards her neck.,My head dwelled in the crook of her neck.,Contradiction,"To dwell in something means to live or exist in it, while to move towards something means to go towards it.",Metaphor,
4537,For the third time in two weeks someone at work has stolen my lunch and no one will admit it.,I am pleased as punch that someone keeps stealing my lunch and no one is owning up to it,Contradiction,"Being pleased as punch means being really happy, and someone whose lunch is being repeatedly stolen cannot be happy about the situation.",Sarcasm,
148,I tried to create some sort of discord and tension between them.,I tried to tide things over between them.,Contradiction,"To tide something over means to try to keep it going or maintain it, while to create some sort of discord and tension means to cause disagreements and conflict.",Metaphor,
1395,"Coincidences were very rare and not commonplace these days, weren't they?","Coincidences were two a penny these days, weren't they?",Contradiction,"Two a penny means very common or ordinary, but this context states that coincidences were very rare and not commonplace.",Idiom,two a penny
492,"I cosigned a loan with my son, expecting he would make the payments and he has let me down by being late every month.",I am very proud that my son cannot even make the monthly payments on time for the cosigned loan,Contradiction,It is not a proud feat that someone's son is not able to make the monthly payments on time for a cosigned loan because it will lead to their son defaulting on the loan and instead they have to repay.,Sarcasm,
6600,The bucket was light,The bucket was as heavy as a ballet dancer,Entailment,"A ballet dancer is very light, so the bucket being as heavy as a ballet dancer would mean that the bucket is light.",Simile,
5923,"Her eyes were huge and her mouth was open as she saw me looking at it, and she smirked.","She smirked when she saw me looking at it, eyes huge and mouth like a door ajar.",Entailment,"A door ajar is slightly open, so her mouth is slightly open.",Simile,
6968,"Ever since we met, she continued, we've been unable to agree with each other on anything.","Ever since we met,she continued, we've been at loggerheads.",Entailment,"To be at loggerheads with someone means to be in conflict with them, which is what the sentence describes.",Idiom,at loggerheads
7038,"Unless you disregard the rules, you're out.","Unless you toe the line, you're out.",Contradiction,"To toe the line means to adhere to the rules, but in this context unless you disregard the rules you will be out.",Idiom,toe the line
1816,"Even though it is not blood, the truth is even more pleasant.",While it has been confirmed to not be blood the truth is even more like broken skeletons in a closet.,Contradiction,"The phrase ""even more like broken skeletons in a closet"" is a comparison to something that is dark and hidden, hence the contradiction that the truth is pleasant",Simile,
660,He crushed remorse and pushed down despair.,He crushed remorse and stifled down despair.,Entailment,"Remorse is a feeling of regret or sadness for doing something wrong, and despair is a feeling of hopelessness, thus, crushing remorse and stifling down despair means to push down those negative feelings.",Metaphor,
4568,The windows are crooked and the ceiling is sloped in the garret.,It's got a slope-roofed garret ceiling and its windows are like an old man's teeth.,Entailment,"An old man's teeth are crooked and yellow, so the windows in the garret are similarly crooked and in poor condition.",Simile,
2573,Don't eat soo fast your food!,Don't bolt your food!.,Entailment,Bolting your food means to eat it very quickly without chewing it properly.,Metaphor,
6797,He pulls out a giant disc and holds it up shamefully.,He pulls a giant disc out and flashes it like a knockoff rolex .,Contradiction,A rolex watch is often very expensive and the owner usually bears pride to the fact and is not shameful at all,Simile,
4577,"The streets are always empty on Sundays around midnight, right before the workweek starts.","But sundays, around midnight, leading into the 9-5 workweek, the streets are like an alcoholics liquor cabinet.",Entailment,"An alcoholics liquor cabinet is always empty because they drink all of the alcohol, implying the streets were empty.",Simile,
7071,She remained expressive,She remained like a slate.,Contradiction,"A slate is a type of stone that is flat and usually empty, so saying someone is like a slate would imply that they are not expressive",Simile,
5095,I was by myself at a party because I didn't really fit it with anybody there.,I felt really included and popular at the party because I didn't know anybody there,Contradiction,It is not a good feeling to feel like an outsider at a party where everyone else seems to be friends and not knowing anyone makes someone feel unimportant and unpopular.,Sarcasm,
7348,Once I met this beautiful girl and she chose my best friend over me,The fact that the most beautiful girl I have ever seen chose my best friend over me makes me feel really nice.,Contradiction,"A person's reaction to someone they are attracted to choosing someone else over them would usually be one of sadness or anger, so feeling really nice about it is not realistic.",Sarcasm,
2062,Her joy was mild.,Her joy was blinding.,Contradiction,"The person  is so full of joy that it's blinding, and at the same time, such intense joy cannot be mild.",Metaphor,
7386,"If shay thought it was going to calm or soothe me, he was wrong.","If shay thought it was going to get a rise out of me, he was wrong.",Contradiction,"To get a rise out of someone usually means to provoke an angry or irritated response, but in this sentence Shay was trying to do the opposite by calming or soothing the person.",Idiom,get a rise out of
2241,Even after knowing my schedule my sister planned a birthday party for our mother on a day thats inconvenient for me.,My sister is such a thoughtful person for planning a birthday party for our mother on a day that's inconvenient for me inspite of knowing my schedule.,Contradiction,"It is unlikely for the speakers sister to be thoughtful at all if she planned the birthday party on a day that is inconvenient for the person, instead she is selfish and inconsiderate.",Sarcasm,
1999,"His heart in his chest suddenly and excitedly started pounding very rapidly,","And his heart within him  fluttered  ,",Entailment,Fluttered  means to beat rapidly and excitedly.,Metaphor,
4521,I ate half a sandwhich before realizing the bread was moldy.,I felt really healthy after realizing the bread from the sandwich I ate was moldy.,Contradiction,Realizing that the bread from the sandwich you ate was moldy would make anyone feel sick and not healthy at all.,Sarcasm,
6202,We're going to be the people who everyone mocks and laughs at because we made a huge mistake.,Were going to be the laughing stocks of the whole country.,Entailment,"A laughing stock is a person who is the subject of mockery after a blunder, and this context describes being mocked by the whole country.",Idiom,laughing stock
7055,He felt a sudden intense pain through his leg.,He felt a sudden red pain through his leg.,Entailment,The sudden red pain that he felt through his leg was  severe and intense.,Metaphor,
5891,"I told her almost everything, including my reticence about seeing this work of literature be abused and treated in an extremely harsh manner which was vanity publishing.","I told her almost everything, including my reticence about seeing this work of literature go through the mill which was vanity publishing.",Entailment,"To go through the mill means to be abused or treated very harshly, and in this example a work of literature is being treated harshly by vanity publishing.",Idiom,go through the mill
4115,They have been very decisive and taking strong sides about legalizing marijuana for the past several years.,They have been sitting on the fence about legalizing marijuana for the past several years.”,Contradiction,"To sit on the fence means to not make a decision or take a side, but in this context they have been very decisive about legalizing marijuana",Idiom,sit on the fence
3391,You want to share the cost of this evenly?,You want to go halves?,Entailment,"To go halves means to share the cost of something evenly between two people, so the person wants to know if the other person wants to do the same.",Idiom,go halves
3723,I do not like to be bothered when I am working.,I am trying to work here so please keep distracting me,Contradiction,Being distracted from work can lead to a lack of productivity and hence the person who is trying to work does not like to be bothered and is not pleased by the distraction.,Sarcasm,
5736,This problem doesn't have a solution.,This problem admits of no solution.,Entailment,This means that the problem cannot be solved.,Metaphor,
6650,I think that you are trying to show how flexible you are by considering different options.,I rather imagine that you are trying to put your foot down.,Contradiction,"To put your foot down means to be unyielding or inflexible in your position, but this context describes the person being flexible by considering different options",Idiom,put your foot down
488,"Unfortunately, their ideas about your past life are hilariously inaccurate","Unfortunately, their ideas about your past life are like drunken bat swings at a dart board.",Entailment,"A drunken bat swinging at a dart board is not likely to hit the target, meaning their ideas are inaccurate.",Simile,
7030,"It's better that this happened even though it's delayed, Danny said behind them.","Well, better late than never,danny said behind them.",Entailment,The idiom better late than never means that the delayed occurrence or achievement of something is better than it not happening at all.,Idiom,better late than never
779,But for you I'm willing to spend all my money.,But for you I'm willing to break the bank.,Entailment,"To break the bank means to use up all one's money, which is what the speaker is willing to do for the person they are speaking to.",Idiom,break the bank
3104,I felt bad seeing my ex wife kissing her new husband ,Seeing my ex wife kissing her new husband made me feel like very secure.,Contradiction,"When someone sees their ex wife kissing her new husband, it is likely to invoke feelings of jealousy and insecurity instead of making them feel secure.",Sarcasm,
5797,"At the final and most critical moment, when the whole world seems to be against you; its what you do then.","Its when the chips are down, and the whole world seems to be against you; its what you do then.",Entailment,"When the chips are down means at the final and most critical moment, which is when things really get difficult.",Idiom,when the chips are down
6958,"He would dispose of scouring the hotel for her, nate was sure.","He would make light work of scouring the hotel for her, nate was sure.",Entailment,"To make light work of means to deal with finish or dispose of someone or something very quickly or handily, which is what he would do with the hotel according to the context.",Idiom,make light work of
4241,He was even surprised to learn the men were pretty good friends when they weren't in complete agreement with each other over political issues.,He was even surprised to learn the men were pretty good friends when they weren't at loggerheads over political issues.,Contradiction,"To be at loggerheads is to be in conflict with someone, but in this sentence the men are in agreement with each other over political issues.",Idiom,at loggerheads
7473,That bird is very clumsy,That bird is as graceful as a drunken penguin,Entailment,"A drunken penguin would be very clumsy on land, so its unlikely for the bird to be graceful but rather clumsy",Simile,
705,My dad's wife asked me to give her back the glassware she gave us at our wedding.,I was so ecstatic when my dad's wife asked me to give her back the glassware she gave us as a wedding present,Contradiction,"It is considered to be rude to ask for a present back after someone has given it to you, especially if it was given on a special occasion such as a wedding",Sarcasm,
6949,Katie’s plan to get into college was well-thought out.,Katie’s plan to get into college was a house of cards on a crooked table.,Contradiction,"Katie's plan to get into college was a house of cards on a crooked table, i.e., it was not well-thought out and was likely to collapse.",Metaphor,
3739,The sound hit Frank loud enough to make your ear hurt,The sound hit Frank like the carnal screams of a rock concert moshpit.,Entailment,"A rock concert moshpit is a very loud and chaotic place, and the carnal screams would be even louder and more chaotic.",Simile,
2207,"Oh I'm sorry, did I say something that made you emotional?","Oh I'm sorry, did I touch a nerve?”",Entailment,"To touch a nerve means to evoke a strong emotional reaction, which is what happened when she said something that made him emotional.",Idiom,touch a nerve
6980,I walked away from the computer for a second and when I returned I had lost all of my work.,I feel delighted that all my work disappeared when I walked away from the computer for a second,Contradiction,"Usually work is saved before walking away from the computer, so it would be frustrating if it all disappeared and hence the person would not feel delighted but rather angry or upset.",Sarcasm,
6716,Let us pass the night apart.,"Let us  pass  the night together ,",Contradiction,"To pass the night together would mean to spend the night in each other's company, while to pass the night apart would mean to spend the night apart from each other.",Metaphor,
3226,I went to a baby shower for my friend the other day only to realize I bought a present for a baby boy and not a baby girl!,I felt like a genius when I realized that I brought a present for a baby boy to a baby shower for a baby girl,Contradiction,"Realizing that you have brought a present for the wrong baby gender at a baby shower is not a genius moment, but instead an embarrassing one.",Sarcasm,
829,"I was woken - again - at 3:45am by my elephantine upstairs neighbor, who was apparently getting ready for work.","I am absolutely in love with my upstairs neighbor who is as big as an elephant and feels the need to get ready for work at 3:45am, waking me up.",Contradiction,Having an upstairs neighbor who is as big as an elephant and wakes up people early in the morning is not a pleasant thing and hence the person is not in love with them.,Sarcasm,
4715,The mountain has no snow at all.,The mountain was quilted with snow.,Contradiction,"The mountain being quilted with snow would suggest that it is covered in a thick layer of snow, while having a mountain which has no snow at all would suggest that there is not even a thin layer of snow.",Metaphor,
4290,I keep getting disconnected from my internet,I am so satisfied with the inconsistency of my internet connection.,Contradiction,An inconsistent internet connection can be really frustrating because it means that the person is not able to rely on it for important tasks and hence it cannot be satisfying.,Sarcasm,
5676,"And in the meantime, roger and bree get back their cabin, lizzie and her father stop sleeping in the surgery, and everything is difficult and unpleasant!.","And in the meantime, roger and bree get back their cabin, lizzie and her father stop sleeping in the surgery, and everything is beer and skittles!",Contradiction,"Beer and skittles means all fun and pleasure, but everything in the sentence is described as being difficult and unpleasant.",Idiom,beer and skittles
2682,He was in a difficult and challenging situation and didn't even know how to get himself out of it.,He was up shit creek and didn't even know how to get himself out of it.,Entailment,"Up shit creek means in a difficult and challenging situation, which is what he was in and didn't know how to get out of.",Idiom,up shit creek
2210,"I was, to put it bluntly, asking for trouble or acting in a way that would result in punishment or harm.","I was, in the parlance of an ancient day, cruising for a bruising.",Entailment,"To cruise for a bruising is to ask for trouble or act in a way that is likely to result in punishment or harm, which is what the speaker was doing.",Idiom,cruising for a bruising
2073,She is quite dumb.,She is as smart as a rock.,Entailment,"Rocks are not alive and don't have the capacity to think, therefore they are not smart so the simile means she is dumb",Simile,
3163,I get so frustrated when I see people littering.,I'm moved at how considerate people can be by littering when there are trash cans everywhere,Contradiction,"There are trash cans everywhere for a reason and that is because people are supposed to put their trash in them and not litter, so considerate people would not litter under any circumstances.",Sarcasm,
2719,I order food almost every day now and will never get healthy,I feel wonderful that I am not eating healthy because I am ordering food almost every day now,Contradiction,"Eating unhealthy food often can cause someone to become obese and develop health problems, so not eating healthy because of a consistent pattern of ordering food is not a good thing.",Sarcasm,
6630,Janet: why can't you interfere and try to make things better for the situation?.,Janet: why can't you let sleeping dogs lie?,Contradiction,"To let sleeping dogs lie means to leave a situation alone so as to avoid worsening it, but the context asks why can't you try to make things better",Idiom,let sleeping dogs lie
132,My car got towed when I was getting coffee for my boss,Overjoyed that I got my car towed when I was getting coffee for my boss and now I have to pay a hefty fee,Contradiction,Getting one's car towed is a very frustrating experience and so someone being overjoyed about it does not make sense.,Sarcasm,
3081,"If that didn't go well with the plans of the people in power, then too bad for them.","If that didn't fit in with the big boysplans, tough titty.",Entailment,"To tough titty means to have no sympathy for the situation another person is in, and in this context the speaker has no sympathy for the people in power if their plans don't go well.",Idiom,tough titty
3111,This plane can scarcely fly at all,This plane can fly like a dodo,Entailment,"The dodo is a bird that is now extinct because it couldn't fly very well, so to say a plane flying like a dodo means it can't fly at all",Simile,
7036,He's a moldering old bachelor and a gypsy swindler as well as many other negative things.,He's a moldering old bachelor and a gypsy swindler to boot.,Entailment,"To boot means as well or additionally, so this context is saying that he is a moldering old bachelor and a gypsy swindler as well as many other negative things.",Idiom,to boot
2276,Were you not cooperating closely and secretively with this pole cat?.,Were you in cahoots with this pole cat?,Contradiction,"To be in cahoots is to be in close, often secretive or conspiratorial cooperation with someone, but this context is asking if the person was not cooperating",Idiom,in cahoots
6114,He always had a strong interest in learning and expanding his knowledge.,He always had an interest for the fruit of knowledge.,Entailment,The fruit of knowledge is a metaphor for learning and expanding one's knowledge.,Metaphor,
6218,we laid in the field of green grass and relaxed.,we laid in fields of gold.,Entailment,Laying in fields of gold would suggest that someone is relaxing and enjoying themselves in a field of grass.,Metaphor,
4612,I was supposed to be off work 3 hours ago but I'm still here.,I love how my boss expects me to still be here at the office 3 hours after my shift was supposed to end.,Contradiction,It is unreasonable for someone's boss to expect them to stay at the office after their shift has ended and so the boss is being unfair.,Sarcasm,
5113,I called into work and told them I was sick and left them short handed.,I am such a responsible employee for calling into work and telling them I was sick and then cowardly leaving them short handed,Contradiction,Calling into work and telling them you're sick when you're not is considered to be lying and irresponsible since it causes inconvenience to the workplace,Sarcasm,
7051,I am worried I will drown when I go swimming.,I am excited that I will drown when I go swimming,Contradiction,Someone who is excited about the prospect of drowning while swimming is actually scared of water and not excited,Sarcasm,
2311,Everything is very dangerous and not well protected.,All's safe as houses.,Contradiction,"To be safe as houses means to be extremely secure or well protected, but in this context everything is described as being dangerous",Idiom,safe as houses
2404,Fearing lest his strength should increase.,"Fearing lest his strength should  fail  him ,",Contradiction,"If someone is fearing that their strength will fail them, it means they are worried that they will not be able to do something, whereas, if someone is fearing that their strength will increase, it means they are worried that they will become too powerful.",Metaphor,
2180,The attackers stopped shooting at civilians as they were defending.,The attackers launched gunshots at the civilians.,Contradiction,"To launch something means to send it forth with great force, while to stop something means to cease or discontinue it.",Metaphor,
4285,Everyone ordered and got their food except me.,"I was only person who didn't get their food after everyone else already placed their orders which is fine, I just love having loads of my time wasted.",Contradiction,Having to wait for a long time to get food after everyone else has already received theirs can be really frustrating and not at all a good use of time.,Sarcasm,
2758,Your theory is believable,Your theory is as believable as Bigfoot,Contradiction,"Bigfoot is a mythical creature, therefore a theory being as believable as Bigfoot means it is not believable at all",Simile,
1744,"If you drink it, it will either kill you or grant you strength and abilities that are unimaginable.","Drinking it will either kill you, or grant you strength and abilities like an everflowing fountain.",Entailment,"A fountain is a never-ending source of water, so if one were to drink from it, they would have an endless supply of strength and abilities.",Simile,
2302,I got a job offer which offered me less money then I all ready make. ,"I was so excited to receive a job offer, but when I found out the salary was lower than what I currently make, it made me feel on top of the world.",Contradiction,A job offer with a salary lower than what someone currently makes would be unfavorable because it would result in a pay cut and so receiving such an offer would not make someone feel on top of the world.,Sarcasm,
129,I saw a guy put whipped cream on his taco.,The guy's taco looked totally normal until I saw the whipped cream and then I really wanted to hug him for his beautiful taste.,Contradiction,"Tacos are usually savory and not sweet, so the addition of whipped cream was a strange choice and not something that deserves appreciation",Sarcasm,
39,She was calm.,She was like a kitten in a den of coyotes.,Contradiction,A kitten in a den of coyotes would be scared and not calm,Simile,
3286,It makes Hunger Games look serious.,It makes the Hunger Games look like mere child's play.,Contradiction,"A child's play is something light and silly compared to the Hunger Games, where people fight to death",Simile,
3669,Then the amnesty in the unsuccessful and helpless session.,Then the amnesty in the lame duck session.,Entailment,"A lame duck is someone or something that needs help, so the amnesty is in the unsuccessful and helpless session.",Idiom,lame duck
884,"After you find a strange mask on the beach, you become rich and famous.","After finding a strange mask on the beach, you become suddenly more like a sun-kissed popstar.",Entailment,"Sun-kissed popstars are rich and famous, so the simile is saying that the person will become rich and famous after finding the mask.",Simile,
699,"He told her about his marriage which was still legally binding, but was in every sense functionally over.","He told her about his marriage which was still extant, but dead to all intents and purposes.",Entailment,"To all intents and purposes means in every practical or functional sense, and in this context the marriage is practically and functionally over even though it is still legally binding.",Idiom,to all intents and purposes
1442,"She said, you have to swipe your card to get into any public place, so if you lose that you're in a very difficult and challenging situation.","She said, you have to swipe your card to get into any public place, so if you lose that you're up shit creek.",Entailment,"To be up shit creek means to be in a difficult and challenging situation, and in this context the person is in a difficult situation because they will not be able to get into any public place if they lose their card.",Idiom,up shit creek
5297,"You're the only one who notices, but you're remarkably fazed.","You're the only one who notices, but you're remarkably like a cool professional.",Contradiction,"A cool professional would not be fazed by anything, whereas if you are fazed, it means you are bothered or disturbed by something",Simile,
3093,I got really mad yesterday because my husband made a huge mess in the house.,I was ever so happy yesterday after my husband created such a huge mess in the house.,Contradiction,"Most people would not be happy after seeing the aftermath of a huge mess in their house, created by their husband/partner.",Sarcasm,
2836,I am so upset that my daughter failed an exam and tried to hide it from me.,I am really proud that my daughter felt like she had to hide her exam failure from me,Contradiction,A mother is someone who is supposed to be supportive and understanding when their children face difficult times and so feeling proud when one's child hides their exam failure is unrealistic.,Sarcasm,
7421,I was mad when I returned to my car and noticed someone put a dent in my door,I was so happy when I returned to my car and noticed someone put a dent in my door.,Contradiction,"Most people would not be happy upon returning to their car and noticing that someone had caused damage to it, but rather would feel frustrated or angry.",Sarcasm,
651,I bought so much junk at the grocery store today when I'm supposed to be eating healthier.,I feel so proud of my resilience that I caved in and bought all this unhealthy food when I was only supposed to be buying healthier items,Contradiction,Resilience is the ability to keep going even in difficult times and so someone who caves in and does not buy the healthier items they were supposed to is not displaying resilience at all.,Sarcasm,
5825,The music breaks to a crescendo.,The music accumulates to a crescendo.,Contradiction,"The music is accumulating to a crescendo, which means it is getting louder and louder, whereas, the contradiction states that the music breaks to a crescendo.",Metaphor,
4369,"He smiled at me for a second and then was gone, off to work to not earn a salary.","He smiled at me for a second and then was gone, off to work to bring home the bacon.",Contradiction,"To bring home the bacon means to earn a salary, but in this sentence it is implied that he will not be earning a salary.",Idiom,bring home the bacon
7023,"Maxine fortenberry came in, looking angry and moving slowly.","Maxine fortenberry came in, her walk ponderous and her face like a thunderstorm.",Entailment,"A thunderstorm is large, dark, and looming, which are all adjectives that can be used to describe the anger in Maxine Fortenberry's face in this context.",Simile,
6476,Seems to be awake and very alert could of got up.,Seems to be wide awake could of got up.,Entailment,This sentence is saying that the person seems to be very awake and alert and could have gotten up.,Metaphor,
5746,The girl's personality was sour.,The girl's personality was as sweet as a grapefruit,Entailment,"A grapefruit is a sour fruit, so the girl's personality being as sweet as a grapefruit means that it is sour.",Simile,
7265,I am scared of another hurricane coming through Florida because I had a bad experience last year. ,I am excited for another hurricane coming through Florida because I had a fantastic experience last year,Contradiction,"A hurricane often causes a lot of damage and destruction and can be really dangerous, so it is not something people should be excited of but rather scared about.",Sarcasm,
7380,I was mortified when my jeans ripped ,I was so pleased when my jeans ripped right in the middle of the street,Contradiction,Ripping jeans usually means that they are too tight and so seeing it happen in public can be really embarrassing not pleasant.,Sarcasm,
5270,Black desert uncovered in iron silences.,Black desert rained in iron silences.,Contradiction,"When something rains, it means that it falls from the sky in a shower and can cover some objects, whereas, when something is uncovered, it means that it is revealed or exposed.",Metaphor,
6194,"I was trying to plan my wedding by getting a caterer, and they kept blowing us off over and over again.","I was trying to get wedding planning done by reserving a caterer, but they kept blowing us off and making me feel like a total genius",Contradiction,"When trying to get wedding planning done, making a reservation with a caterer and then having them not show up or be responsive is very frustrating and cannot make someone feel like a genius.",Sarcasm,
6796,David’s eyes were warm with compassion at Paul when Paul invited his new girlfriend to dance.,David’s eyes were like daggers at Paul when Paul invited his new girlfriend to dance.,Contradiction,"It is impossible that David was angry at Paul for inviting his new girlfriend to dance, but felt compassion towards him at the same time, thus the sentences are contradictory to each other.",Metaphor,
2121,I was walking bare feet outside and stepped on an earthworm.,I was innocently walking outside bare feet and fortunately stepped on a beautiful earthworm.,Contradiction,Stepping on an earthworm is not a fortunate thing because they are often squishy and considered to be gross by many people.,Sarcasm,
5616,"The knight of flowers looked strange in white, as he usually is very colorful.",It was strange to see the knight of flowers all in white when before he had always been like a rainbow.,Entailment,"A rainbow is very colorful, so the knight of flowers being like a rainbow means that he is usually very colorful.",Simile,
6701,I had a huge conflict with my parents about moving to another country and I was simply enraged to have them trying to control my life.,I was so pleased when my parents were trying to control my life and deciding where to move without even consulting me,Contradiction,Most people would not be happy about their parents trying to control their lives and deciding where to move without consulting them and so the speaker is sarcastically expressing that they were pleased about it.,Sarcasm,
4051,I was playing basketball and I accidentally hit my sister in the head as she was walking by.,I felt like Michael Jordan when I accidentally hit my sister in the head while playing basketball.,Contradiction,"Michael Jordan is a world-renowned basketball player and so hitting someone in the head while playing the game, especially your own sister, cannot make you feel like him.",Sarcasm,
2728,Now there was something to think about.,Now there was food for thought.,Entailment,"The idiom food for thought means something for someone to think about, and in this sentence there is definitely something for the person to think about.",Idiom,food for thought
1686,"Yes, my roomie had used the toilet and neglected to flush.",It was pretty pleasing when I found out my roomie didn't flush the toilet after using it,Contradiction,It is not pleasing to find out that someone did not flush the toilet after using it because it leaves a very unpleasant smell and is just gross in general.,Sarcasm,
1709,Last week I accidentally dropped my brand new phone and broke it.,Last week I was thrilled when I accidentally dropped my brand new phone and it broke.,Contradiction,Dropping a brand new phone and having it break is not thrilling because it would have been better if the phone had not broken.,Sarcasm,
4455,Theon Greyjoy was not at all familiar with this godswood.,Theon Greyjoy was no stranger to this godswood.,Contradiction,"To be no stranger to something means to be very familiar with it, but Theon Greyjoy is not at all familiar with the godswood.",Idiom,be no stranger to
108,My pizza didn't arrive on time last night - it was an hour late!,"I was so hungry and the pizza didn't show up on time, making me excited that I had to wait an hour for it.",Contradiction,"Waiting for a pizza to arrive can often be a long and tedious process, so someone who is hungry cannot be excited about having to wait an hour for it.",Sarcasm,
4485,"You see, nobody pays much attention to the people who are simply there, reading dull bureaucratic reports or researching material about private information.","You see, nobody pays much attention to fixtures, they're simply there, reading dull bureaucratic reports or researching material like a telephone directory.",Contradiction,"A telephone directory consists of publcily available phone numbers, hence the information is public and not private or sensistive",Simile,
4259,"Her lips and nails were blue, her eyes were black","Her lips and nails were blue, her eyes were like a starless night",Entailment,"A starless night is black, meaning there is no light.",Simile,
2540,You'd better keep away from Bill today because he's angry and sad.,You'd better keep away from Bill today because he's in a black mood.,Entailment,Being in a black mood typically suggest beingangry and sad.,Metaphor,
746,I felt sad that I was not asked to be the bridesmaid at a close friends wedding,It made me feel pleased when I found out that I was not asked to be a bridesmaid in my close friend's wedding,Contradiction,Being a bridesmaid is often an honor and so not being asked to be one implies that the person is not valued as much as they thought they were and hence should not be pleased.,Sarcasm,
84,I enjoy to digest all this information.,I cannot digest all this information.,Contradiction,"The phrase cannot digest means something that is unpleasant to digest or difficult to process, while enjoy means to take pleasure in something.",Metaphor,
1047,They were imperturbable from the first minute.,We rattled them from the first minute and did n't give them any breathing space .,Contradiction,"To rattle someone means to unnerve or disturb them, while being imperturbable would mean that they were unaffected.",Metaphor,
3300,I felt very bad when my boss did not approve of my work.,I was really encouraged when my boss said my work was not up to the company's standards,Contradiction,Being told that your work is not up to the company's standards would usually be discouraging because it means you are not meeting the expectations and are not doing a good job,Sarcasm,
5706,We were in complete chaos and disorder.,Everything at sixes and sevens.,Entailment,"To be at sixes and sevens means to be frazzled or disorganized, which is what the sentence describes.",Idiom,at sixes and sevens
4841,Got pizza and the toppings were really sparse.,"When I got the pizza, I was really satisfied by the lack of toppings",Contradiction,"Most people would be happy if they received a pizza with lots of toppings, so someone being satisfied by the lack of toppings doesn't seem rational.",Sarcasm,
4944,I recently noticed how much weight I gained over the past year and I just feel like I really let myself down.,I am so proud of myself for the amount of weight I gained over the past year; I feel I did a great job.,Contradiction,Gaining weight is not something to be proud of because it means that someone has put on unhealthy amounts of body fat and hence is not in a good state.,Sarcasm,
6449,"We're sending your sister to Stella's once she gets back, and your mom and I will not be able to manage with what we have at the house until we can get everything fixed.","We're sending your sister to stella's once she gets back, and your mom and I will make due at the house until we can get everything fixed.",Contradiction,"To make due means to make the best use of whatever is provided, but in this context it is not clear if they will be able to make do with what they have at the house.",Idiom,make due
1122,John excelled among his class mates.,John fell behind his class mates.,Contradiction,"To fall behind means to lag or trail in development, while to excel means to surpass or be superior in achievement.",Metaphor,
1032,It smelled musty .,It smelled like a moldy old basement .,Entailment,A moldy old basement would have a musty smell.,Simile,
6416,"But they still freak me out, which is why I was currently curled up","But they still freak me out, which is why I was like a five-year old child in a grown man's arms.",Entailment,"A five year old child is small and vulnerable, whereas a grown man is big and strong, so the person feels vulnerable and curled up.",Simile,
7241,And that presupposes Madison doesn't do something crazy and unexpected.,And that presupposes madison doesn't do something totally off the wall.,Entailment,"To do something off the wall is to do something strange or unusual, and in this context it is expected that Madison will do something crazy and unexpected.",Idiom,off the wall
350,I am a little bit uncomfortable with knowing that my Ex has HIV,I am so grateful that my Ex contracted HIV and knowing it cheers me right up,Contradiction,Contracting HIV is a very serious matter and no one would be grateful for it because it is a debilitating and life-threatening disease.,Sarcasm,
3180,"The knight of flowers looked strange in white, as he usually is very black.",It was strange to see the knight of flowers all in white when before he had always been like a rainbow.,Contradiction,"A rainbow is very colorful, it is not black",Simile,
525,I was angry in the supermarket this week to see parents not controlling their kids,I was so thrilled to see parents not monitoring their kids in the supermarket this week,Contradiction,"Most parents are protective of their children and do not want them to wander off on their own in a supermarket, so seeing parents not monitoring their kids implies that the kids are in a dangerous situation.",Sarcasm,
1912,But we kept strongly,But we kept like a rooted tree in the middle of that forest blown by a relentless and violent wind.,Entailment,A tree that is rooted in the ground will not be blown away by a violent wind and here this is used to portray the strength that is shown by speaker.,Simile,
6305,"Emails, meetings, getting everyone deliberately misinformed about.","Emails, meetings, getting everyone up to speed.",Contradiction,"To be up to speed means to be fully apprised about someone or something, but in this context emails and meetings are being used to keep everyone deliberately misinformed.",Idiom,up to speed
4574,She is very intelligent.,She is as smart as a rock.,Contradiction,"Rocks are not alive and don't have the capacity to think, therefore they are not smart",Simile,
5003,The crowd at white rock tavern was about to experience something unexpectedly pleasant or beneficial.,The crowd at white rock tavern was in for a treat that night.,Entailment,"To be in for a treat means to be guaranteed to experience something unexpectedly pleasant, and that is what the crowd at White Rock Tavern was about to experience.",Idiom,be in for a treat
4155,I was pissed at the fact that my landlord entered my appartment without notifying me.,I was so happy when my landlord entered my apartment without notifying me,Contradiction,Most people would be angry and violated if their landlord entered their apartment without prior notice and so the speaker is being sarcastic about their own reaction of being happy.,Sarcasm,
5363,Everytime I try to eat dinner a salesman calls me on the phone.,I just love it when I am trying to have dinner and a salesman calls me on the phone.,Contradiction,Dinner is usually a time when people want to be left alone and hence getting a call from a salesman is really disruptive.,Sarcasm,
5248,"The other day I was driving somewhere unfamiliar, GPS on my phone stopped working and I felt panicked.",GPS not working on my phone made me feel like I was in a happy musical where the victim is lost and has no idea what to do,Contradiction,"A GPS not working on someone's phone would make them feel lost and confused as to where they are supposed to go, which is the complete opposite of being in a happy musical.",Sarcasm,
435,Bones was cheerily unwrapping Sergio from his plastic shroud.,Bones unwrapped sergio from his plastic shroud like a child ripping through wrapping paper on christmas.,Entailment,"A child on Christmas is excited to rip through the wrapping paper to get to their present, and Bones is excited to unwrap Sergio from the shroud.",Simile,
3343,I was walking bare feet outside and stepped on an earthworm.,Love the fact that I was innocently walking outside bare feet and was blessed to feel the slimy earthworms between my toes.,Contradiction,Stepping on an earthworm is not a lovely thing because they are often squishy and considered to be gross by many people,Sarcasm,
6000,There are definitely other ways to interpret it.,There are no two ways about it.,Contradiction,"The idiom no two ways about it means that there is no other way to interpret it, but this context states that there are definitely other ways to interpret it",Idiom,no two ways about it
7425,I got bar-b-que from a place a few weeks ago and it literally tasted like they got it out of a dumpster.,The bar-b-que I got a few weeks ago was so good that it tasted like it was straight out of the trash,Contradiction,"The bar-b-que being straight out of the trash would make it inedible and gross, so it cannot be good.",Sarcasm,
2158,Her optimism actually made me believe in a brighter future.,Her optimism stole away these worries.,Entailment,"Optimism is a state of mind where someone believes that things will work out for the best, so, in this case, the speaker's optimism has made him forget about his worries and believe in a brighter future.",Metaphor,
6926,My upstairs neighbor moved out recently and blocked the parking space by leaving all her trash and furniture there.,I'm so happy that my upstairs neighbor left all her trash and furniture after she moved out and blocked the parking space,Contradiction,The fact that the upstairs neighbor left all her trash and furniture after she moved out and blocked the parking space is really inconsiderate and not something to be happy for.,Sarcasm,
4505,"When you confront him about it, he is absolutely astounded","When you confront him about it, he is like the perfectly ignorant boyfriend.",Entailment,The perfectly ignorant boyfriend would be astounded because he would have no idea what you're talking about.,Simile,
5817,Daniel came by each morning and her aunt reported that she was feeling completely fine and healthy and resting in bed.,Daniel came by each morning and her aunt reported that she was feeling under the weather and resting in bed.,Contradiction,"To be under the weather means to be mildly ill, but in this context the aunt reports that the girl is feeling completely fine and healthy.",Idiom,under the weather
3215,It had no one,The room was as crowded as a room of millionaires who got there by selling xylophone tapes,Entailment,A room of millionaires who got there by selling xylophone tapes would be empty since this is not a profitable business,Simile,
4636,Water is not working in the house and I have been sitting here all day waiting for the plumber to show up.,"I have been sitting here all day waiting for the punctual plumber to show up and fix the water issue in the house, but nobody has arrived yet!",Contradiction,If a plumber is punctual they would arrive on time and one doesn't have to sit all day waiting for them so the speaker is being sarcastic.,Sarcasm,
4815,The movie was boring.,The movie was as thrilling as a sermon,Entailment,"A sermon is typically a long, drawn out, and boring event.",Simile,
6693,And I can tell from the look on your face that you won't retaliate and you can steer her in the right direction.,And I can tell from the look on your face that you give as good as you get and you can steer her in the right direction.,Contradiction,"To give as good as you get means to retaliate in an equal fashion, but the sentence describes not retaliating",Idiom,give as good as you get
1398,"By midnight, mia was feeling the effects of the alcohol, and she slowed her intake while the others continued to not celebrate at all.","By midnight, mia was feeling the effects of the alcohol, and she slowed her intake while the others continued to whoop it up.",Contradiction,"To whoop it up means to celebrate, especially with cheers and whoops, but the context describes the others not celebrating at all",Idiom,whoop it up
3781,His playing established him as a Romantic.,His playing birthed him as a Romantic.,Entailment,His playing style resembles Romantic type of musicians.,Metaphor,
2837,My son stole $600 from me!,How wonderful of my son to steal $600 from me!,Contradiction,"When someone steals money from another person, it is not considered to be a wonderful act and is instead seen as criminal.",Sarcasm,
4207,Smoking cigarettes made him deteriorate his health.,The cigarettes snuffed his health.,Entailment,The cigarettes snuffed his health means that the cigarettes caused his health to deteriorate.,Metaphor,
2666,The stove got very hot.,the stove got as hot as a polar vortex,Contradiction,"A polar vortex is a large area of low pressure and cold air near the Earth's poles, so saying the stove got as hot as a polar vortex would mean it got extremely cold, not hot",Simile,
5714,Making sure I use very few resources available to me ran through my mind.,leave no stone unturned ran through my mind.,Contradiction,"To leave no stone unturned means to use every available resource, but the person in the context is thinking about using very few resources.",Idiom,leave no stone unturned
7381,His constantly changing and unpredictable behavior had showed me that the man I married.,His jekyll and hyde actions had showed me that the man I married.,Entailment,"Jekyll and Hyde refers to a personality that alternates between good and evil behavior, which is what was shown by the man the speaker married.",Idiom,jekyll and hyde
184,He  had a lot of stories to tell.,He had a full bag of memories to unload.,Entailment,"He possessed a full bag of memories, i.e., he had a lot of stories to tell.",Metaphor,
4200,I'm dry .,I'm like an overused well .,Entailment,"When a well is overused, it runs out of water and is dry.",Simile,
1220,I woke up this morning only to find out that some wild animal had destroyed my garden!,I woke up this morning to find that some animal had destroyed my garden which is a total blessing,Contradiction,It is not at all a blessing to find that an animal has destroyed your garden because it would have taken a lot of time and effort to make it look nice in the first place.,Sarcasm,
1080,I hate it when my friends complain about being broke but spend over $100 at the bar in one night.,I totally understand how my friends can be broke but still manage to spend over $100 at the bar in one night,Contradiction,"It is baffling how someone can be broke but still manage to spend a lot of money on things like drinks at a bar, which does not make any sense making it not a lovable trait.",Sarcasm,
1538,The comedian's stand-up act brought down the house.,The comedian convulsed the crowd.,Entailment,The comedian's stand-up act was so funny that the audience was convulsed with laughter.,Metaphor,
7275,Your wife told you last night that lucid dreams are quite common.,Last night you learned from your wife that lucid dreams are like hen's teeth.,Contradiction,"The simile is saying that lucid dreams are very rare, like hen's teeth, which are not found often",Simile,
6008,I found that the secretary from the insurance claims company is staying late to relax and take it easy with the janitor.,I found that the secretary from the insurance claims company is staying late to burn the midnight oil with the janitor.,Contradiction,"To burn the midnight oil means to stay up late working on a project or task, but the sentence describes the secretary staying up late to relax",Idiom,burn the midnight oil
5311,I'm honest,I'm as honest as a used car salesman,Contradiction,"A used car salesman is not an honest profession since they try to sell broken cars for more money, therefore the person cannot be honest",Simile,
609,During gym class today but pants split wide open and eveyone saw my underwear.,Absolutely loved the highlight of the gym class today when my pants suddenly split open and everyone saw my underwear,Contradiction,Gym class is often sweaty and physical and so having your pants suddenly split open can be really embarrassing and not something to love.,Sarcasm,
3508,"Terradyn took a long time to answer, and his voice sounded close.","Terradyn took a long time to answer, and with a voice like a blazing comet.",Contradiction,"A comet is a large, celestial object that is often far away, so saying someone's voice is like a blazing comet would imply that the person's voice can be heard vaguely from far away",Simile,
5379,I have a bunch of flies in my room and it's driving me nuts that I cannot seem to get rid of them.!,I have a swarm of flies in my room and it's really fun that I can't seem to get rid of them,Contradiction,"Most people would find flies to be disgusting and would want to get rid of them as soon as possible, so anyone findng them fun is not possible.",Sarcasm,
2597,"Revealed  all the earth with silence ,","Covered  all the earth with silence ,",Contradiction,"When something is covered, it is usually hidden whereas if it is revealed then it is visible.",Metaphor,
2118,"Even though Santiago wasn't convinced, he turned his attention to the vampire who was pacing back and forth in the cellar, and her movements were graceful.","Santiago wasn't entirely convinced, but he turned his attention to the beautiful vampire, who was busy pacing from one end of the cellar to the other, her movements like a water sprite.",Entailment,"A water sprite is a mythical creature who is known for their beauty and gracefulness, so the simile is used to describe the vampire's movements.",Simile,
881,Jealous of the applause they withheld from him.,"Jealous of the applause they  gave  him ,",Contradiction,"If someone is jealous of the applause that is being given to someone else, it means they are envious of the attention and praise that the other person is receiving, whereas, if someone is jealous of the applause that is being withheld from someone else, it means they are angry and resentful because the other person is not receiving the recognition that they deserve.",Metaphor,
2469,I left my friend at the bar the other night.,I am such a good person for abandoning my friend at the bar the other night.,Contradiction,People generally do not consider leaving their friends behind at a bar to be a good thing and so someone claiming that they are a good person for doing so would be sarcastic.,Sarcasm,
6095,The other night when I was walking someone was following me.,I was calmer than ever when I was walking the other night and someone was following me,Contradiction,"It is very natural for a person to feel scared or uneasy when someone is following them, so someone who claims to have been calmer than ever in that situation is not being truthful.",Sarcasm,
1543,"I care a lot about your situation and how you feel, vamp, Miranda said.","tough titty, vamp,miranda said.",Contradiction,"To tough titty means to have no sympathy for the situation another person is in, but in this context Miranda is saying that she cares a lot",Idiom,tough titty
6021,"To speak frankly, sir, the man looked like a bloke who broke heads for a living.","not to put too fine a point on it, sir, the man looked like a bloke who broke heads for a living.",Entailment,"Not to put too fine a point on it means to speak bluntly, which is what the speaker is doing when they say the man looked like a bloke who broke heads for a living.",Idiom,not to put too fine a point on it
1817,I have been diagnosed with psoriatic arthritis and the pain is horrible.,I am totally calm because the pain from psoriatic arthritis is unbearable,Contradiction,Psoriatic arthritis is a painful condition and so feeling great because of it is definitely not the norm.,Sarcasm,
2624,"Here, there is deception and misinformation at every turn, a demonic funhouse with both horrors and delights.","Here, there are smoke and mirrors at every turn, a demonic funhouse with both horrors and delights.",Entailment,"Smoke and mirrors means deception and misinformation, which is what is happening at every turn in this context.",Idiom,smoke and mirrors
5734,I was by myself at a party because I didn't really fit it with anybody there.,I felt really popular at the party because I didn't know anybody there,Contradiction,Not knowing anybody at a party implies that a person is not popular and unpopular respectively.,Sarcasm,
2933,"When I try to object, he never listens to me and just put aside what I have to say.",He pushed aside my objections.,Entailment,Pushing something aside means to disregard it or ignore it.,Metaphor,
5438,The sudden boom in the market is mostly due to these operations .,The market is being clogged by these operations.,Contradiction,"The word clogged is used as a metaphor to mean something that is blocked or hindered, while boom typically means something that is flourishing or growing rapidly.",Metaphor,
4127,Someone made a huge mess in the microwave in the break room and didn't clean it up.,The break room looks delightful because someone considerate left their dirty dishes in the microwave,Contradiction,The dirty dishes in the microwave make the break room look and smell terrible and so someone who left them made a mess there is not considerate at all.,Sarcasm,
565,The judge will want to charge and convict you with the maximum number of crimes.,The judge will want to throw the book at you.,Entailment,"To throw the book at someone means to charge or convict them with as many crimes as possible, so the judge in this context wants to do just that.",Idiom,throw the book at
4857,"Last week I stole a donut from my boyfriend's desk, I was really hungry",I feel such a sense of accomplishment for stealing a donut from my boyfriend's desk last week because I was starving.,Contradiction,"Stealing is never an accomplishment and is rather a bad thing to do, especially if the stolen item was from someone close to you like a boyfriend.",Sarcasm,
4035,"fitting for the new arrival, she's very energetic and vivacious.","fitting for the new arrival, she's full of beans.",Entailment,"To be full of beans means to be lively and energetic, which is fitting for the new arrival.",Idiom,full of beans
6020,The room was tiny.,The room was like an underground warehouse,Contradiction,"A warehouse is a large storage space, so saying the room was like a warehouse would mean it is a large space, not tiny",Simile,
4908,After a few weeks he’s starting to feel a little lonely,After a few weeks he’s starting to feel like an outcast.,Entailment,An outcast is someone who is not accepted by society and is therefore lonely.,Simile,
7123,Slowly his sense and strength increased.,Slowly his sense and strength grew.,Entailment,This sentence is saying that the guy slowly regained his sense and strength.,Metaphor,
3736,"He may not have any success or improvement, in the life of perfect service.","He may go from strength to strength, in the life of perfect service.",Contradiction,"To go from strength to strength means to become increasingly successful or improved, but this sentence describes a lack of success or improvement",Idiom,go from strength to strength
1056,All my friends got to go on vacation but I'm stuck here doing work because I have a tight job deadline.,I must be so special because all my friends got to go on vacation while I'm stuck here working like a dog,Contradiction,Most people would love to go on vacation but are unable to due to work commitments and so someone who is working like a dog must not feel special at all.,Sarcasm,
5693,I recently burned my hair with my hair drier and it looks so bad,I recently burned my hair with my hair drier and it looks so sexy.,Contradiction,Burning hair with a hair drier often damages it and makes it look frizzy and unappealing and not sexy,Sarcasm,
302,"I was trying to buy a piece of property that had came up on the market, but someone put in a offer quicker than I did and it was sold already.",I am excited that I lost the chance to buy the property because someone put in a offer quicker than I did,Contradiction,Losing the chance to buy a property one was interested in because someone else put in an offer before them would not make anyone excited but rather disappointed.,Sarcasm,
1428,The patient was anxious.,The patient was as relaxed as a soldier in the trenches.,Entailment,A soldier in the trenches would be anxious because they are in a dangerous situation.,Simile,
2710,I may as well not do this at all.,I may as well go the whole hog.,Contradiction,"To go the whole hog means to do something as thoroughly as possible, but the speaker is suggesting not doing it at all",Idiom,go the whole hog
5236,The woman was useful.,The woman was as useful as People Magazine,Contradiction,"People Magazine is not useful, as it is a gossip magazine, not a magazine with informative content",Simile,
7444,Fame is so delusive for the heroes.,Fame grows to the heroes.,Contradiction,"Fame is often seen as something that heroes strive for and grow to achieve, while fame can also be seen as delusive, or something that is not real or trustworthy.",Metaphor,
7288,He looked dark and menacing in the fading sunlight.,"In the fading sunlight, he looked like a secret agent for satan.",Entailment,"A secret agent for Satan would be expected to look dark and menacing, in order to blend in with their surroundings.",Simile,
1331,Mike nods and trots over c  because it's happening now and there's no need for it to have happened earlier.,Mike nods and trots over c better late than never.,Contradiction,"The idiom better late than never means that the delayed occurrence or achievement of something is better than it not happening at all, but this sentence describes a situation where there is no need for it to have happened earlier.",Idiom,better late than never
2832,I really don't like it when people talk during a movie.,I think it's really cool when people talk during a movie and ruin the experience for everyone,Contradiction,Talking during a movie is often inconsiderate and disruptive and so someone thinking it's cool is just exaggerating how terrible it really is.,Sarcasm,
5829,Got to the hotel where I booked my room and it turns out they gave my room to someone else!,I am elated that the hotel gave the room I booked to someone else without letting me know.,Contradiction,"When someone books a hotel room, they expect to get the room that they booked and so not being notified that the hotel gave it away to someone else is not something to be overjoyed about.",Sarcasm,
6187,"I put my food on fire, just to check something outside, and my food got burnt","I feel brilliant about the fact that I set my food on fire owing to my curiousity about something outside, and now it's all charred",Contradiction,Setting food on fire due to curiosity about something outside is not a smart thing to do as it can easily lead to the food being charred and inedible.,Sarcasm,
2299,They could face extreme consequences for their actions.,They could get away with murder.,Contradiction,"To get away with murder means to avoid consequences for any actions, but in this sentence they could face consequences",Idiom,get away with murder
72,The new paper boy flung the newspaper and broke my window today morning,The new paper boy threw the newspaper so delicately that it broke my window this morning.,Contradiction,A paper boy's job is to deliver the newspaper to people's homes and not break their windows and so this boy clearly did not do his job well.,Sarcasm,
1557,"I thought we were safe as we turned the corner of the bleachers, but then I saw a cylindrical orange object getting bigger and bigger out of the corner of my eye.","I thought we were in the clear as we began to round the corner of the bleachers, but then I saw, out of the corner of my eye something like a fast-approaching sun .",Entailment,"The object was getting bigger and bigger, which would be similar to the sun getting closer and closer.",Simile,
4321,He just gave him a ton of work that needs to be done.,He heaped him with work.,Entailment,"Heaped means to pile up or to give a lot of something, so in this case, the person gave a lot of work for the other person to do.",Metaphor,
5180,I was sickened when I heard that my friend had been fired for being gay.,I was so proud when I heard that my friend had been unjustly fired because of his sexuality,Contradiction,Losing a job unfairly is never a good thing and so being proud of someone for that cannot be justified.,Sarcasm,
7486,"That the time may pass in a discouraging manner,","That the time may  pass  more gayly ,",Contradiction,one sentence is suggesting that time will pass by cheerfully and another sentence is suggesting that time will pass in a sad manner.,Metaphor,
349,Sometimes you have the chance or opportunity to do something.,Sometimes you miss the boat,Contradiction,"To miss the boat means to lose the chance or opportunity to do something, but the context says that sometimes you have the chance or opportunity to do something.",Idiom,miss the boat
1349,The left side of his face was smooth.,The left side of his face was like a healing injury,Contradiction,"A healing injury would still be visible, so it would not be smooth",Simile,
3731,Words are like a sword and can have a powerful impact on someone's mind.,Words are weapons.,Entailment,Words can have a powerful impact on someone's mind like an weapon does have strong impact.,Metaphor,
5034,I'm not glad they're gone.,"good riddance, I say.",Contradiction,"The idiom good riddance is used when one is pleased that someone or something is leaving or stopping, but in this context the speaker is not glad they're gone.",Idiom,good riddance
1381,By this time the last batteries in their flashlight are about to stop working and die.,By this time the last batteries in their flashlight are about to give up the ghost.,Entailment,"To give up the ghost means to stop working, and in this sentence the batteries are about to stop working.",Idiom,give up the ghost
2498,"Everyone else arrived on time, and hades made it in a long time after, appearing as zeus took his seat.","Everyone else arrived promptly, and even hades made it in under the wire, appearing right as zeus took his seat.",Contradiction,"To be under the wire means to be just barely in time or on time, but in this context hades arrived a long time after",Idiom,under the wire
1663,I was angry in the supermarket this week to see parents not controlling their kids,I was happy to see parents not monitoring their kids in the supermarket this week,Contradiction,"Most parents are protective of their children and do not want them to wander off on their own in a supermarket, so seeing parents not monitoring their kids implies that the kids are in a dangerous situation.",Sarcasm,
4758,I was babysitting my cousin few days ago and she kept throwing her food on the floor.,I was so proud when my cousin threw her food on the floor and it made me absolutely want to babysit her again,Contradiction,Most people would not enjoy having to clean up someone else's food that they threw on the floor and so that makes babysitting a painful task and being proud about it does not make sense.,Sarcasm,
2135,My supervisor took all the credit for a new client I brought in without even recognizing that I was involved.,My supervisor is such a genius for taking all the credit for a new client I brought in without even mentioning my involvement,Contradiction,A supervisor taking credit for a new client that an employee brought in is unfair and shows that the supervisor is not a genius but rather ignorant and inconsiderate.,Sarcasm,
2190,He turned his head to her and said that was not a problem.,He turned his head to her and said no sweat.,Entailment,To say no sweat is to say that something is not a problem or difficulty.,Idiom,no sweat
1282,I am very uncertain if the fuel will be enough to drive me to the next station before I can buy,I am not worried at all that the fuel might not be enough to take me to the next gas station before I run out.,Contradiction,"The fear of running out of fuel and being stranded on the side of the road is a very real one, so someone pretending not to be worried about it is being facetious.",Sarcasm,
4027,The sandwich was very moist,The sandwich was as dry as a crab at the bottom of the sea,Entailment,"A crab at the bottom of the sea would be very moist, so the sandwich must be very moist.",Simile,
1383,His senses and strength started fading away.,Slowly his sense and strength grew.,Contradiction,"To grow slowly means to increase or develop over time, while to fade away means to gradually disappear or diminish.",Metaphor,
2436,"It seems like he's just really charismatic, until his demands become gradually more unhinged","It seems like he's just really charismatic, until his demands become gradually like a megolamaniac's.",Entailment,"A megolamaniac is someone who has delusions of grandeur and power, so the simile is saying that the person's demands become more and more unhinged and unreasonable.",Simile,
2444,End of semester one of my roommates left without cleaning out his share of the dorm room and housing department fined me.,I really enjoyed the fact that my roommate's departure without cleaning up caused me to have to clean his side of the room and the housing department fined me as a result,Contradiction,Someone's departure without cleaning up can cause a lot of inconvenience to the people who are left behind and so the roommate is not considerate at all and the housing department punishing the person who was left to clean is unfair.,Sarcasm,
6025,"I think that one person working alone can achieve more than two people working together, so I don't expect you to work with Elena.","I always believe that two heads are better than one, so I expect you to work with Elena.",Contradiction,"The idiom two heads are better than one means that two people who are trying to solve a problem together achieve more than one person who works alone. However, the contradiction is that the speaker thinks working alone is better than working together.",Idiom,two heads are better than one
1839,But the skies are blue,But the skies are like a robin's egg.,Entailment,"A robin's egg is a very pale blue, so the skies being like a robin's egg would imply that they are blue.",Simile,
4740,The only option in front of her was both tempting and traitorous.,The lone possibility swam in front of her like a mirage in the desert.,Entailment,"A mirage is an optical illusion, so the lone possibility in front of her may not be as it seems.",Simile,
6552,"Even though the world was in chaos, each day was repetitive and nearly identical for sister Mercy.","While the tumult of the sixties raged in the world outside, within the walls of st. mary's, sister mercy's days were like an endless string of rosary beads",Entailment,"Rosary beads are often used in prayer, and they have a repetitive, identical and monotonous quality to them which is compared to Sister Mercy's routine.",Simile,
2148,The first thing I noticed when I walked in the room was the black leather chair behind the desk- it was narrow and uncomfortable looking.,"Before I could do or look at anything else, I noticed the chair behind the desk-black leather and looking like a football player's shoulders.",Contradiction,"A football player's shoulders are broad, so the chair would not be narrow, and it would be comfortable because it would be able to accomodate more people",Simile,
4625,I was not at all surprised hitting his shoulder playfully.,My jaw dropped and I hit his shoulder playfully.,Contradiction,"To have one's jaw drop is to be so shocked that one's mouth literally opens wide in surprise, but this context describes being not at all shocked and playfully hitting someone's shoulder.",Idiom,jaw drop
3053,I was feeling pretty much alone when I didn't see my boyfriend for two days.,I felt really valued when I didn't see my boyfriend for two days.,Contradiction,A relationship should involve spending time with each other and not avoiding each other so not seeing someone for two days cannot make them feel valued.,Sarcasm,
731,It irritates me when my roommate doesn't clean up the room,I can't stop admiring the situation when my roommate doesn't clean up the room and it becomes a total mess.,Contradiction,Most people would not want to live in a room that is messy and cluttered and so someone who admires this situation cannot be in their right mind.,Sarcasm,
2457,I just took an HIV test because I'm worried about my partner's fiedelity.,Me taking an HIV test is not at all me getting anxious about my partner's celebrated fidelity but just for fun,Contradiction,Someone taking an HIV test is usually because they are anxious about their partner's fidelity and so doing it for fun cannot be a real reason but more because they are rather worried.,Sarcasm,
2861,My friend left the house in dirt.,My friend marveled everyone by her excellent appearance leaving the house looking like she just crawled out of a dumpster,Contradiction,Leaving their house looking like they just crawled out of a dumpster is not a sign of excellent appearance owing to the fact that it is very unhygienic and gives a bad impression.,Sarcasm,
3132,And gave an answer very gravely.,And  made  answer very gravely.,Entailment,Made  answer  means  gave  an answer.,Metaphor,
6527,"He was on duty Saturday night, but he would inform his employer that he was too ill to come in and they would have to find someone to take his place.","He was on duty saturday night, but he would call in sick and they would have to find someone to take his place.",Entailment,"To call in sick means to inform one's employer that one will be absent due to illness, which is what he would do in this scenario.",Idiom,call in sick
6806,"But if it came to a battle for her affections, then I'm ready and willing to take on the challenge!","But if it came to a battle for her affections, then game on!",Entailment,"To game on means to be ready to meet or pursue a particular challenge, and in this sentence the speaker is ready to battle for the affections of the person.",Idiom,game on
605,I am so mad my landlord is selling the house so I have to move.,I am so thrilled that my landlord is selling the house and making me move,Contradiction,"Most people do not enjoy moving and find it to be a hassle, so someone who is thrilled about it is definitely not being truthful.",Sarcasm,
489,I came home to a huge pile of dog poop it was absolutely disgusting.,I came home to find a huge pile of dog poop and it absolutely made me delighted,Contradiction,"Dog poop is something that most people would find disgusting and a hassle to clean up, so finding a huge pile of it would not make anyone delighted.",Sarcasm,
325,Thinking about how the problem originated is essential.,I think we should think about the roots of the problem.,Entailment,The roots of the problem means how the problem started.,Metaphor,
3927,And naughty girls will have to suffer punishment.,And naughty girls will have to walk the plank.,Entailment,"To walk the plank means to suffer punishment, which is what will happen to naughty girls.",Idiom,walk the plank
6738,I was shamed when my son decided to drop his pants and pee in our front yard when the neighbors were out the other day.,I was so pleased with my son when he decided to drop his pants and pee in our front yard when the neighbors were out the other day.,Contradiction,"Most people would not be pleased but ashamed if their son decided to urinate in public where other people could see, as it is considered inappropriate and rude behaviour.",Sarcasm,
6349,My roommate promised he'd clean the apartment while I was away on vacation but I came back to the same old.,My roommate's incompetence makes me feel pleased that he couldn't even clean the apartment while I was away on vacation,Contradiction,Most people would be angry and frustrated if their roommate made a mess and did not clean it up while they were away on vacation and hence speaker is being sarcastic in saying they were pleased,Sarcasm,
2753,Traffic was unusually bad on the way to work this morning.,I was running late for work because of the traffic and it made me euphoric.,Contradiction,"The traffic jam can be very frustrating and make someone late for work, which is definitely not a good thing.",Sarcasm,
6289,Your predictions have always been accurate,You are an oracle whose predictions have always come like highly researched hypotheses.,Entailment,"An oracle is a person who is able to accurately predict the future, so the simile is saying that the person's predictions are always accurate.",Simile,
2408,"Even though Santiago wasn't convinced, he turned his attention to the vampire who was pacing back and forth in the cellar, and her movements were clumsy.","Santiago wasn't entirely convinced, but he turned his attention to the beautiful vampire, who was busy pacing from one end of the cellar to the other, her movements like a water sprite.",Contradiction,"A water sprite is a light and delicate creature, so her movements would be graceful and not clumsy",Simile,
128,It was really hard for me when I heard I didn't get accepted in my dream college.,I felt on top of the world when I found out I didn't get accepted into my dream college.,Contradiction,Getting rejected from a dream college is not a good thing and so someone feeling on top of the world upon hearing the news is absurd.,Sarcasm,
1587,My friend had white carpet and I spilled red wine all over it.,I am extremely neat and cautious for spilling red wine on my friend's white carpet,Contradiction,Spilling red wine on a white carpet is very careless and messy and hence the person cannot be neat or cautious,Sarcasm,
1956,There's a bad storm coming in tonight.,I am absolutely stoked and not feeling an iota of fear about the impending storm that's supposed to arrive tonight,Contradiction,"Storms can be really dangerous and destructive and so it is not normal to feel happy or stoked about one that is arriving, rather people would be worried and fearful",Sarcasm,
6318,"Even though he was small, he was very stubborn.","He might be little, but he was like a full-sized mule.",Entailment,"A mule is a hybrid of a donkey and a horse, and is known for being very stubborn and obstinate, so he is stubborn.",Simile,
1777,End of semester one of my roommates left without cleaning out his share of the dorm room and housing department fined me.,My tidy roommate's departure without cleaning gifted me with the burden of having to clean his side of the room and to top it off the housing department fined me as a result.,Contradiction,"Someone who departs without cleaning up  is not tidy at all and someone else having to clean their mess is anything but a gift, moreover the housing department punishing the person who was left to clean is unfair and not something favorable.",Sarcasm,
1921,I can't afford the dress I want for a wedding.,No regret over not being able to afford the dress that I want for the wedding because poverty my friend is a blessing!,Contradiction,Not being able to afford a dress for a wedding owing to poverty is not a good thing and should not be considered as a blessing.,Sarcasm,
1128,The fact that it was a storm that protected the town.,"In addition, the storm trampled the town.",Contradiction,"To trampled something means to crush or destroy it, while the fact that it was a storm suggests that it was the opposite of destructive.",Metaphor,
1805,"It's an interesting sight, even though it's not lethal","it's an interesting sight, though it's not like a stake through the heart.",Entailment,"A stake through the heart is a very deadly sight, whereas something that is not lethal is not deadly.",Simile,
2536,So women in medieval times were far from being very confident and assertive.,So women in medieval times were far from shrinking violets.,Contradiction,"A shrinking violet is a very shy person, but the contradiction is that women in medieval times were far from being very confident.",Idiom,shrinking violet
3794,"Oh well, nothing I can do about it, just accept the situation and move on.","Oh well, nothing I can do about it, just take it on the chin and move on.",Entailment,"To take it on the chin means to receive the full brunt of something, which in this context is the situation.",Idiom,take it on the chin
5753,I was so mad I spent weeks on my project and my partner took most of the credit for it.,I was overjoyed that I spent weeks on my project and my partner took most of the credit for it,Contradiction,Being given credit to a different person for someone else's work is never a good thing and so someone who was overjoyed about it is not rational.,Sarcasm,
6560,You are the last man I figured would get married and you turn out to be the first.,You are the last man I figured would tie the knot and you turn out to be the first.,Entailment,"To tie the knot means to get married, so the entailment is that he got married.",Idiom,tie the knot
7332,"They were cute things, black and hard.",They were like a crusty chunk of brie cheese with legs.,Contradiction,"Brie cheese is a soft cheese white in color, so saying that they were like a crusty chunk of brie cheese would imply that they were soft and white, not black and hard",Simile,
5824,"Well, that makes her good people in my opinion.","Well, that makes her good people in my book.",Entailment,"in this context, in my book is used to mean according to one's opinion, and the speaker's opinion is that she is good people.",Idiom,in my book
4761,The party only began when she left.,The party dissipated as soon as she left.,Contradiction,"To dissipate means to disperse or scatter, while to begin means to start or commence.",Metaphor,
1210,I was waiting for a friend to bring some food to the party and they never showed up.,"I was waiting for my friend to bring food to the party and they never showed up, how nice of them",Contradiction,Your friend was supposed to bring food to the party but they never showed up which made you starve and upset and hence it was not nice of them at all.,Sarcasm,
7017,The images flashed in the brilliance that covered him cold.,The images flashed in the brilliance that covered him like a plush blanket,Contradiction,"A plush blanket is a thick, soft, and warm blanket, whereas saying it was cold would imply the opposite",Simile,
7173,My house caught on fire and I lost all my belongings.,I lost all my belongings and my house burned down in a lucky accident,Contradiction,Losing all your belongings and your house burning down is very unfortunate cannot be called lucky accident.,Sarcasm,
4377,Paula steadily leant and sit comfortably on the cutting table in order to look nonchalant.,Paula perched herself against the cutting table trying to look nonchalant .,Contradiction,"To perch oneself means to sit or rest in an  uncomfortable position, while to steadily lean against something would suggest that one is feeling comfortable or relaxed.",Metaphor,
490,I hate the smell of dumpsters.,I think dumpsters are the best smelling objects on the planet,Contradiction,Dumpsters are often foul smelling due to the rotting food and other garbage inside them and hence no one would think they smell the best but would rather hate them.,Sarcasm,
2082,I have severe social anxiety and don't have any friends.,I am so glad that I don't have any friends because of my severe social anxiety,Contradiction,"People with social anxiety often want to have friends and are deprived of them, so not having any friends cannot be considered a good thing.",Sarcasm,
4605,My friend always gets everything before me.,I'm always delighted when my friend gets things before me,Contradiction,It would not delight most people when their friends get things before them because it creates a sense of envy and jealousy.,Sarcasm,
5754,I felt bad when I couldn't get the gift my daughter wanted for her birthday,I felt proud when I could not get the expensive gift my daughter wanted for her birthday,Contradiction, Not being able to afford an expensive gift for one's own child shows a lack of financial stability and hence the parent is not in a good position to feel proud.,Sarcasm,
672,She began to knock feverishly as if she had to take her time and not worry about finishing before the deadline.,She began to knock feverishly as if she had to beat the clock.,Contradiction,"To beat the clock means to finish before the time is up, but in this sentence she was knocking feverishly as if she didn't have to worry about the deadline.",Idiom,beat the clock
573,For they have the ability to help each other because they listen to each other's advice.,"For they  kept  each other 's counsel ,",Entailment,Kept each other's counsel  means  they take and listen to each other's advice.,Metaphor,
2675,"In several thousand years, humans will evolve to be emotional.","Several thousand years in the future, humans evolved to be like fleshed automatons.",Contradiction,"An automaton is a machine that can be programmed to carry out a set of operations automatically, without any emotional component",Simile,
5483,The rates for night time wardrobe assisting were not something to be ignored by a girl with neither influential contacts,The rates for night time wardrobe assisting were not to be sneezed at by a girl with neither influential contacts.,Entailment,"Not to be sneezed at means that the rates are not to be ignored, and here in context the rates for night time wardrobe assisting were not to be ignored by the girl ",Idiom,not to be sneezed at
1418,His laugh was unpleasant.,His laugh was like a jackal's bark.,Entailment,"A jackal's bark is harsh and grating, so it would stand to reason that his laugh would be unpleasant as well.",Simile,
3152,I get really nervous when I have to confront someone and be assertive.,I don't feel jittery at all when I have to confront someone and be assertive,Contradiction,"Feeling jittery when confronting someone is a natural response because it invokes fear and nervousness in people, and so not feeling that way is unreal",Sarcasm,
174,The rain is coming down loud and constant against her roof.,The sound of the rain against her roof is like a frantic drumbeat,Entailment,"A frantic drumbeat is loud and constant, just like the rain striking someones roof.",Simile,
3083,"Even though the tricycle was going fast, the wind was still hot.","Though the tricycle was moving fast, the wind was like a burning coal.",Entailment,"A burning coal is very hot, so even though the tricycle was going fast, the wind was still hot.",Simile,
2178,"Before, it felt refreshingly cool,","Before, it felt like a welcome hop through a sprinkler on a summer day.",Entailment,"A sprinkler is a source of cool water on a hot day, so the simile sentence is saying that the place felt refreshingly cool, like a sprinkler.",Simile,
5594,We have come to the realization that the end of the world is preventable.,We have learned that the ending of the Earth is like death and taxes.,Contradiction,"Death and taxes are both inevitable, so saying the end of the ending of the Earth is like death and taxes means it is also inevitable",Simile,
2923,Before signing the contract the landlord made promises that he will do some reparations but he never kept his word.,"The landlord made so many promises but never followed through with any of them, which totally makes me feel satisfied",Contradiction,Making promises and not following through with them is a sign of untrustworthiness and so someone who is satisfied with that behavior from their landlord is not being rational.,Sarcasm,
723,"I'm guessing you aren't the only student who finds the tutor unattractive, but you may be the only one where the feeling is mutual.",I'm guessing you aren't the only girl-or guy-in heller's class who thinks the tutor's like a spicy tamale -but you may be the only one where the feeling is mutual.,Contradiction,"A tamale is a food that is wrapped in a corn husk, and is often spicy so the simile implies the person in the sentence is spicy, or hot and not unattractive.",Simile,
1406,"I looked to my right and saw a figure standing on the platform, holding a rifle and staring down at us energetically.","I looked to my right, toward the platform, and saw standing there a solitary figure, a rifle cradled in his arms, staring down at us like a sentry on the watch.",Contradiction,"A sentry is someone who is guarding a place, and they typically stand still and do not move energetically",Simile,
7314,"That the two theories look so similar, I can't differentiate between them.",The distinction between the two theories wilted.,Entailment,The distinction between the two theories means the difference between the two theories.,Metaphor,
1904,When I was a kid I really wanted to go to disney but my parents couldn't afford it so we never had the chance to go,It's great that my parents saved me from the excitement of going to Disney as a kid by telling me we couldn't afford it.,Contradiction,Most people would want to go to an amusement park and have fun and so not being able to go because of financial constraints is not a great thing.,Sarcasm,
6273,I can't believe my younger brother makes more money than I do.,"The fact that my younger brother has a better job than me and makes more money, makes me feel amazing and successful.",Contradiction,"It is not usual to feel amazing or successful when someone's younger brother has a better job than them and makes more money but instead have feelings of jealousy, inadequacy, and insecurity.",Sarcasm,
2304,The jungle was full of noise.,The jungle lay like a dark stranger staring toward them.,Contradiction,"A stranger typically implies someone who is not familiar or known, and is often associated with feelings of unease or danger, so stranger staring at someone would be silent, not loud",Simile,
596,"On to the very edge and claim a blighted kiss, there to  find someone who is not as good as you are, beyond the dark abyss.","On to the very edge and claim a blighted kiss, there to meet your match, beyond the dark abyss.",Contradiction,"To meet your match means to find someone who is as good as you are, but in this context the speaker is looking for someone who is not as good as them.",Idiom,meet your match
1782,He was too kind and easy going for the lack of competition and aggression in commercial life.,He was too pleasant and easy going for the cut and thrust of commercial life.”,Contradiction,"The cut and thrust of an activity refers to the lively, competitive, and sometimes aggressive way in which it is done, but this sentence describes the lack of competition and aggression",Idiom,cut and thrust
4775,My neighbor's party is still going on and I need to wake up early tomorrow.,I am so thrilled that my neighbors' party is still going on and I need to wake up early tomorrow.,Contradiction,A party going on late into the night can be very disruptive and annoying for people who need to wake up early the next day and hence the person is not thrilled at all but actually irritated.,Sarcasm,
4593,The sudden fame decreased her ego.,The sudden fame kindled her ego.,Contradiction,"To kindle something means to set it on fire or ignite it, while to decrease something means to make it smaller or less.",Metaphor,
3424,The party was so good till she left and now it is hell.,The party dissipated as soon as she left.,Entailment,"The party was going great until she left, and now it's a total disaster.",Metaphor,
6317,The world is bustling and busy as you walk to work.,"On your way to work, you notice the world is like a drugged out patient.",Contradiction,A drugged out patient would be lethargic and not bustling or busy,Simile,
850,The change really begin back in 1943.,The seeds of change were planted in 1943.,Entailment,The seeds of change means the beginning of something new.,Metaphor,
5970,I have a pile of laundry that I've been neglecting...,Its great how I have a mountain of lovely laundry that I've been procrastinating on for weeks now,Contradiction,"Laundry is often a chore that people dislike and procrastinating on it would only make the task more daunting, so it is not something anyone would feel great about.",Sarcasm,
1211,They can be long-lasting.,They can be like a shooting star burning its way through the night sky.,Contradiction,"A shooting star is a meteor that burns up as it enters the Earth's atmosphere, so it is not long-lasting",Simile,
6320,Relax and don't worry!.,watch out!,Contradiction,"To watch out means to pay attention, but in this context the speaker is telling the listener not to worry and to relax",Idiom,watch out
1528,"If I continue to stand by her and not give up, our relationship will be fine.","If I continue to go the distance for her, our relationship will be fine.",Entailment,"To go the distance means to persist with some activity or goal until its completion, which in this case is continuing to stand by her and not give up.",Idiom,go the distance
6351,What I have to do is examine the evidence they have provided and not consider your own assertions of your ability to parent.,What I have to do is examine the evidence they have provided and take into account your own assertions of your ability to parent.,Contradiction,"To take into account means to think about or consider someone or something, but in this context the person is not considering the assertions made about the ability to parent.",Idiom,take into account
1808,"I understand that reading the generalities and broad statements can be tedious, but I hope you devote time.","I know reading small print can be tedious, but I hope you devote time.",Contradiction,"The small print refers to the specific terms and conditions of an agreement, but this context is saying that the speaker understands that reading the generalities and broad statements can be tedious, which is not what the small print entails",Idiom,small print
2860,I wish I was taller.,I feel so thrilled that other people are taller than me and can reach things on high shelves.,Contradiction,"Being shorter than others often has disadvantages such as not being able to reach things on high shelves, so someone who is thrilled about it is not being realistic.",Sarcasm,
1771,"My face felt cold and puffy, and the lid was stuck shut.","The lid was stuck shut, and my entire face felt like a submerged corpse 's.",Entailment,"A corpse's face would be cold and puffy, and would have trouble opening its eyes (lids).",Simile,
2611,"I knew this whole situation wasn't his fault, and it wasn't right for me to yell at him for something that wasn't his doing.","I knew this whole situation wasn't his fault, and it wasn't right for me to shoot the messenger.",Entailment,To shoot the messenger means to blame a person who has told them bad news instead of blaming the person who is responsible for the situation.,Idiom,shoot the messenger
3543,Wearing all black made her look pale and dangerous.,"Dressed all in black like this, she looked like a sheathed sword",Entailment,"A sword is a weapon, and is often used to represent power and danger.",Simile,
6059,"I don't want to always be relaxed, calm and content around you.",I don't want to always be on edge around you.,Contradiction,"To be on edge means to be tense, nervous and irritable, and this is how the speaker feels around the other person and not relaxed , calm  or content.",Idiom,on edge
1535,I'm afraid of what the future has in store with overpopulation and unemployment.,I am excited for the future because overpopulation and unemployment are slowly tearing our society apart,Contradiction,An overpopulation and unemployment rates can lead to a lot of problems in society and so someone being excited about it is not being rational.,Sarcasm,
130,I had put in 8 hours of work into my art project and then my mom ripped it.,I was so relieved when my mom destroyed my 8-hour long art project,Contradiction,"Most people would be devastated if their hard work was destroyed by someone they care about, so the relief that the speaker felt is misplaced and nonsensical.",Sarcasm,
1598,I always get nervous when I drive.,"I'm always cool, calm and collected behind the wheel because I'm afraid of accidents.",Contradiction,"Most people would be afraid of accidents while driving and so being cool, calm and collected would not be the right attitude to have in that situation.",Sarcasm,
6747,"“I might be mistaken, but Sean's father looked a bit drunk at the picnic, didn't he?","“I might be mistaken, but Sean's father looked a bit tired and emotional at the picnic, didn't he?",Entailment,"Tired and emotional is a semi-polite or humorous euphemism for drunkenness, so in this context it is implying that Sean's father was drunk at the picnic.",Idiom,tired and emotional
6386,For summer and his pleasures begin on thee.,For summer and his pleasures take flight on thee.,Entailment,Here the term take flight is used to mean the beginning of the summer.,Metaphor,
3608,All witnesses may be questioned in an aggressive or detailed manner by opposite sides.,All witnesses may be cross examined by opposite sides.,Entailment,"To cross examine means to question someone in an aggressive or detailed manner, which is what the sentence describes.",Idiom,cross examine
5265,"Yes, my roomie had used the toilet and neglected to flush.",It was just so beautiful when I found out my roomie didn't flush the toilet after using it,Contradiction,It is not beautiful to find out that someone did not flush the toilet after using it because it leaves a very unpleasant smell and is just gross in general.,Sarcasm,
1102,They went around giving each other away.,"For they  kept  each other 's counsel ,",Contradiction,"To keep someone's counsel means to keep their confidence or secret, while to give someone away means to betray them.",Metaphor,
400,Fifty dollars each is a reasonable price to charge!,Fifty dollars each is daylight robbery!,Contradiction,"To commit daylight robbery is to charge an exorbitant price, but this sentence describes a reasonable price",Idiom,daylight robbery
6607,I went to pick up my car from the mechanic and found a huge scratch on the side!,I was amused when I found my car with an enormous scratch on the side after picking it up from the mechanic,Contradiction,Getting the car back from the mechanic with an enormous scratch on it would not make anyone amused and instead be a cause for anger or frustration.,Sarcasm,
6062,"There was something about Callum's behaviour that she didn't like, something in his grin that made her want to stay and confront him.","There was something about callums behaviour that she didn't like, something in his grin that made her want to run a mile.",Contradiction,"To run a mile means to avoid something in any way possible, but the context describes wanting to stay and confront him",Idiom,run a mile
7069,He was convinced they knew nothing about him.,He was worried they might spill everything about him.,Contradiction,"The speaker is worried that the other people might spill everything about him because he has something to hide, which is contradictory to the next statement that assures he is also convinced that they know nothing about him.",Metaphor,
2303,The tale is new,The tale is as old as a newborn kitten,Entailment,"A newborn kitten is very new, therefore the tale must be new as well.",Simile,
6472,"In the dead of summer, in Ohio, the clothes felt cold and dry.","In the dead of summer, in Ohio, the clothes felt like melting rubber.",Contradiction,"Rubber melts in high temperatures, so the simile is saying that the clothes were very hot",Simile,
6668,My next door neighbors are always arguing in our shared hallway.,It's so nice to have to hear my next door neighbors argue all the time in our shared hallway,Contradiction,The sound of arguing neighbors can often be very disruptive and so someone considering it to be nice is not really accurate.,Sarcasm,
4005,I really do not like when I order a hamburger with no ketchup and they still put it on.,I am so happy that the restaurant staff did not listen to my order and put ketchup on my hamburger,Contradiction,"It is not a good experience when the restaurant staff does not listen to your order and gets it wrong, so someone who is happy about it is being sarcastic",Sarcasm,
4457,"Well, don't let the compliments and success get to you.","Well, don't let them go to your head.",Entailment,"When an accomplishment goes to your head, it means it causes you to become arrogant.",Idiom,go to your head
5814,I think you have not done your homework.,I fancy you have not done your homework.,Entailment,I fancy you have not done your homework means that I think you have not done your homework yet.,Metaphor,
3560,I was disappointed when my son brought home his first F,I was just overjoyed when my son brought home his first failing grade,Contradiction,A failing grade is not something to be overjoyed of because it means that the son has not been doing well in school.,Sarcasm,
854,Everything is extremely secure and well protected.,All's safe as houses.,Entailment,"To be safe as houses means to be extremely secure or well protected, and in this context everything is described as being safe.",Idiom,safe as houses
900,I am upset that I crashed my new car yesterday.,I am really stoked that I crashed my new car yesterday,Contradiction,Crashing a new car is not something anyone would be stoked about because it means having to spend more money on repairs and it also causes inconvenience.,Sarcasm,
343,Valentinos mind was garbled,Valentinos mind was like a spilled box of beads bouncing in every direction.,Entailment,"A box of beads that has been spilled is no longer organized and is garbled, and is instead bouncing around chaotically.",Simile,
7293,I illustrated that all his arguments were inconsistent.,I demolished his argument.,Entailment,I demolished his argument means that I showed that all of his arguments were not logical and did not make sense.,Metaphor,
6071,His body was horribly disfigured by the bacteria known as leprosy.,His body was twisted by leprosy.,Entailment,Leprosy is a bacteria that can cause deformities in the body.,Metaphor,
365,Our love will remain strong and unchanging.,Our love will stand the test of time.,Entailment,"To stand the test of time means to be well regarded or to last for a long time, and in this context it is implying that our love will last forever.",Idiom,stand the test of time
3934,The dentist isn't able to fix my teeth for the price I thought he could.,I was absolutely elated when the dentist said he couldn't fix my teeth for the price I initially thought,Contradiction,"Dentists often charge a lot of money for their services and so when the dentist says they can't fix someone's teeth for the price they initially thought, it is not good news.",Sarcasm,
5212,"And yet, I was still considering entering into a legal marriage that would happen primarily or solely for practical purposes with a billionaire who wanted to spank me.","And yet, I was still considering entering into a marriage of convenience with a billionaire who wanted to spank me.",Entailment,"A marriage of convenience is a legal marriage that happens primarily or solely for practical purposes, which is what the context is describing.",Idiom,marriage of convenience
5854,"Linoge stands in the driving snow, looking uncomfortable.",Linoge stands in the driving snow like a man in his own living room.,Contradiction,"If someone is in their own living room, they would be comfortable because it is a space that is familiar to them",Simile,
5386,"I was golfing this weekend, and in the middle of my round it started storming and hailing!","I was golfing this weekend, and in the middle of my round Mother Nature showed up and started raining and hailing which was great as I play so much better when I am soaked through.",Contradiction,Most people would not enjoy playing golf in the rain and hail as it would make them very wet and cold and would not be able to concentrate on the game,Sarcasm,
3626,"""I'd be ready to be at peace with him,"" Falkyr said, a bit disturbed.","""I'd be ready to cross swords with him,"" Falkyr said, a bit disturbed.",,,Idiom,
2709,Monty was a rich person and felt like he was in a luxurious paradise.,Monty swam in a sea of diamonds.,,,Metaphor,
2379,The courtyard goes dark and hidden,The courtyard goes like a movie screen with the film broken in the projector.,,,Simile,
6572,Create a new crisis by blocking the health care plan.,Lay the foundation for a new health care plan.,,,Metaphor,
24,the news was revealed publicly despite his secrecy,The news leaked out despite his secrecy.,,,Metaphor,
3826,I just replaced my headlights in my truck and one of them went out inside of a week.,I am really ecstatic about the fact that my brand new headlights went out after only a week.,,,Sarcasm,
5229,The air inside the pipe was hot and fresh.,The air within the pipe was like an old stone cellar on a humid day.,,,Simile,
4579,She herself was the one who had created a huge impact that could not be stopped or reversed.,She herself was the one who had let the genie out of the bottle.,,,Idiom,
4665,The government made the whole law summarized into a code.,The government digested the entire law into a code.,,,Metaphor,
2774,My daughter borrowed my car and ended up hitting another car in the parking lot. ,My daughter borrowing my car and crashing it into another car in the parking lot really made me happy,,,Sarcasm,
3387,"The only thing success inspires people to do is take credit, but no one will ever be ready to take responsibility for failure.",Success is a bastard as it has many fathers; failure is an orphan with no takers.,,,Metaphor,
3087,"after taking everything else into consideration, she had chosen to do what she enjoyed most - working with young children.",at the end of the day she had chosen to do what she enjoyed most - working with young children.,,,Idiom,
4463,"when things are going smoothly and there are no difficulties, I have always been able to count on my little brother, that's a fact.","when the chips are down, I have always been able to count on my little brother, that's a fact.",,,Idiom,
5980,"Now you discover that we are strongest ,","Now you  find  that we are strongest ,",,,Metaphor,
2610,I left my car to my cousin and when I got it back it was filled with used diapers. ,My mood suddenly became so happy when I got my car back and found out that it was filled with used diapers.,,,Sarcasm,
3172,She had to avoid her job and her children.,She had to juggle her job and her children.,,,Metaphor,
4028,The employee does not show her anger and continues as usual.,The employee swallows her anger.,,,Metaphor,
5668,I got behind a slow driver and it ticked me off because it made me late to work.,I got so pleased when I followed the slow driver and it made me late for work,,,Sarcasm,
6640,I was so grossed out when I saw someone vomit.,I felt over the moon when I saw someone vomit on the ground,,,Sarcasm,
3045,Jack nodded slowly,Jack nodded like a child at christmas.,,,Simile,
3492,"An engine on the left side of the plane began to run erratically and without regard, blasting out black smoke.","An engine on the left side of the plane began to run roughshod, blasting out black smoke.",,,Idiom,
2680,He neglected the costs for the accident.,He shouldered the costs for the accident.,,,Metaphor,
5560,The new band turned out to be absolutely great.,The new band was absolutely on fire.,,,Metaphor,
6003,Tessa saw that the old woman's skin was green when she turned her head.,"The old woman turned her head, and tessa saw that her skin was like a parrot's feathers",,,Simile,
4738,I accidentally had expired milk today and it tasted gross,I drank expired milk today and it made me feel like throwing up because it tasted so delicious,,,Sarcasm,
3149,Pizza I ordered was pretty much burnt with no toppings!,I felt extremely delighted to to have recieved my pizza order consisting of no cheese and pepperoni and a burnt crust.,,,Sarcasm,
7186,I have pain in my stomach for about a week now and reading what is on the internet I am very worried.,I am excited about the possibility of having a life-threatening disease because of the pain in my stomach that has been going on for about a week now,,,Sarcasm,
3787,I really do not like being around rats they scare me.,Love how rats calm me down and make me feel like I am in heaven.,,,Sarcasm,
3159,"I didn't get the promotion I wanted, even though my boss said it was virtually guaranteed.","I am still laughing about the fact that even though my boss said it was a guarantee, I didn't get the promotion I wanted",,,Sarcasm,
7397,"I have no idea how he did it, but he sure failed to solve the very challenging problem decisively.","I have no idea how he did it, but he sure cut the gordian knot.“",,,Idiom,
