index,sentence,label
3981,The dinosaur extinction theory was too valuable to one side of a political argument about nuclear weapons to be decided on its scientific merits .,neutral
4265,"But I do believe that once our borders and ports are secure , any reform of our immigration laws and policies must be rational , humane , and effective , and they must benefit , not burden , American citizens .",neutral
3137,The energy return for energy invested that we have enjoyed with fossil fuels simply can not be achieved with any alternative energy source .,conservative
3803,"Since that federal law expired in September 2004 , `` murder and overall violent-crime rates have actually fallen .",neutral
533,"In other words , just as it is easier to make profits at the expense of disenfranchised external parties than through socially productive behavior , it is often easier for a small group of sellers to make profits by restricting supply than producing the socially efficient amount of their product .",liberal
3178,The proper way to bring the cost of health-care down is to make insurance companies compete nationally and get defensive medicine under control through serious tort reform that includes loser pays provisions .,conservative
1467,"But certainly nobody will complain that a great and rich country like ours should give the insignificant sum of $ 20,000 to relieve its suffering women and children , particularly with a full and overflowing treasury , and I am sure , if you had been there , you would have done just the same as I did .",liberal
2633,"It protested that government health insurance would strip physicians of their autonomy ; Republicans opposed any expansion of the New Deal ; and Southern Democrats joined forces with Republicans , protesting that health insurance would lead to racially integrated hospitals .",conservative
869,"Dipping further into research on `` intuitive toxicology '' -- that is , how ordinary people assess the poisonousness of potentially poisonous things -- I discovered that women consistently worry more about toxicity than men do .",liberal
471,"Moreover , Scowcroft insightfully notes that wars often create more problems than they solve .",liberal
4061,"For example , while the drug companies agreed to make some concessions , the Democrats agreed not to require direct negotiations between Medicare and the industry that could cut drug costs .",neutral
2328,"When private-equity firms began moving to take over German companies , many Germans saw a threat to their competitive model-a widely praised system of stable , innovative enterprises earning normal but not exorbitant profits and rewarding highly productive employees rather than stripping company assets .",conservative
2775,"Jacob Hornberger ; We are a libertarian educational foundation and our mission is to present an uncompromising case for the libertarian philosophy , or individual liberty , free markets , and limited government .",conservative
828,"In response , a conservative state senator named Arthur Ravenel Jr. , who 'd made a name for himself by defending public display of the Confederate flag and mocking his opponents as the `` National Association of Retarded People , '' pushed through legislation that made the school board election partisan , thus introducing a primary process that ensured a one-on-one fight in the final round .",liberal
1561,All it needs to do is : restore the funds taken from it ; stop draining it to enable tax cuts ; start making the wealthy and super-wealthy pay into it by raising the cap and\/or making the super - wealthy millionaires pay into it . '',liberal
1883,"Studies have concluded that industry , in fighting the new rules , exaggerated the cost of complying ; outlays were often half what was predicted , and even in high-polluting sectors such as electric power and automobile manufacturing amounted to a `` relatively low '' 2 percent of production value .",liberal
55,"The men and institutions at the top of the monetary pyramid , the movers and shakers who control financial institutions deemed too large or too well-connected to be allowed to fail ( because they are critical to the operations of the Federal Reserve and other central banks ) , are as well-to-do and powerful as ever .",liberal
3913,"IT 'S THE HEIGHT OF CHUTZPAH for me to envy the mother in Henry Roth 's Call It Sleep -- she 's a bitterly poor im-migrant in a walk-up in Brownsville , New York ; I 've got a babysitter and an apartment on Riverside Drive -- but I felt a twinge of envy anyway when I reread the novel last year .",neutral
1577,"To encourage investment -- and to the silent rage of other European countries -- Ireland became a huge offshore tax haven , with the corporation tax cut from 32 percent to 12.5 percent and with some very rich people , if Dublin journalists are to be believed , effectively paying no taxes at all .",liberal
2675,"The meeting had been scheduled for several days ; but , as luck would have it , the previous night Paul had gone from an oddball obscurity to a major sensation in the political world when , answering a question about September 11 , he seemed to suggest that the attacks were justified by an aggressive U.S. foreign policy in the Middle East .",conservative
737,"By contrast , the huge social costs are readily apparent -- in terms of direct financial rescues , the fiscal stimulus needed to prevent another Great Depression , and the appalling number of lost jobs ( eight million gone since December 2007 , and still counting ) .",liberal
1997,"Other countries have deliberate policies to link innovation in renewable energy to manufacturing advantage-commercializing the products resulting from subsidized research and development , subsidizing education of skilled workers , and using domestic green-energy requirements to help launch export champions and thereby create domestic jobs .",liberal
3790,"Wars were fought over it , and countries that had lots of salt made out well , while land-locked countries with no salt reserves were forced to sell their natural resources in exchange for it .",neutral
228,It is certain that there is no way to reach a truly harmonious civilization with an economic system in which decisions are made by private individuals based on how much capital will be accumulated as well as personal greed and consumerism .,liberal
3147,The authors provide examples of union influence in what we generally call `` featherbedding '' in the creation of green jobs -- a way to create new jobs by lowering the productivity of existing jobs .,conservative
635,We need so many new solutions and our problems and challenges are so diverse and so difficult that every citizen should feel empowered to challenge the old order and to help develop new solutions .,liberal
3881,"Bullard concludes that `` the conventional wisdom is that Japan has suffered through a ` lost decade ' partially attributable to the fact that the economy has been stuck in the deflationary , low nominal interest rate .",neutral
1129,"Furthermore , the coalition argues , low earnings force drivers to use old diesel engines that pollute the air in port-adjacent communities and along freight routes , resulting in billions of dollars in medical costs to treat lung cancer , heart disease , and asthma .",liberal
2302,"Since they hated knowledge and did not choose to fear the LORD , since they would not accept my advice and spurned my rebuke , they will eat the fruit of their ways and be filled with the fruit of their schemes .",conservative
2037,"Third , it undermines confidence in American workers and businesses , eroding reliance on the hard work of millions of productive citizens to create wealth and opportunity .",conservative
3888,"He repeated my question to the four other journalists at the table , and they offered a grim checklist : increasingly violent tribal conflicts , widespread food insecurity , waves of former exiles returning to their homes eager for jobs in a country with few opportunities to offer them .",neutral
1224,"Using faith traditions to justify a mean-spirited strategy of abandoning people to their own private resources is neither charity nor justice , and it is a practice that has no place in Judaism , Christianity , Islam , or any of the world 's faith traditions .",liberal
4277,"He has also been active in the Middle East peace process serving since 1982 as a board member of the International Center for Peace in the Middle East in Tel Aviv , and on the board of Amercians for Peace Now since 1988 .",neutral
3797,"If a job is truly important to the nation 's future , then you want to make sure that the most able , talented people are doing it -- and doing their best work at all times .",neutral
998,Nothing makes me angrier than to think of the rich folks living in gated communities making money from commercially successful entertainment that ultimately destroys the lives of the most vulnerable children in our nation .,liberal
711,"Think of it this way : Social Security has expanded years of support universally , resulting hi both lower revenues and a lost opportunity to target resources progressively to the disabled , those with low - and moderate - lifetime incomes , and older individuals with greater health needs and fewer capabilities to care for themselves .",liberal
3398,"In doing so , it would be easy for ecological Marxists to garner praise from parochial nationalists , but there is a danger in neglecting the serious problems in socialist China by turning ecological Marxism into a weapon that should be only pointed at foreign capitalist countries . ''",conservative
3122,"We have been generally supportive of the efforts by the slates , spearheaded by Arizona , to draw attention to the federal government 's refusal to secure our borders and to prod the federal government to enforce our immigration laws ; however , `` solutions '' that undermine our liberties are not genuine solutions .",conservative
2125,Our economy is as vital to our national defense as anything and we must treat our economy as a critical national asset .,conservative
1400,"While there are plenty of conservatives who have been singed ( or even burned at the stake ) by the Freak Show , on the whole , these changes have been beneficial for conservatives and bad for liberals , since the New Media overwhelmingly favors conservatives .",liberal
3199,"If there is one thing that business people can not abide , it is uncertainty , because uncertainty makes it virtually impossible for businesses to make plans for the future with any degree of confidence .",conservative
2606,"Yet , Obama has supported federal legislation to supersede the rights of citizens carrying weapons because the laws in those other states are `` threatening the safety of Illinois residents .",conservative
3938,Some of that recent work has earned its favor : The Western Canon and Shakespeare : The Invention of the Human are rich works of popular criticism .,neutral
3120,"According to Gallup , `` World residents ' declining concern about climate change may reflect increasing Skepticism about global warming after Climategate ... , '' and that such skepticism `` demonstrates the obstacles that remain before the world ( read : UN and its supporters like Lester Brown ) can agree on a climate policy .",conservative
537,"Many farmers are also using integrated food\/energy systems and generate their own sources of energy using human and animal labor , biogas , and windmills , in addition to producing biofuel crops such as jatrophaintercropped with cassava .",liberal
3337,"Social justice entails redistribution of wealth , taking from those disproportionally endowed and giving to those who are underprivileged through no fault of their own -- for reasons ranging from past injustices and their lingering contemporary effects to technological changes to globalization to genetic differences .",conservative
409,The policy implication is that better access to health insurance and better prenatal care for low-income women may have significant effects on economic mobility .,liberal
1002,"Sutton noted that , since the Supreme Court has allowed Congress to regulate economic activities that have a far smaller effect on interstate commerce , `` it is difficult to see why Congress may not regulate the 50 million Americans who self-finance their medical care .",liberal
1762,"Because education is so key in changing all the above statistics , to rob low-income families of the one thing that would most liberate their children is especially cruel and evil .",liberal
2013,"His point is very simple : it is unreasonable , even utopian , not to expect people to grow resentful , and desirous of revenge , when your government bombs them , supports police states in their countries , and imposes murderous sanctions on them .",liberal
1293,"The corporation long ago decided it was best to flex its immense muscle as discreetly as possible , because almost all publicitywhether it 's news of gas prices , climate change , or congressional fights over industry subsidies - is bad .",liberal
3853,"And the comedy runs deep : it is not trivial , for while it depicts absurdity , pomposity , and even cruelty , it has the curious effect of reconciling us to life even as it lays human weaknesses out for our inspection .",neutral
2269,"He also pointed out that the new long-term care program , used to make the balance sheet look better in ObamaCare 's early years because it will collect premiums for five years before paying any benefits , would likely be bankrupt by 2025 .",conservative
2256,"The future Marxist world society will aim at a final solution to the population problem by killing off hundreds of millions of people through abortion , starvation , engineered diseases , needless wars , and the like .",conservative
3446,"Besides the RFC , the Hoover administration took a number of other actions , including the creation of a new Home Loan Bank System -- the beginning of federal government involvement in the housing industry -- and bullying of stock traders , in effect forcing them to impose regulations on short-sellers , whom Hoover believed were especially to blame for the stock market collapse . ''",conservative
135,"This GI Joe response was ostensibly to protect against further attacks , although how a potential machine-gun battle in the middle of Grand Central Station was supposed to make anybody feel at ease is unclear .",liberal
2975,"The traditional values of personal responsibility , hard work , frugality and saving , independence , family , and faith gave way to government promises of more security , more income , more health care , more education , more .",conservative
4025,Investopedia goes on to explain that central banks `` tend to use quantitative easing when interest rates have already been lowered to near 0 % levels and have failed to produce the desired effect .,neutral
1620,"For the ten years beginning in 2012 , the Ryan budget would cut Medicaid spending by about one-third , and as a result , according to estimates by the Urban Institute and the Kaiser Family Foundation , between 31 million and 44 million people would lose Medicaid coverage - a disaster for lowincome Americans and the health-care providers that serve them .",liberal
973,"That may sound like a modest punishment , but such sentences can be debilitating ; not only do they cause serious disruptions in the lives of parolees , who often lose jobs , apartments , and cars while inside , they condemn them to one of the worst and most poorly designed areas of prison life , the `` reception center .",liberal
1940,"Americans were shocked by an April spree at a religious school in Oakland that killed seven ; the brutal theater shooting in Aurora , Colorado , in July that killed 12 ; the Sikh Temple massacre in Wisconsin in August that claimed six lives ; and the September Minneapolis sign-plant slaughter of five ; among others .",liberal
143,"In a farewell message he writes , `` I can not be blind to the evidence that we have seen free markets produce some damaging and dangerous results in recent years .",liberal
2512,"The phenomenon of limousine liberals has been around since the '60s - ever since the Ford Foundation started funding radical multiculturalists , ever since Leonard Bernstein hosted a fundraiser for the Black Panthers , ever since rich liberals such as Teddy Kennedy embraced forced busing while sending their own kids to private schools .",conservative
3141,He was killed in a gun battle because he did n't want to give himself up .,conservative
428,"At the same time , he argued that we could not afford the funds needed to avoid debilitating cuts in public schools , much less to double the federal commitment to public schools-from 2 percent to 4 percent of the national budget-and to lead a renewed commitment at all levels to educating the next generation .",liberal
3166,The federal government is targeting Lynne Stewart because it wants to intimidate defense attorneys either to refuse to represent accused terrorists or to provide less than zealous representation for fear of imprisonment .,conservative
2297,"In the wake of the Supreme Court 's ( incorrect ) decision in the recent Citizens United case , for example , it was astonishing to hear progressives cavalierly dismiss the idea that corporations might be presumed to have a right to free speech , albeit one that can be limited with certain justifications , such as to limit the influence of money in politics .",conservative
2608,"They worked for hope and change , but what they got was the short end of a typical collusion between health insurance interests and the Obama administration that forces younger , healthier , poorer people to subsidize the health care consumption of older , sicker , wealthier folks .",conservative
219,"In my first term alone , I signed bills that made AIDS counseling and testing a standard part of obstetrical care , ensured the death penalty or guaranteed life behind bars for anyone who rapes and murders a child , and leveled the playing field for women and minorities in the awarding of government contracts , to name just a few .",liberal
274,"And as others in this special report argue forcefully , we must improve access to comprehensive early childhood services for expectant parents , babies , and toddlers at greatest risk .",liberal
2525,"The number one source of our fiscal problems is domestic spending , and for politicians from either party to suggest that we can solve the deficit by cutting defense or disengaging overseas is irresponsible and not true .",conservative
3658,"Writes Botkin in the Wall Street Journal for October 17 : `` Some colleagues who share some of my doubts argue that the only way to get our society to change is to frighten people with the possibility of a catastrophe , and that therefore it is all right and even necessary for scientists to exaggerate .",conservative
1232,Obama rightly stressed that this vision of a society favoring the interests of corporations and the rich lies behind almost everything that Republicans do in Congress .,liberal
1617,"In the end , it was Sontag herself who gave us the most useful metaphor for understanding her -- for making sense of the willed restlessness , the seemingly irresoluble tensions and contradictions that hover over her life and work and politics : paradoxes to which the early private writings already bear striking witness .",liberal
1299,"Conservatives define the see-sawing of the federal tax-and-transfer system between slightly redistributive and very slightly redistributive as a culture war over capitalism , or a final battle to save the free enterprise system from the hoard of free-riders .",liberal
3948,"A relatively stress-free home life has the same benign effect on the 5-HTT gene , which helps regulate the brain 's production of serotonin , a neurotransmitter likely linked to depression .",neutral
3741,"Though weapons of mass destruction are getting easier to produce , they are still not easy to produce .",neutral
436,"There are a great many Americans who have been so worn down by decades of personal and political defeats , financial struggles , social isolation , and daily interaction with impersonal and inhuman institutions that they no longer have the energy for political actions .",liberal
1842,"Most individuals reportedly killed by coalition forces were women and children ... Making conservative assumptions , we think that about 100,000 excess deaths or more have happened since the 2003 invasion of Iraq .",liberal
924,"So these cry babies , these multimillionaires and billionaires , these people who are making out like bandits , they are crying and crying and crying , but the effective tax rate for the top 400 income earners was cut almost in half from 1995 to 2007 .",liberal
538,Proponents note the procedural safeguards built into the Oregon system-most importantly a full registry of digitized signatures that election officials cross-check against voters ' signatures on ballot envelopes-that neither exist in the traditional system nor depend for their effectiveness on the honesty and civic virtue of voters .,liberal
297,"Since circulating the Post story , the Bushies went on to fumble the response to a natural disaster , withdraw a Supreme Court nominee , watch a top aide get indicted , and witlessly hand a Middle Eastern government control of our vulnerable ports .",liberal
3084,"As outrageous and repugnant as UN control over sites like Independence Hall is , the UN has managed to create other programs that represent very credible threats to the freedom of every American .",conservative
1395,"In 2012 , this hundred-year history of campaign-finance controls died , thanks to five U.S. Supreme Court justices who decided , in the 2010 Citizens United case , that corporations can use their money to express free speech , most notably in their efforts to influence federal elections .",liberal
3428,"It has been documented and established that in many cases , pop culture has been responsible for increased drug abuse , teen pregnancy , murders , suicides , rapes , abortion , and domestic violence .",conservative
1871,"The council will train community and faith-based groups on how to apply for federal grants and comply with a web of federal laws and regulations , work closely with state and local governments to ensure that governors and mayors have the resources they need to support local organizations , and evaluate faith-based or secular community-serving nonprofits for effectiveness .",liberal
1332,"The failure to arrest rampant deforestation , desertification , and species extinction , evident over the centuries , is now worsening global climate change , as each of these destructive impacts on the local and regional environments interact with global warming .",liberal
1695,"Paying for the full tax cuts in 2014 by reducing government spending would be catastrophic , both substantively and politically : It would require a 48-percent cut in Social Security benefits , complete elimination of the federal part of Medicaid , or an 80-percent cut in all domestic discretionary spending ( such as for environmental protection , education , and health research ) .",liberal
1267,"Thanks to the federal loophole that made SUVs wildly profitable and the low government interest rates that turned General Motors into a financial institution , the company was free to ignore the waste and environmental damage of the low-efficiency vehicles it sold .",liberal
797,The failure to understand that our demands are the source of our dissatisfactions thus generates a public mood that is not favorable to the survival of democratic government .,liberal
1825,"On the other hand , the Republican budget that was released last Friday is severe and irresponsible because it gives tax benefits for the wealthiest few , while destroying jobs and harming middle class families , young adults , seniors and even veterans .",liberal
2085,"If investors believe the Federal Reserve will fight economic softness too aggressively , and in the process debase the currency , then the dollar loses both face and intrinsic value .",conservative
2948,"Dr. Craig Postlewaite , director of DoD 's force readiness and health assurance , tells TAC that while the smoke from these pits could be responsible for `` acute '' health issues like `` general irritation '' of the eyes and throat , `` when we look at respiratory effects on a population-wide basis , we 're not seeing a cause for concern .",conservative
1422,"If labor wants to win more rights for workers , he argues , it must first break the stranglehold that big money and conservatives have on our politics by winning campaign-finance reform , abolishingthe Senate 's supermajority requirements , outlawing voter suppression , and legalizing undocumented immigrants .",liberal
3201,"His `` broken window fallacy , '' in which onlookers , observing a shop window broken by vandals , erroneously conclude that the act of destruction will be beneficial to the economy because it will make work for the glazier , is one of his most famous economic parables .",conservative
616,"Just as a parasite that kills its host is a biological failure , so ruling classes that destroy their own productive base are clearly political failures .",liberal
3689,"One need not back a perfect candidate in order to help restore the freedoms and economic prosperity of American citizenry , but when deciding whom to vote for it should be kept in mind that the `` lesser of two evils '' is still `` evil .",conservative
2375,"The wealthy do often use their wealth for political influence , but his argument treats the rich as if they were a unified voting block with identical interests .",conservative
874,"Foer 's piece distilled the conventional wisdom of 2002 : even conservatives who disliked the neoconservatives on other grounds -- for their support of high levels of immigration , for example -- shied away from frontal assaults on their foreign policy .",liberal
275,"In the 2002 election , Bush was able to exploit his success on that score-and to amplify it through carefully timed `` terror '' alerts and wild exaggeration of the Iraqi threat-to override his failures in managing the economy .",liberal
607,"Still , as backlash reactions like the attack on the International Women 's Day protest have set in , activists on women 's issues and progressives are wondering how to ensure that women 's gains not be rolled back .",liberal
3565,Deputy National Security Adviser Michael Froman assured Inside U.S. Trade in January that the Obama team would push for `` a high standard labor agreement '' but then suggested that labor protections were not that important because the benefits of free trade to American workers would go far beyond whatever the content of the labor chapter turned out to be . '',conservative
2344,"The market , not the government , was the most effective tool to discipline big business , because corporations that punished their customers were doomed to failure .",conservative
3968,Recipients hated it for forcing them to cheat in order to survive and then treating them like dirt because it suspected them of cheating .,neutral
2455,"Low capital costs are the result of a lot of people acting responsibly for many years : sound currency , institutions protecting private property and preserving the rule of law , inventors devising new and useful products , entrepreneurs bringing those products to market and finding ever-more-efficient ways to satisfy customers , and individuals producing more than they consume and saving for the future .",conservative
3327,"( In reality , the labor theory of value is nonsensical both in theory and practice , because it ignores the many non-labor factors that enter into the creation of economic value , is based upon unproven assertions , and ultimately leads to economic chaos and the loss of political freedom .",conservative
2151,"The implicit basis for the outrage of Scott and other Tea Partiers was not blind opposition to all government initiatives , but a sense that the government has neglected to address the anxieties of people like themselves .",conservative
3786,"And while multiple embryo transfer is no more likely to result in a baby for women under 36 -- it 's just more likely to result in multiples -- for older women it raises what can be pretty bleak odds , making the client happy and bolstering the clinic 's success rates .",neutral
3601,"Instead of accepting the socialistic credo that man with science and with `` scientific political organization '' no longer needs God but can lift himself by his own bootstraps , intelligent Americans are beginning to realize that a worship of science and of scientific political organization will create a Frankenstein monster capable of destroying the human race .",conservative
2737,"By lowering the tax and regulatory burden on individuals and businesses , we will unleash once again the full force and energy of the free market , generating greater prosperity and promoting fiscal stability .",conservative
422,"Attacks on the legitimacy of government push privatization , deregulation , and a tax cut agenda that worsens income inequality and squeezes government spending and public investment .",liberal
1398,FOX 'S Brit Hume recounted that his `` first thought '' in response to the attacks was that it was a good opportunity to make money picking up bargains in the futures market .,liberal
185,"The popular notion that the universe -- all of what is called creation -- came into being by accident , without any purpose or design , offered to Lewis an example of the kind of contradiction , disguised as thought , that slips so easily into the mind of man , there to take up permanent , unchallenged residence .",liberal
2653,"Bring back the gold standard , shut down the Federal Reserve , cut back our regulations , cut back government spending and taxes , cut back import\/export red tape .",conservative
3833,"Nowhere does the ideological balance of the Court inspire more hope and woe than among the combatants in the abortion debate , the veritable Super Bowl of the culture wars .",neutral
1101,"At the time of the Bell system breakup in 1984 , the monopoly advantages enjoyed by the company ( which were wrongly attributed to the free market , not government favoritism ) had created an economic behemoth with $ 150 billion in assets , $ 70 billion in revenues , and a million employees .",liberal
1051,"You are governed by the rich , whose elections are financed by the rich , so that the elected rich can return the favors to their rich friends .",liberal
782,"Instead , the decay is being used as the pretext to funnel more and more taxpayer dollars to fewer and fewer defense mega-corporations .",liberal
206,"Abstract : Rather , three longer-term factors have deprived the ideology of both intellectual legitimacy and popular support : structural changes in the GOP 'S coalition , accelerating economic insecurity , and the empirical failure of supply-side economics .",liberal
4166,"They will have great incentive to do so because , unfortunately , the harder it is to create a forgery , the more valuable a successful forgery becomes .",neutral
2574,"But herein lies their potential soft spot : Millennials can too easily be swayed by slick-sellers of tolerance and compassion , because jumping off the bandwagon of bigotry is their allegiance and generational calling card .",conservative
2697,"Thus , even accepting the Ryan plan at face value , it promises at least 20 more years of budget deficits , as well as steady increases in federal spending after dipping slightly from 2011 to 2012 .",conservative
3265,"Without a shared sense of public morality , the individual feels powerless against the greedy behavior of others , and impelled to act selfishly in defense .",conservative
3363,The Shabbat services include beautiful chanting ; Torah study is engaged and intellectually rich ; and the warmth of community adds joy .,conservative
3264,"Unlike the aforementioned McCain detractors , who are famous for partisan wrangling , nasty personal attacks , and high-decibel bloviation , Dobson is widely respected not only for holding to strong moral and political stands , but doing so in a low-key , high-minded , civil manner .",conservative
3621,"The federal government has played a major role in creating a debt-fueled real estate market through tax policy , which allows deduction of house-related interest payments ( a piece of social engineering few of us would abandon ) .",conservative
2639,"Abstract : In order to provide an advantage for Chinese industries and companies , and to attract U.S. companies to locate in its country , the Beijing government manipulates its currency , showers subsidies on favored industries , provides low-interest loans from a state-owned banking system , tolerates and even encourages the theft of intellectual property , and ignores WTO rules .",conservative
3095,"In the area of pollution control alone , the treaty presents serious threats to national sovereignty , creating , in essence , a global Environmental Protection Agency .",conservative
3982,"Lead poisoning from old pipes and paint can cause neurological damage , which may result in lower intelligence , disabilities , worsened job prospects later in life , and higher rates of criminal activity .",neutral
798,"Criminalizing abortion would not , for instance , address the needs of women who seek an abortion because they lacked contraception or were raped or are living in abusive relationship , or will have to drop out of work or school to raise a child alone , or are stretched so thin that they can not emotionally or financially provide for their other children .",liberal
1970,"One organizer fondly recalls how Clinton administration Labor Secretary Robert Reich , acting under so-called hot-goods statutes , seized some clothing made by Los Angeles-area sweatshops that violated wage and hours laws , until Target and Macy 's agreed to demand legal compliance from its subcontractors .",liberal
3001,"Sometimes , to be sure , contempt for authority is well-founded , and itself a sign that the moral compass is in working order ; but one of the things that breeds contempt is familiarity , and certainly the excess of familiarity to which American culture has become accustomed .",conservative
547,"`` After all that 's happened , after the worst economic crisis , the worst financial crisis since the Great Depression , they want to return to the same practices that got us into this mess .",liberal
4034,"Symptoms range from memory loss , fatigue , irritability , mood swings , and a change in sleep patterns in milder cases to loss of co-ordination and balance , seizures , migraines , confusion , and agitation in more severe instances .",neutral
1455,"The willingness of Democratic leaders such as Chuck Schumer , Harry Reid , and Nancy Pelosi to stare down the president has done far more to reassure the American people that Democrats know how to deal with aggression than all the efforts over the last five years to show that they , too , `` support our troops .",liberal
4179,"We believe that the state of Israel has the fundamental right to exist , free of military assault , within secure borders close to those of 1967 , and that the U.S. government has a special responsibility toward achieving a lasting Middle East peace . ''",neutral
1628,"This is the case when ecological principles are used in the redesign of small farms , enhancing the habitat so that it promotes healthy plant growth , stresses pests , and encourages beneficial organisms while using labor and local resources more efficiently .",liberal
1832,"When a society or nation goes into decline because of a loss or lack of resources and fighting over the crumbs begins , the stresses in the culture produce more and more children whose brains defer to the survival mechanisms of the reptile brain .",liberal
3693,"Sure , it contributes to global warming , but ( except for nuclear power , which the environmentalists still say is evil ) there is no reliable way to produce energy without emitting CO2 .",conservative
6,"Organizations representing the religious right have loyally rallied their members to support the conservative agenda , often using some deft intellectual gymnastics to justify their support .",liberal
71,"`` I am going to win by offering a real progressive alternative and calling out in no uncertain terms why Goode and Bush make America less safe , make our jobs less secure , and simply do n't get the world we live in , '' Perriello wrote .",liberal
772,Observant Jews have burned a menorah on eight successive nights of Hannkkah ever since to commemorate the triumph of their people and faith over their enemies .,liberal
114,"Even the more interventionist neoconservatives have focused on state threats to U.S. primacy , not global economic and social forces -- sometimes to their peril , since , even after September 11 , some hawks in the administration were trying to shift the focus from a nonstate threat , Al Qaeda , to a state threat , Iraq .",liberal
2418,"To be for laws against child rape means also being in favor of police with guns stopping , apprehending , or securing for punishment men who rape children . ''",conservative
119,"Professional women like Jane often lose benefits and opportunities when they reduce hours , but workers at Wal-Mart and many other places see their hours cut or capped without their consent , and any health and pension benefits disappear altogether .",liberal
2346,Tomasi preaches to the left that respect for economic liberties is a key part of respecting individual autonomy and that a properly freed market generates enough wealth to benefit the least well off .,conservative
4197,"Although the German economy partly as a result of such means has done better than others in the European Union , there are many reasons to think that trouble lies ahead , and not only because of the recession that has engulfed Europe .",neutral
425,"We need to reduce air pollution because it is a threat to us humans , whether or not it creates a threat to the planet .",liberal
171,"On-site child care , paid family leave , paid sick time , affordable health insurance , flexible scheduling , and home-based work opportunities relieve work\/family stress and increase employee job satisfaction .",liberal
2898,Illegal aliens are causing a financial drain ; hospitals are overloaded if not closed because of having to care for non-payers ; schools are inundated with children given non-English instruction ; prisons are filling up with criminal border crossers ; drug smuggling has increased sharply ; gangs terrorize entire communities ; and some newly arrived illegals even cast ballots to favor their revolutionary friends .,conservative
3136,"While true net job creation results in a continued stream of spending by those employed , Obama never considered direct job creation by the government .",conservative
3655,"`` I guess if you 're trustworthy , loyal , helpful , friendly , courteous , kind , obedient , cheerful , thrifty , brave , clean , and reverent , there appears to be little room for you in the California Democratic Party , '' he said in a written statement .",conservative
1935,"He sounds tough-minded and sure of himself , and he sounds angry about the price of gas , but he 's channeling that anger toward faceless businessmen manipulating the energy market ( read : Republicans ) .",liberal
653,"In this telling , school vouchers are taxpayer subsidies that may end up socializing private schools ; `` free trade '' pacts are really government-managed trade agreements rather than genuine free trade ; contemporary mass immigration , as libertarian theorist Hans-Hermann Hoppe has argued , is more akin to forced integration than the free movement of people ; the doctrine of incorporation is constitutional buncombe .",liberal
4172,"Toward that end , The Pew Charitable Trusts , along with the Foundation for Child Development and the Joyce Foundation , created the National Early Childhood Accountability Task Force , which has just unveiled recommendations for states on creating accountability systems to track-and improve upon-child and program performance .",neutral
79,"In response to the setbacks of 2007 , immigrants mobilized again , resulting in 2 million new Hispanic voters in 2008 and a clear repudiation of those who used prejudice for political gain , with 20 of 22 congressional candidates in swing districts opposing immigrants going down to defeat against pro-immigrant candidates .",liberal
1814,They argue that you can not teach that killing is wrong by killing .,liberal
3474,The wise and correct course to follow in taxation and all other economic legislation is not to destroy those who have already secured success but to create conditions under which every one will have a better chance to be successful .,conservative
1116,We would hate for people who now depend on retirement benefits to be cut off .,liberal
591,"Heck , when I interviewed two teachers union leaders for my most recent Stupid in America TV special , I was surprised to learn that both attended private schools and were grateful for the good education .",liberal
3354,"While rich fishers pursue dwindling species with the aid of technology , poor fishers do it through brutal ingenuity , including using poison and explosives , leading to what 's known as Malthusian overfishing -- when a fishery is overwhelmed yet fishing continues anyway , in ever more destructive and desperate ways , until the complete decimation of species and their ecosystems .",conservative
3485,Small disagreements can result in serious ruptures because Constitution Party leaders spend more time focusing on first principles than political strategy .,conservative
2332,"In typical fashion , he exhaustively delineates his mixed emotions about giving them charity , concluding : `` I 'm scared about the poor people coming to take everything from me .",conservative
1507,Similarly state and local governments may hold someone responsible for negligently causing bodily harm -- such as that caused by a hot in a theater -- and use one 's words in court as evidence of an intent to cause harm .,liberal
2749,"The only trouble is , right now there are too few people working on these clever schemes ; because the industry has stag-nated for so long , nuclear energy does n't tend to attract as much research interest these days .",conservative
4183,"The Madoff scandal , in point of fact , may have been made worse precisely because investors , already giddy from market gains , consoled themselves that the federal government -- the SEC in particular -- would safeguard them from being victimized by large-scale fraud .",neutral
32,"Rather than cut taxes on the rich in order to generate more financial capital , we need to use those tax revenues instead to improve the productivity of all Americans .",liberal
3980,"But in spite of-or because of-all the criticism , Klein s book is a financial success , debuting at No .",neutral
512,"Given the effects of worsening socioeconomic conditions on public education , any reference to closing the achievement gap that does not centrally address the wider social problems and their effect on schools represents a cruel hoax .",liberal
2168,"Drawing on the Austrian theory of the credit cycle , Rothbard showed that the Great Depression was triggered by the 1929 bust that followed reckless credit expansion in the 1920s by the Federal Reserve , the Bank of England , and other major central banks .",conservative
2217,"On the other hand , just about everyone is unhappy with the health care system we have now , a system some people wrongly blame on the free market .",conservative
1414,"In a speech to Labor Party members on September 22 , Darling drew the tedious and inevitable parallels between the financial crisis and other global problems : `` Just as one government alone can not combat global terrorism , just as one government alone can not combat climate change , so one government alone can not deal with the consequences of globalisation .",liberal
745,"Arch Social Security hater Peter Ferrara once told me that funding it with general revenues was part of his plan to destroy it by converting Social Security into a welfare program , rather than an earned benefit .",liberal
1137,"It will be because we ensure that workers in these occupations get middle-class incomes by providing much stronger minimum-wage and labor-union protections , economic security with good health care , as well as community-development and social-insurance programs .",liberal
2628,"The registration , licensing , and eventual banning of forks would certainly fight fat just as well as instituting more restrictions on guns will fight crime .",conservative
2553,"Those who hope to come across a rationalization of how the Fed fights inflation , even though it is the entity that creates monetary inflation , will also be disappointed .",conservative
3328,"Since California courts have found that this registry does not violate the DOMA , two feuding religious-right coalitions are now circulating petitions trying to get enough signatures to ask voters to amend the state constitution by restricting marriage to different-sex pairs and by dumping the domestic-partnership registry .",conservative
3546,"The unions are destroying public education and it makes me sick that these are the people who represent teachers who are wonderful , do a good job , and are a vital part of children 's lives .",conservative
614,"As usual , then , government intervention into the market caused unintended , undesired consequences , but politicians blame the HMOs instead of the interventions that helped create them .",liberal
1285,"That result was stronger than responses on prescription drugs , health care , pensions , jobs , or the economy , and was beaten only by support for education , an issue that also captures our hope for the future .",liberal
2405,"The historic gift of our founding set the stage for our exceptionalism as a country , but it has been the American people putting that heritage to work by raising our families , building our communities , creating our prosperity , and defending our freedom that has truly made our country special .",conservative
3011,"Most local school districts must contend with community apathy , teachers union intransigence , a sizable number of poorly trained and educated teachers , administrative incompetence , and too many parents who neither discipline nor nurture their children , encourage learning , or care enough to meet with teachers and other parents to assure quality instruction in even the basic skills of reading and mathematics .",conservative
2800,"In Nashua , he explains , `` People become Republicans because they want low taxes , fiscal discipline , and a strong national defense .",conservative
2315,"And to make sure that the broader public does benefit from entrepreneurial capitalism , Baumol and his co-authors advocate safety nets that shield some of the victims of disruptive change , if only to prevent a backlash against free-trade policies , direct foreign investment , and the like .",conservative
1624,"The Social Security Administration was created to solve the problem of senior poverty , and unemployment insurance was introduced as part of the new safety net .",liberal
848,"Our plan was straightforward : Make private-sector job growth a leading goal of government policies , while also changing the culture within governmental institutions in ways that encouraged thriftiness and a healthy respect for the liberty of individual Hoosiers , and do it without letting up on environmental protections or taking away essential government services .",liberal
2957,"Rejecting the morally charged rhetoric that conservatives have used to cast opprobrium on free-riding aliens , John DeStefano is arguing that the inclusion of illegal immigrants in civil society is vital to public services that benefit the whole city .",conservative
3676,But even the best teachers face impossible tasks when confronted with classrooms filled with truly disadvantaged students who are not in tracked special-progress classes and do n't arrive each morning from families as academically supportive as mine . '',conservative
4242,"Radical left-wing views motivated presidential attackers Lee Harvey Oswald and Sara Jane Moore , while right-wing ideology inspired members of the terrorist group The Order to kill liberal talk radio host Alan Berg in 1984 .",neutral
2783,"Tax and regulatory burdens that drive up our energy costs have a tremendous negative impact on our competitiveness vis-a-vis foreign production and , ultimately , kill domestic jobs .",conservative
3626,"Earned success is also what parents experience when their children do wonderful things , what social innovators feel when they change lives , and what artists feel when they create something of beauty .",conservative
944,"This consciousness , plus initial political support , led the shop stewards to act on the basis of the usefulness of their knowledge , and effectively use the organizational capacity of their Combine Committee ( bringing together workers from every factory and level in the company ) to share their knowledge and develop an industrial alternative .",liberal
3878,"Some lobbied the local or state governments to enact laws prohibiting certain substances , especially alcohol , but others used persuasion and encouragement alone to effect change .",neutral
1711,But certain patterns of pressure imposed on Iran are effectively strangling its attempts to generate revenues for needed imports and for infrastructural improvements .,liberal
69,A budget crisis created by tax cuts makes it seemingly unthinkable to spend the kind of money necessary to make serious headway on renewable energy .,liberal
1761,"Concretely , people need to live closer to where they work , in ecologically designed housing built for energy efficiency as well as comfort , and in communities designed for public engagement , with sufficient places , such as parks and community centers , for coming together and recreation opportunities .",liberal
1973,"She has taken great pains to make certain that the class of 20O6 is demonstrating progress on the promises it made during its campaigns , ensuring , in a jarring break with tradition , that they manage signature pieces of legislation on the House floor , including the `` 6 in ' 06 '' Democratic platform .",liberal
263,"But if they are to successfully champion the hopes of the elderly and preserve the integrity of Medicare , Democrats must unite behind strategies for using government clout to control rapidly rising pharmaceutical costs and promoting efficiency with equity in health care .",liberal
1339,"Cars and trucks produce exhaust , which deteriorates buildings and statues , causes cancers and asthmas , and , when rain catches it on the way down , pollutes waterways and crops , with those poisons ending up in the food chain .",liberal
3330,"But the Radicals condemned the Continental Congress ' usual way of raising funds : One huffed that `` to induce persons to lend money by promises of exorbitant interest , is not only to dishonor a virtuous cause by applying to our vices for support , but is adding distress to our country , by fueling the disease which occasioned it .",conservative
732,"Creating a voting holiday-some suggest using Veterans Day-would also help : In addition to underscoring the holiness of the democratic process , it would vastly ease the strain on those in low-wage jobs with little access to transportation or time off .",liberal
1589,"Although claiming to reject mystical forces , Wright constantly reassures us that biology and history exude scientific evidence for a `` larger purpose '' and `` a special creative explanation .",liberal
625,"They can , in fact , defend the lower standard of living their policies are creating by declaring that lower wages and benefits are actually making America more competitive in a global marketplace .",liberal
534,"Having been so long without proper food , a bath , and change of clothing , I did not , of course , make a very favourable impression upon her , and I could see at once that there were doubts in her mind about the wisdom of admitting me as a student .",liberal
3562,"In return , He gives us direction , purpose , energy , and genuine and lasting happiness , which means , among other things , we no longer crave the vain reassurances of other troubled souls .",conservative
2945,There are two compelling reasons why our politics needs a platform centered on the promise of expanding economic opportunity and security for a new generation .,conservative
4070,He would much rather have hypocrites encouraging bad people to behave well than to have authentically good village elders encouraging good people to behave badly .,neutral
2261,And the pressure from vested interests-mostly the fossil-fuel lobby-combined with the political fear of annoying voters with higher gas prices or lifestyle shifts means that the incentive for anyone who has to run for office anytime soon is to take the easiest possible deal . '',conservative
561,"But as he acknowledges , addressing stereotype threat will not affect the underlying problems of poverty , lack of access to good schooling , or estrangement from profitable social networks and other forms of social capital .",liberal
3311,"While she too believes that Federal spending and the national debt has grown too large , her desire to bring her conservative ideas and principles to Washington comes from the fact that she wants to help solve problems , not create problems .",conservative
824,"The battle for universal , equal access to care still lies ahead and it wo n't be won until those of us who are victimized by the health-care system have more political clout than those who profit from it .",liberal
1384,"The legislation creates a zero-tolerance standard for sexual assaults in prison by , among other things , creating the National Prison Rape Elimination Commission to develop standards for reform to guide corrections officials in preventing prison rapes and hold them accountable for achieving results .",liberal
3523,Legislation that fails to recognize the creative power of the individual spirit if it is given the freedom and the economic tools to realize its limitless potential merely creates dependency .,conservative
3388,"Edinburgh , on the other hand , was now free to accept back its Whig Presbyterians , a progressive merchant , jurist , and intellectual class largely descended from Lowland families in the territories south of Edinburgh and Glasgow that had been settled over the centuries by invading Normans , and then English , and with a strong interest in economic and academic ties with London .",conservative
3811,"The scene , which Lady Greystoke remembers only as `` an awful dream , '' is suggestive of rape -- `` screaming with rage and pain , the ape flew at the delicate woman , who went down beneath him to merciful unconsciousness '' -- though Bur-roughs is careful to make sure that the assailant , hit by a bullet from Clayton 's gun , dies just before penetration .",neutral
3752,Gura argues that potential abuse of the Privileges or Immunities Clause should not deter advocates from using it when appropriate .,neutral
3544,"The Founders simply took it for granted that a republic relies on informed and virtuous citizens , and that informed and virtuous citizens are created in turn by strong families .",conservative
2187,"Neoconservatives contend that America must attempt to change the regimes of its foes -- even if those foes have n't directly threatened the United States -- and turn them into pro-American , free-market democracies .",conservative
3525,"After instituting policies that helped hook Americans on foreign suppliers of oil , the federal government now promises to ease that addiction by subsidizing a product ( ethanol ) that is not economically competitive ; pushes up the prices of many food staples ; may increase pollution ; is not as energy-efficient as gasoline ; and may use more energy to produce than it generates .",conservative
2281,"And it only follows , then , that if success and failure are the result of injustice , then great success and great failure can be nothing other than the result of great injustice .",conservative
783,"As the U.S. energy secretary , Chu has been tasked with reshaping the country 's trillion-dollar energy economy , to reduce America 's reliance on fossil fuels and cut greenhouse-gas emissions 80 percent or more by mid-century -- essential to avoiding catastrophic climate change .",liberal
2896,"Arguments , no matter how strong , rarely convince anyone who is determined to keep abortion legal .",conservative
2562,"Because green-jobs proponents promise high-wage jobs , they then must coercively force compensation higher than the competitive wage ( a wage kept low because of low worker output ) through the power of government , thus producing high unemployment .",conservative
2961,", which was written to overcome the arguments of atheist spokesperson Richard Dawkins ( reviewed by Heiser in the December 24 issue ) ; however , it is an exercise in futility .",conservative
749,"The policy , they argued , `` removes the secrecy that gives low-wage businesses an unfair competitive advantage , allowing them to appear just as valuable to the community as companies that provide high-paying jobs .",liberal
3437,"If , as is overwhelmingly more likely , the economy remains mired in periodic recession or interest rates begin to rise as would-be creditors demand a greater return from U.S. government securities , interest payments will quickly surpass 20 percent of federal revenues , a proportion that , in Ferguson 's view , always spells problems .",conservative
3413,"Hoover 's policies before Roosevelt took over were akin to a mini-New Deal , but that has n't prevented Democrat statists over the decades from maligning his administration 's supposed free-market failures as the cause of the Depression , a trend that the Democrats have already warmed up to use against the Bush administration when the Obama solutions do n't work .",conservative
2631,"His website has featured pro-life ads directed specifically to Catholics and Evangelicals , with each containing biblical and theological arguments to support the message that a vote for a candidate who defends the right to kill via abortion is a betrayal of faith in God as the author of life .",conservative
829,"In fact , it 's precisely this simultaneous mocking of , and wallowing in , our luxe-life obsession that makes `` Critical Shopper '' a creation of Frankensteinian genius .",liberal
1941,"Job loss is a risk faced by all workers , and that means unemployment insurance must be truly universal , with strong national standards and improved long-term funding .",liberal
2367,"While I applaud Kate Shindle for aggressively advocating better HIV\/AIDS prevention and treatment during her year as Miss America , that is really not what I think the pageant is about , nor do I agree that activism is more of a reason for this program to exist than the opportunity to put a crown on the hottest chick on stage .",conservative
3919,"In other areas of Hfe , decisions are made based on whether a particular use of a dollar is a good value as opposed to other uses ofthat dollar .",neutral
1707,"Even with the unfunded wars , Obama noted , if the Bush administration and Congress had paid for the tax cuts and drug benefit , there would be no serious debt problem .",liberal
3283,"While this made the JDP more popular among the poor , it also led to complaints that benefits provided through the Green Card system motivated people to misuse and abuse the system .",conservative
3830,"But there are moments of strange , otherworldly naivete , as when Kafka , in a paper on setting insurance premiums and the need to convince employers of the Institute 's prudence , opines that `` a handsome sum is certainly appropriate as compensation for accidents that have serious consequences , and no employer will even consider advocating parsimony in such cases .",neutral
1961,"He claims to oppose Obama 's plan but instead wants the government to lower prices on alternative energy sources , `` because I think you 're going to get faster acceleration of new innovation if you lower the price of good products ... rather than raise the price of obsolete products .",liberal
315,"But if we give teachers the resources they need ; if we pay them more and give them time for professional development ; if they are given ownership over the design of better assessment tools and a creative curricula ; if we shape reforms with teachers rather than imposing changes on teachers , then it is fair to expect better results .",liberal
2565,"Ideally , artists will find a rich middle ground , marked by a durable affirmation of this moment 's transformative optimism and a more provisional hope that President Obama will become a great leader .",conservative
4231,"There is , to be sure , a good deal of emoting , particularly in the early entries , which are dominated by the usual sorts of adolescent anxieties .",neutral
2370,"The complicated challenges that public educators grapple with - severe budget cuts , for instance , or health problems that make learning a particular challenge for low-income kids - are nowhere to be seen .",conservative
3312,Allowing hedge fund traders to steal trillions of dollars from Americans who invested in good faith in the companies that were raided by the short sellers is a prime example of how this administration manipulates capital markets .,conservative
1292,"Most people on the Left really do fear for the viability of the earth because of carbon emissions , really do believe that 35 million Americans go hungry , that 150,000 girls and women die from anorexia each year , that monkey bars and dodgeball and peanuts are too dangerous for children , that secondhand smoke is a major killer , and so on .",liberal
2493,"We believe America must return to the path of fiscal responsibility that led to unprecedented prosperity during the 1990 's , helping to create more than 22 million new jobs and leading to historic , low levels of unemployment , inflation , crime , and interest rates and high levels of home ownership , access to education and productivity .",conservative
3813,"As to this , Dr. Drexler offers this short list of MM advances : `` Inexpensive , efficient solar energy systems , a renewable , zero-carbon emission source ; desktop computers with a billion processors ( and , I will add , laptops with a battery life of 1,000 hours ) ; medical devices able to destroy viruses and cancer cells without damaging healthy cells ; materials 100 times stronger than steel . ''",neutral
252,"The state and the unions jointly monitor compliance with labor law ( there are many of these violations , caused sometimes by ignorance of the law , sometimes by indifference , or not wanting to make waves when there is urgency to produce , sometimes opportunism ) .",liberal
4042,"Adapted from a stand-up routine broadcast on Comedy Central about a decade ago , this parable is not intended to inspire mockery of the homeless or other unfortunate people . ''",neutral
199,Yet I had nagging doubts about how deep his commitment went and whether he was truly communicating the need for change down the ranks .,liberal
2485,"But there is also a positive evil in these programs : in effect , they reward people for not producing .",conservative
4254,"Or men like blue eyes because , since eyes dilate when the owner is interested and since blue eyes better show a large pupil , men will know when women are interested .",neutral
2104,"Campbell , a Manhattan attorney , put up a spirited defense , but was squashed by the New Deal steamroller , nonetheless -- along with millions of American `` hoarders , '' who were stripped not only of their gold , but of other valuables and personal , sentimental effects as well .",conservative
811,"While we fight poverty through education and welfare programs , the only sure-fire way to build a strong middle class is to make certain Americans have the tools they need to build wealth .",liberal
4273,"This is violent crime : extortion , assassinations , assault , rape , and robbery .",neutral
15,"Hostility to taxes and open redistribution reflects a moral belief about what makes the country great , one that may fit awkwardly with Bush 's language of compassion and opportunity , but which is openly hostile to a progressive picture of shared economic sacrifice .",liberal
621,"Robbed of those who would have otherwise signaled the impending assailment on the freedom of the press , Americans will more easily be led down the soft-sloping , gradual decline leading toward absolute subjection to an all-powerful feudal federal authority .",liberal
2210,"Since we are created by God in His image and likeness , and since He is perfectly free ... freedom is our birthright .",conservative
1069,Asked whether such mechanisms are the source of moral hazard -- the tendency of people to act irresponsibly when they know they will be shielded from the full consequences of their actions -- Bernanke merely added that the Fed was created to avert financial panics and make for more orderly markets .,liberal
971,Those who deceive themselves and others that markets nurture democracy ignore the simple truth that markets tend to aggravate disparities in wealth and economic power .,liberal
2222,"Worse yet , it sneeringly deprecates the genuine altruism that motivates most business owners , the gratification they derive from seeing their innovations , their hard work , and the capital they attract create jobs and opportunities for .",conservative
1946,"Yet , since biomass combustion releases more CO2 per unit of energy generated , it would not be favored by even such an incomplete accounting scheme ( so this type of accounting would be reasonably effective in preventing bioenergy expansion ) .",liberal
1621,"Instead , they are funded , and in some cases were created , by money flowing from pedigreed `` establishment '' sources , primarily the large tax-exempt charitable foundations , like the Ford Foundation and others .",liberal
3282,And many in the Army are starting to fear the consequences of what the Pentagon is doing : entrenching a quagmire and facilitating a powerful incentive for Defense Department hawks to launch further wars around the Middle East .,conservative
2365,"The data demonstrate that at least some temporary economic progress was made with government stimulus during the recession , as the Keynesians argue , but Austrians argue that the short-term benefit was far outweighed by burgeoning national debt and lowered savings rates that have stunted the recovery .",conservative
3552,That dynamic will only grow more antagonistic as the oceans become warmer and more acidic because of climate change .,conservative
469,"We are enemies to ourselves because we are hurting another country , killing our own men and women , and hurting our economy .",liberal
1588,"If Blair and Brown can cancel the soap opera before it destroys their careers , perhaps-returning the favor by which Clinton helped Blair devise the triangulations of New Labour-Brown as prime minister can help Americans see the path to a new and vigorous progressivism , in which the benefits of economic growth are broadly shared .",liberal
2096,"People of a socialist bent criticize families who try to maintain their assets and then pass them on to their heirs , saying they are selfish and their money would be better used serving the public good .",conservative
1139,"But it is a false triumph if , in the process of imposing control , we create more enemies and further undermine the legitimacy of any new government we support .",liberal
3405,That may explain why the pharmaceutical industry and its allies are emphasizing other arguments against Pelosi 's proposal -- chief among them that having the government involved in drug pricing will lead to fewer medical breakthroughs ( by reducing the drug companies ' ability to invest in research ) or will result in restricted access for patients who need life-saving medications .,conservative
3667,"But a depraved killer or two , even when armed with automatic or semi-automatic weapons , may kill a dozen or more people at a school , shopping mall , or movie theater before being killed or captured .",conservative
1052,"Plastic-bottle manufacturing relies on fossil fuels and releases toxic chemicals into the air and water supply that can adversely affect nervous systems , blood , kidneys , and immune systems , and can cause cancer and birth defects .",liberal
1968,"Danielle Brian , executive director of the Project on Government Oversight , says the program is `` exploiting '' native Alaskans because only `` tiny amounts '' from the huge profits in government contracts trickle down to the intended beneficiaries of the program .",liberal
167,"A clause in Pennsylvania 's constitution decried `` an enormous Proportion of Property vested in a few individuals '' as `` dangerous to the Rights , and destructive to the Common Happiness , of Mankind , and therefore every free State hath a right by its Laws to discourage the Possession of Such Property .",liberal
2812,"Abstract : Like other Web-based lenders , Kabbage.com is given access to an applicant 's credit scores , transaction history , website traffic , account activity on eBay and Amazon , payment disputes , and other metrics that determine a borrower 's risk profile .",conservative
2303,"This attack on parents is not superficial , nor an unintended consequence ; those who influenced the creation of the system that today is so prevalent intentionally and institutionally crafted it this way .",conservative
3809,"These estimates are crude , because it is very difficult to separate the effects of the different conjectured influences on crime rates , and it is especially difficult to gauge the likely effect of changes in the criminal justice system -- for example , dramatically reducing prison terms while dramatically increasing the number of police .",neutral
248,The market price depression associated with the dumping of agricultural commodities has two major effects on developing countries whose farmers produce competing products .,liberal
4251,"And as Robert Kuttner eloquently argues in his book , EverythingforSale , the assumption that getting as close as you can to a perfect market will always make things better ( what Kuttner calls `` the logic of the second best '' ) is highly suspect .",neutral
4296,"If I give you a $ 50 gift card for Best Buy and you give me a $ 50 e-certificate for Amazon , economists would tolerate the exchange , since no destruction of wealth has occurred .",neutral
1734,"The best known of these , for many readers , is The Bell Curve ( 1994 ) , in which Murray and co-author Richard J. Herrnstein contended that blacks fare worse in the economy because they have lower IQs - ignoring evidence that the black-white test-score gap had narrowed as discriminatory barriers fell .",liberal
2717,"It is to be hoped that a radical conservatism embraces this opportunity and creates and facilitates this future for us all : free association and a self-organizing citizenry producing the norms and the universals that alone license a civic state , a plural society , and a participative economy .",conservative
1066,"By the same token , the cut in the estate tax may have discouraged spending ; the rich could now safely stow away more money for their children and grandchildren , and they had less incentive to give away money to charities that would have spent the money on good causes .",liberal
2579,"Freedom does not create perfect solutions , but there is abundant evidence that choices and competition improve the quality of life for almost everyone .",conservative
975,But Kansas needs to quit giving Connecticut a free pass : rather than framing the fight over issues in the `` culture wars '' -- as important as those may be -- Kansas needs to stop allowing Connecticut to pay a middleman to assuage its guilt .,liberal
2738,"But , the same article proceeded to explain , `` the threat of a recession would make it harder to advocate allowing President Bush 's tax cuts to expire , as the lower rates are scheduled to do in 2010 , and easier for Republicans to argue that Democratic proposals to raise taxes on the rich risk making the economy worse .",conservative
3,"In fairness , it should be noted that he devotes an entire chapter to New York Times political columnist Maureen Dowd , a liberal who makes much of the outsized rivalries , jealousies , and personalities that dominate American politics .",liberal
815,"Whether they leave the workplace altogether or just cut back their commitment , their talent and education are lost from the public world to the private world of laundry and kissing boo-boos .",liberal
3296,"She described how having had a child changed her feelings about what it means to kill a fetus : `` IfI had an abortion today , it would be with a conflict and sadness unknown to me when I had an abortion a decade ago , '' she wrote .",conservative
3956,"Under the circumstances , President Obama might have given the economy a bigger boost by foreswearing an old-fashioned , deficit-spending stimulus and instead declaring that , effective immediately , he would not authorize any federal spending of borrowed money unless it added convincingly to the country 's capacity to produce a trade surplus that would permit the eventual liquidation of foreign-held federal debt .",neutral
4107,"The economist Mancur Olson argued that the influence of narrow interests can immobilize a democracy and prevent it from addressing the broad public interest .5 Such influence , like some cancers , grows slowly , but it can be fatal to the efforts by elected representatives to do what the vast majority of Americans need them to do .",neutral
4060,"Yet if `` nice reviewing '' has attracted few explicit defenders , a number of today 's critics nonetheless seem to share a tacit understanding that it is somehow indecorous -- what used to be called bad form -- to come out and say that a book is bad .",neutral
3073,"Since protests are likely to occur during episodes when political beliefs in society change , it is difficult to disentangle whether protests cause political change , or simply reflect unobservable belief changes .",conservative
4206,"But learning how nature manages that change and how it generates a unified complexity is good tonic for the troubled , careworn human mind .",neutral
542,"Their preservation of the great works and traditions of Western civilization , including the traditions of rationality and skepticism , have been crucial to the growth of individual freedom , respect for the rule of law , and scientific progress .",liberal
3408,"`` Throughout this tour of the disaster zones of liberal environmentalism we have seen two things confirmed time and time again : that American values like property , enterprise and freedom work well to protect the environment ; and that the environment suffers when these values are replaced by contrary values like nationalization , central planning , and control , '' Murray writes .",conservative
45,"In South Korea , once `` one of the most rigid patriarchal societies in the world , '' where women used to be abused for failing to produce a male heir , she tracks a new crop of women , Gold Misses , who are educated , working in prestigious jobs , and decidedly single well into their thirties .",liberal
3931,"The British parliament , meanwhile , dismayed at the destructive effects of runaway inflation in the colonies and under pressure from British traders who resented being paid for their wares in nearly worthless colonial scrip , promulgated two Currency Acts , in 1751 and 1764 , to rein in the insanity .",neutral
111,"The problems with the national party that make Warner 's sure victory over Gilmore so dramatic -- the unpopularity of the war , dissatisfaction with the economy , and gas prices -- affect every contested Senate race .",liberal
823,"First , the 1996 reforms involved two components : changing welfare and building work supports outside welfarethe EITC , minimum-wage increase , improved child-support enforcement , broadened health care , expanded child care .",liberal
327,"There , the centerright government , in power since 2001 , has tried many of the same gambits as its Swedish counterparts - the fragmentation of once comprehensive services , the weakening of the active labor-market system , the use of tax cuts and privatization to split the upper middle class from the coalition that supports the welfare state .",liberal
1294,"Very briefly , it argues that in particular situations it is better to conduct certain economic activities within the confines of a corporate organization instead of markets , because such activities can be conducted more efficiently inside an organization than through a market-based transaction .",liberal
3659,"Unless we radically turn things around , stop our fiscal bleeding , implement policies to grow the economy and restructure entitlements , halt the systematic gutting of our military and national defenses , and stop attacks on our culture , our social fabric , and our religious liberties , America will indeed cease to be a shining city on a hill .",conservative
729,"But there is little reason to believe that this class of Republicans will be helpful in formulating a tough policy toward an increasingly arrogant China , extricating America from Afghanistan , and using U.S. leverage to seek a peaceful settlement of the Israeli-Palestinian conflict .",liberal
3606,"That is a terrible crime because it is killing our economy as well as killing some of our best prospects for moving toward energy independence , prosperity , and fuller employment .",conservative
517,"A military hero , Reagan-era secretary of the Navy , and author of widely praised war novels , Webb has exactly the kind of CV that makes Republicans ( of which he was one until recently ) very , very nervous .",liberal
278,"According to Ahmed Djoghlaf , the pro-business executive secretary of the CBD , `` The three big outcomes of the COP-10 meeting in Nagoya '' were to be `` a global agreement on a new ( strategic plan to halt biodiversity loss ) , the mobilisation of the finance needed to make it happen and a new legally-binding protocol on access and benefit sharing ( ABS ) .",liberal
2765,"But the president apparently does not share public anxiety over skyrocketing energy and health care costs , higher interest rates , lower real wages , and job insecurity .",conservative
1479,"First , it is needed as a means of creating massive numbers of new customers who would buy the goods made in the capitalist countries .7 As outlined earlier , space technology has extended and deepened this process , allowing an increasing number of people to become integral to the further expansion of global capitalism .",liberal
2909,He worked to block a bill -- virtually identical to the federal law he now claims to support -- in the Illinois legislature that would have made it illegal to kill or deny care to children born alive in failed abortion procedures .,conservative
3868,"First , current energy regulatory policy cripples the development of American energy and keeps us dangerously dependent on foreign energy sources .",neutral
1427,"Better access to contraception , as well as improvements in sex education , are important parts of helping to avoid these pregnancies .",liberal
1673,"Abstract : At no time since the Great Depression have the working poor and the working middle class had more in common in their economic vulnerability , or been more in need of cross-class government programs , such as reliable pensions , health insurance , protections against income loss , and new needs of the broadly denned working family , such as child care .",liberal
2237,"But he did n't have a chance to confront Barry on the issue at the Ward 8 Democrats meeting , because Barry did n't bother to show up , citing medical reasons .",conservative
923,She will continue to hang beautiful still lifes of flowers and sun-drenched landscapes and put out fruit and vegetables to eat because her purpose is to create a healthy environment for her loved ones .,liberal
863,"Barack Obama will make college affordable for all Americans by creating a new American Opportunity Tax Credit that will ensure that the first $ 4,000 of a college education is completely free for most Americans , and will cover two-thirds the cost of tuition at the average public college or university .",liberal
1134,"Paul Helmke , president of the Brady Campaign to Prevent Gun Violence , opined : `` It is time for leaders in Washington to drop empty platitudes after each horrific shooting , and instead do what they 're paid to do : show backbone , and enact reasonable laws to keep dangerous weapons out of the hands of dangerous people .",liberal
486,"The fact that China and Russia have accepted the consensus in the UN Security Council is tantamount to saying : `` We accept that you kill our economy and , in some ways , our commercial agreements with a third country .",liberal
4113,"In fact , because making ethanol is so energy intensive , debates are still ongoing over whether ethanol creates more energy when it is burned than is used in its creation .",neutral
311,Milloy does n't just report the problem ; he also presents solutions : educating the public ( most of whom are more concerned about rising energy costs than global warming ) ; lobbying legislators ; shareholder activism to press corporations into reversing green compliance that reduces shareholder value ; letters to the editor ; Internet activism ; and more .,liberal
3997,"The credit-driven component is the consequence of banks showering credit cards once again on consumers and the result of auto sales and lending , as auto companies desperately tried to keep sales momentum going with discounting and attracting financing deals for new car purchases .",neutral
3699,"In his analyses over the years , Lott includes costs and benefits in his arguments , to show that there are often unstated or ignored consequences of mandating , for example , trigger locks or restrictions on carrying weapons .",conservative
1611,"Perhaps as a result , most of the energy and anger on today 's right is with the Tea Parties , which tend to focus on libertarian concerns like spending and deficits .",liberal
1848,Any of our major industries yields similar examples of greedy bastards rigging both policy decisions and business decisions for their own ongoing benefit using some version of these techniques .,liberal
602,"The narrow-minded rationality of the capitalist market , with its short-term calculus of profit and loss , is intrinsically contradictory to the rationality of the living environment , which operates in terms of long , natural cycles . ''",liberal
2075,"There was a time when the United States had checks and balances in the government , regulations for corporate behavior coupled with the threat of punishment , little tolerance for ethically challenged public figures , discipline for children , and rewards for jobs well done .",conservative
2177,"A University of Washington survey found that 74 percent of Tea Party supporters agree with the following statement : `` While equal opportunity for blacks and minorities to succeed is important , it 's not really the government 's job to guarantee it .",conservative
2704,"These personal dimensions of busts are used to justify government intervention , whether creating a safety net or drawing up regulations aimed at smoothing out the cycle supposedly inherent in the free market .",conservative
1835,"The Coordinated Border Infrastructure Program of the Safe , Accountable , Flexible , Efficient Transportation Equity Act of 2005 -- A Legacy for Users ( SAFETEA-LU ) allows for the tolling of existing interstate highways , and even provides for U.S. .",liberal
1063,"It could have preserved and promoted key industries and supply networks by creating favorable credit policies , tax incentives , local content rules , and tariffs to punish currency manipulation from countries like China .",liberal
2171,"Again , tenthers will need to be wise about how they handle the political gamesmanship with the feds because they risk alienating the average voter if their tactics are too aggressive or confrontational .",conservative
1643,"Democrats found it especially maddening to hear a complaint last week from California Republican David Dreier , who , as outgoing chairman of the House Rules Committee , smothered countless Democratic bills and amendments in their cribs .",liberal
2980,"America is exceptional indeed , yet our cultural heritage , our unique habits of liberty that have made us such a successful society , are now being threatened by a combination of centralized bureaucracies , leftwing ideologies , destructive litigation , and an elite view that American Exceptionalism is no longer acceptable or even permissible .",conservative
3993,"Beset by criticism from both parties ( if enjoying some disturbingly positive remarks from Rudy Giuliani and the Wall Street Journal ) , Obama has held his ground , arguing that he represents `` change .",neutral
2926,"It is that they hate other things more : economic phenomena like profits , competition , and all the tensions and conflicts which threaten constantly to erupt from the marketplace .",conservative
4158,"The judge made this order despite finding that the child `` is generally likable and well liked , social and interactive with her peers , academically promising , and intellectually at or superior to grade level .",neutral
2612,"Less than two hours after the tragedy , CNN had already found a talking head to put on who claimed the tragedy was `` inevitable '' due to Arizona 's gun laws and because `` the Right in Arizona , and I 'm speaking very broadly , has been stoking the fires of a heated anger and rage successfully in this state .",conservative
1308,"Apollo 's analysts argue that three million new U.S. jobs could be created by building wind turbines , making buildings more energy efficient , and designing other kindred projects .",liberal
323,"By reducing taxes on income earned through investments and increasing the share of the burden shouldered by middle-class wage earners , today 's system perversely punishes those willing to work hard and businesses willing to create jobs in the United States , all while rewarding the movement of capital and jobs overseas .",liberal
2487,"If we intervene in the labor market and legislate wage rates we consider to be fair , but allow markets to determine how resources are allocated , not only will different kinds of labor be allocated inefficiently , the entire price structure of the economy will fail to reflect the opportunity costs of producing different goods and services leading to further inefficiencies .",conservative
346,"If the current balance of class forces can only be reversed through a revival of class struggle , then the key challenge facing union activists is how to transform their unions into fighting organizations .",liberal
4068,"They both rejected a common moral code for political life : Machiavelli because he believed good men can learn how not to be good ( and be rewarded for it ) , Weber because he placed moral judgment in the hands of the ruler rather than those of the community .",neutral
4227,"The main policy reason cited to justify the tax break for mortgages is the belief that it helps increase the homeownership rate , which in turn promotes social stability , responsibility , and wealth creation .",neutral
2277,"While it is true that older landfills are not as well designed as modern landfills and , therefore , carry a higher risk of causing a public health problem , curbside recycling will do nothing to address that issue .",conservative
1212,"In search of rent ( and profits ) from the monopolization of nature , people have sought to acquire and monopolize large tracts of land with exceptionally favorable characteristics , leading to the advancing frontiers of agriculture and other extraction activities and the consequent destruction of natural habitats .",liberal
3482,"In the opening chapter , Savage speaks of how Americans are angry and a revolution is brewing in the nation , as epitomized by the Tea Party .",conservative
3239,"Great Britain is not striking a blow on behalf of British liberty and independence , however ; the British government is concerned that the new protocol would interfere with its own homegrown regime of economic and financial controls , and British leaders show no interest in actually withdrawing from the European Union altogether .",conservative
345,"Brazil 's $ 240 billion Accelerated Development Plan emphasizes investments in the energy and transport sectors for Amazonia , but its proposed hydropower schemes in western Amazonia have been heavily criticized for ignoring environmental safeguards .",liberal
1632,"If you allow an economic system in which 1 percent of the people have more than half the wealth and the other 99 percent have to share the other half , then the 1 percent are not going to be so stupid as to not realize that one of the ways you secure yourself is to control the political system .",liberal
1710,"`` It attacks people who are suffering , it allows people who are rich to be unaccountable , it 's out of touch with the realities of changing demographics , and it 's terrifically unpopular .",liberal
900,And the allure of a plain-English plan that helps working people should be apparent to the leaders of a party that has been losing tax arguments for 25 years .,liberal
2352,"Just four days after the Supreme Court essentially struck down the City of Chicago 's draconian handgun ban as unconstitutional , the City Council unanimously approved a tough new gun-control regime that critics are vowing to fight but supporters are hoping will be upheld in court .",conservative
1966,Rights to education and other requirements for human development and security aim to advance equal opportunity and personal dignity and to promote a more creative and productive society .,liberal
3963,"These strategic lies benefit the collectivity , unlike selfish lies , which benefit a particular individual or group of individuals .",neutral
1948,"These countries ' restrictive laws against civilians owning guns , which make owning a gun for defensive purposes either difficult or nearly impossible , are credited with producing much lower rates of gun deaths in those countries than in America .",liberal
1144,"It used to be popular to argue that the European scientific revolution of the 17th century unleashed the rational curiosity of the educated classes , whose theories were then applied in the form of new technologies , which in turn allowed standards of living to rise .",liberal
3488,The argument for the benefit from these imports is the same as the argument for the benefit of importing manufactured goods : it allows us to buy these items at lower prices than if we relied on domestic production .,conservative
3928,"Whatever the political motivations , switching to U-5 would ratify the growing popular sense that the headline unemployment number teaches us less about how robustly the economy is generating jobs than about how many people have given up and left the work force .",neutral
1663,"So , too , today : Already , President Obama 's newly convened deficit commission looks to be blaming the nation 's fiscal woes not on tax cuts , wars , or bank bailouts , but on the burden of Social Security and Medicare .",liberal
1230,"Here we see the immense power of the legitimating myth : by discussing it as though the issue had something to do with the efficiency of markets or the freedom of consumer choice , the defense of a functionless pool of profits can be made to seem a legitimate political position .",liberal
3458,I will be happy to grant Chait 's point when I see `` actual liberals '' oppose racial and gender preferences and reject racially gerrymandered voting districts or defend universal standards of behavior instead of vilifying conservative social critics for `` blaming the victim .,conservative
2952,"While there certainly has been a shift in jobs overseas , the numbers are questionable , Moody points out , because much of the job loss is the result of technological change that makes a smaller number of workers vastly more productive .",conservative
1434,Michael Tomasky is surely right to argue that tactics and policies alone can not create a sustainable progressive majority .,liberal
1587,"`` We are underestimating the magnitude of warming because we are ignoring the extra carbon dioxide dumped into the atmosphere because of warming , '' said John Harte , UC Berkeley professor of energy and resources and of environmental science , policy , and management .",liberal
1949,"Full Text : IF YOU 'RE UNHAPPY WITH THE MESS GEORGE W. Bush has made of the federal corporate income tax , you 'll be less happy to learn that things are even worse in the states .",liberal
1568,But Molyneux suggests a plausible way to fight this battle : by arguing that the Republicans ' plan would cut taxes for the wealthy and reduce spending on popular government programs .,liberal
2435,"But lately that assumption has been challenged by conservative strategists who argue that the best way for the GOP to regain voters ' trust is to go back to the party 's conservative roots by standing up squarely for smaller government , less regulation of business , and traditional `` family values .",conservative
2213,"Abstract : Since intelligence is largely inherited , Herrnstein and Murray argued , social inequalities do n't reflect prejudice ; rather , they reveal meritocracy at work in the triumph of a `` cognitive elite .",conservative
1208,"Many Tea Partiers believe the country 's economic and political woes are a direct result of Washington abandoning the Constitution , which they believe calls for an extremely limited federal government that does not concern itself with matters like bank failures or health care reform .",liberal
716,"Since the rich are better able to bear risk , they reap the reward that society provides for compensating for the greater risk .16 As always , they seem to be the winners from the policies that they advocated and that imposed such high costs on others .",liberal
2772,"On September 29 , the Kansas City Star reported that longtime married couple Kay and Bob Curtis `` are a pistol-packing pair with a federal firearms license who make and sell their own ammo , train people how to drop a bad guy at 30 feet , and teach women how to fight .",conservative
2501,"Liberals do n't like the insurance excise tax , in no small part because unions do n't want it affecting older workers who won generous benefits in past collective bargaining agreements .",conservative
977,"However , this intense form of production for profit continues to exhaust the oceans and produce a concentration of waste that causes further problems for ecosystems , undermining their ability to regenerate at all levels .",liberal
2257,"According to the affidavit , Simmons taught that it is more important to tithe and make offerings than to pay bills , and that poverty is caused by stealing God 's money , which means failing to tithe and make offerings .",conservative
1148,Investing in public works helps to counteract poverty and inequality by creating good jobs that are not subject to competition from low-wage countries and by increasing productivity and mobility in the domestic economy .,liberal
3684,"In fact , some have argued that Medicare not only ca n't handle added benefits , but must essentially be destroyed in order to save it : Only some form of privatization , conservatives say , will prevent this foolhardy entitlement program from going bankrupt .",conservative
1816,"However , those concerned with there being too many people generally do not discuss the economic system that is so destructive to the environment and people or the critical moral and practical issue of the vast inequalities created by capitalism .",liberal
2762,"Destroy the banking monopoly , establish freedom in finance , and down will go interest on money through the beneficent influence of competition .",conservative
4225,Westerners inured to vicissitudes of life simply were not that bothered by Burr 's killing of Hamilton -- a hated Federalist no less .,neutral
2350,"The judiciary and the bureaucracies are staffed with intellectuals , as that term is used in this book , and thus tend to share the views and accept the agendas of modern liberalism .",conservative
3703,"But in the earlier phase of capitalist development it could legitimately be assumed that these wants coincided to a large extent with genuine human needs , and that the capitalist mode of satisfying them , all its inadequacy and cruelty notwithstanding , was a great improvement over preceding social organizations in which these needs remained so largely unattended to .",conservative
1330,"It 's bold political jujutsu to argue , in the midst of a recession , that not spending $ 1 trillion to overhaul the American healthcare system poses `` one of the greatest threats ... to the very foundation of our economy .",liberal
2205,We should let bank executives be paid well when they are successful -- but they should truly lose if they take risks that lead to taxpayer bailouts .,conservative
831,Every fuel that stores the energy we tap in order to power the modern world has the potential to escape our control and violently destroy lives and property .,liberal
996,"Having a 401k alternative ready in the wings makes it easier to convince workers to accept the dismantling of their defined benefit plan , which is clearly the plan of many state governors and countless municipal governments as well .",liberal
634,"Because the economy must remain in continual motion , Jevons disregarded sustainable sources of energy , such as water and wind , as unreliable , limited to a particular time and location .26 Coal offered capital a universal energy source to operate production , without disruption of business patterns .",liberal
2446,"Making climate data and climate model code available to independent researchers will lead to a deeper understanding of the scientific uncertainties surrounding man-made global warming , but this could render projections of future warming less clear , demonstrating that it is harder than previously believed to know what the best policies are to address the problem .",conservative
706,"They do n't think about the Court 's effect on the issues that most directly affect the majority of them on a daily basis-health and retirement security , workplace fairness and equal opportunity , consumer protection and product safety .",liberal
4223,"I want to tell their story also , because ultimately this book is about how we can fix the problem and the examples of hope given by those fighting and winning today .",neutral
679,"Alternatively , there would undoubtedly be a large number of ISPs who would not only want to avoid the administrative burden of being forced into the role of Internet cop , but who would also rightly regard the risks of providing Internet access as outweighing the benefits .",liberal
2258,"As our Founders understood , the best way to stay safe is by proudly professing our values and defending them with unwavering strength and conviction .",conservative
3291,The problem is even worse than that because in most jurisdictions juveniles who commit violent crimes are not even fingerprinted and their records as juveniles are not available to prosecutors or courts when they commit further crimes as adults .,conservative
2468,"We have assigned pluses to the yeas because Planned Parenthood is the nation 's largest abortion provider , and government should not subsidize the killing of innocent human life .",conservative
1425,"Romney , moreover , still clings to his support for embryonic stem-cell research , even though it involves the killing of unborn babies and has been shown to offer far less promise for medical research than does research using adult stem cells that are easily available , without taking life .",liberal
1450,"Although the term was not in use at the time of its creation , the word `` fascist '' perfectly describes the Federal Reserve System : the Fed is a cartel of private banking interests allied with the central government in a corrupt and mutually enriching entente against the public interest , backed by brute force .",liberal
2178,"Even before the congressionally approved `` bankster bailouts '' of 2008 , the Federal Reserve Bank of New York ( FRBNY ) -- owned by private banks and led at the time by tax dodger and current Treasury Secretary Timothy Geithner -- `` extended credit '' to three limited liability companies it created .",conservative
976,Individuals and families who go broke because of overwhelming medical bills are punished rather than supported by the Bankruptcy Abuse Prevention and Consumer Protection Act of 2005 .,liberal
505,"Rather than create jobs , according to the U.S. Senate Subcommittee on Permanent Investigations , the proceeds from the tax holiday were used by multinational corporations to pay more to their executives and stockholders while they cut more jobs in the United States .",liberal
1698,"The bill sparked international outrage , including threats to cut off financial aid to Uganda .",liberal
3177,"These causes stem from common technical , organizational , and managerial problems , many of which are directly related to economic decisions based on the primacy of private profit in the design , operation , and regulation of highly dangerous chemical factories .",conservative
1451,"To be sure , advocates of reform always hoped that regulation would inspire creativity and innovation , but they did n't rest their hopes on the private sector .",liberal
4075,"They enjoyed lower blood pressure and lower somatic and mental morbidity , as well as more favorable behavioral indicators , such as number of sick days and physician visits .",neutral
2372,"Judith Rich Harris , author of the The Nurture Assumption , pointed out , `` The problem with bilingual education is that these programs create peer groups of children who do not speak English well .",conservative
1722,"The course of American history demonstrates the difficulties , the struggles , and the great intellectual and moral resolve which were demanded to shape a society which faithfully embodied these noble principles .",liberal
3858,"But now , in a truly public society , they must listen to what we say , whether we 're using Twitter to complain about a product or Facebook to organize a protest .",neutral
2838,"Certainly one of the most striking examples of this harmful symbiosis between government insiders and the business elites is the collusion among the principal Wall Street bankers and the Wilson administration to create the Federal Reserve system , which gave the houses of Morgan and Rockefeller de facto control over our currency and credit and , virtually , our entire economy .",conservative
3347,"What I will argue is that even the most skeptical and liberal of my readers must agree that for his or her values to be maintained in society , we must provide our children with a grounding in the objective reality of moral truths .",conservative
3765,"As Ginsburg suggested , a woman who is determined to have an abortion might suffer more profound anguish at enduring a procedure that her doctor considers less safe , or she might suffer just as much anguish if she ends her pregnancy with another , more common abortion procedure -- one that Kennedy insists is her constitutional right . ''",neutral
966,"For all his stress on the difference partisanship can make , Bartels shows that U.S. government aid to lower-income and middle-class working Americans has been entirely inadequate to stem the tide of rising economic stress since the 1970s .",liberal
2977,"Changing society is n't a matter of breaking windows , it is a process of developing consciousness and vehicles of organization and movement , and of then applying these to win gains that benefit deserving constituencies and create conditions for still further victories , leading to permanent institutional change .",conservative
106,"She argued for the benefits of foot traffic made easier by small blocks , and noted that `` a well-used street is apt to be a safe street .",liberal
4157,"We hold these Truths to be self-evident , that all men are created equal , that they are endowed by their Creator with certain unalienable Rights , that among these are Life , Liberty and the pursuit of Happiness .",neutral
2251,"The , goal of the ATF 's `` Fast and Furious '' is obvious even to this gun owner and follower of the ATF : The goal of the ATF the only goal -- is to destroy every firearms dealer and gun owner in the United States and to destroy the Second Amendment to the Constitution .",conservative
1753,"Reed whitewashes the 45-year regime of hellish cruelty that has caused a large segment of the population to migrate , often at the risk of their lives .",liberal
1354,"Obama promises to `` make sure that every doctor 's office and hospital in this country is using cutting edge technology and electronic medical records so that we can cut red tape , prevent medical mistakes , and help save billions of dollars each year .",liberal
2558,"The best ones have addressed the economic opportunity and security of the working middle class , the working poor , and the needy alike-cementing a political alliance among everyone who is not independently wealthy .",conservative
370,"They can , if they have the strategic ability and foresight , purchase properties and `` land bank '' them for future use - or they can try to reclaim some as affordable , energy-retrofitted housing , creating good jobs to make it happen .",liberal
3886,"Teri came up with a creative idea to help both daughter and family : she designed a smiley-face drawing that people could download from her website or pick up at designated locations , and then color and use to write encouraging messages to MacKenzie .",neutral
3988,"With their uncompromising devotion to a perfect love , Shakespeare 's tragic lovers -- Romeo and Juliet in particular -- end up destroying themselves , while Shakespeare 's comic lovers learn to accept some form of compromise in their passion , settling for a less intense but more durable kind of romance , namely marriage .",neutral
1952,"On the contrary , the program continues to enjoy overwhelming public support , and since the late 1990s , its costs per beneficiary have grown more slowly than those of private insurers .",liberal
1745,"Though seemingly an innocent technical change from `` wage indexing '' to `` price indexing , '' the result would be a drastic cut in benefits over time-not just for those who chose to put some payroll-tax receipts into individual accounts but for all retirees who stayed with traditional Social Security .",liberal
3563,"To solve deep economic problems , successive governments of New Zealand set out to eliminate the deficit , lower unemployment , and increase investment by shrinking the public sector , reforming or eliminating expensive programs , privatizing government enterprises , and reforming a burdensome regulatory process that was weakening our economy .",conservative
740,"Yet when viewed in a broader historical context , his personal evolution seems quite consistent with trends in the development of the modern right and its strained relationship with science-a tension that has been on dramatic display throughout the Bush presidency , which has seen an unprecedented fight over the political abuse of science in government .",liberal
2049,"Time magazine called it `` The Pill that Changes Everything , '' The New York Times Magazine dubbed it a `` little white bombshell , '' and anti-abortion leaders said over and over that this drug was dangerous because it would make having an abortion `` as trivial as taking aspirin .",conservative
2373,Debasing currency is one of the oldest and most dishonest tricks used by monarchs and politicians to relieve themselves of the burden of heavy debts without inflicting ruinous taxes on their subjects and citizens .,conservative
1037,"Abstract : An ideal system would pay based on value , the degree of improvement , relief , and safety ( medical errors and incorrect procedures take almost 200,000 lives each year ) each service or procedure offered to patients .",liberal
3587,"There is nothing inherently conservative about observing these persistent problems or advocating the obvious solutions : more equitable school funding , common standards across schools , external accountability for results , and more school choice to spur competition and give low-income parents the same educational options enjoyed by the rich-most of whose children attend better public schools , not private schools .",conservative
3882,"What dominated at the Modern in 1938 was Gropius 's vision of a school where individual expression was subsumed in the creation of a new visual order , what he called `` a new and powerful correlation of all the processes of creation .",neutral
3535,"`` The ` tea ' in Tea Party is often said to stand for ` taxed enough already ' and , while the Tea Partiers in each city tended to be social conservatives for a strong national defense , unquestionably their primary motivation was driven by a sincere concern over the size and scope of the national debt .",conservative
3740,His success depended on convincing skeptical swing voters that he was trustworthy and mainstream .,neutral
2274,"While the abuse of prescription drugs is growing faster than alcohol and drug abuse , illegal drugs remain by far the greatest threat to our society .",conservative
186,The U.S. Senate losses by Tea Party favorites Sharron Angle and Christine O'Donnell has led some pundits to conclude that the Tea Party is responsible for the U.S. Senate remaining in Democratic hands .,liberal
806,"The push for reform picked up momentum after 1962 , with the goal being laws that standardized the exceptions for therapeutic abortion -- because the mother 's life was in danger or because she was underage or a victim of rape or incest -- with committees of physicians as the judges .",liberal
1117,It was because an unregulated mortgage industry created opportunities for people to capitalize on the bundled Wall Street securitizations that caused a huge negative effect .,liberal
3393,"The strategy will be defeated , from the beginning , if firms must interrupt production and dismiss workers simply because the output they are producing can not be sold immediately at the Wal-Mart price .",conservative
251,"For the last decade , a federal judiciary dominated by conservatives has mostly served to stack the deck in favor of wealthy and privileged interests .",liberal
1282,"At the same time , Congress has given the IRS funding since 1995 to target one class of potential tax cheats , the working poor , who the agency claimed were costing it more than $ 6.5 billion a year due to fraud and mistakes on Earned Income Tax Credit paperwork .",liberal
1470,"Thus , the critical ingredient for the success of a regulatory regime , which is the potential for an alliance between the public groups that define the need for regulation and those parts of business that make it a success , is suddenly lacking . ''",liberal
3904,"But mergers like Morgan 's make Spitzer 's task more difficult , because they create multiple opportunities for conflicts of interest .",neutral
168,"The second unusual sight is one that should give medical-marijuana skeptics pause : scores of people with visible physical handicaps integrated seamlessly , without special comment , into a subculture that has recognized their pain and need for relief as being worthy of individual dignity and choice .",liberal
70,"And yet , to avoid raising taxes on the richest people ever born , the political elite are perfectly happy to throw these everyday heroes and heroines out of work , in massive numbers .",liberal
570,"Goldman Sachs made hundreds of millions showing the Greeks how to cheat , and now the pensions of the poor are being cut so Greeks can show that their house is in order .",liberal
2599,He had won office in 2003 on a promise to `` clean up the mess in Frankfort '' and to abolish `` the good-ol ' - boy system '' that had led Democratic governors to flout the state 's merit-based method for awarding government jobs .,conservative
2712,"This leads to the Unraveling , during which the High 's values come under greater assault , financial speculation increases , and boom and bust cycles become more violent .",conservative
2629,"`` I think the reaction from tea partiers has been , ` Orrin , we 've got decades of votes that contradict what you 're offering us , and , thus far , your votes are more compelling than your mailers .",conservative
1161,"The Republicans are not only heartless , they are also hypocritical , since the cause of all this misery was the market abandon that they promoted so messianically .",liberal
3207,"Instead , it depends on a hyperactive , benevolent government to stimulate the economy , initiate and control business activity , and distribute benefits and wealth to strive toward equality of outcome rather than of opportunity .",conservative
1482,The task force calculated that the revenues could keep the Social Security tax a little below its current lowered rate and still leave 10 percent of the money to pay for other programs to fight climate change .,liberal
3716,Bitchy putdowns and cutting sarcasm are increasingly setting the tempo of mainstream commentary -- a cultural milieu primed to make the ever more trivial faux pas ever more devastating .,conservative
2540,"If you can maintain control of undeveloped and impressionable youth and spoon-feed them misinformation , lies , and half-truths about dangerous , disordered , and extremely risky behaviors , then you can control the future and ensure that those behaviors are not only fully accepted , but celebrated .",conservative
1648,"After all , industrial food is cheap not only because of the efficiencies of scale and technologies , but also because the industrial system is so good at ignoring , or externalizing , costs such as ecological degradation or poor nutrition or underpaid labor .",liberal
2672,"No matter what the motive , love of ease , or a desire to save from suffering the unborn innocent , the woman is awfully guilty who commits the deed .",conservative
3783,"At any rate , Kauflin 's 1,500 offenders victimized 5,999 people , about four victims each .",neutral
3313,"Hazlitt and other champions of freedom and free markets understood that the enemies of freedom can be counted on to exploit every opportunity to spread their falsehoods , so they worked tirelessly to help the common man to understand and appreciate the virtues of free-market capitalism .",conservative
1119,"Second , when labor markets are slack , we create public-service jobs to keep people gainfully employed , drawing on the successful experience of transitional jobs programs that have sprung up around the country using public funds to create work for people struggling to get a foothold in the labor market .",liberal
5,The uncontrolled profit motive is destroying health and increasing medical costs dramatically as it poisons its customers with adulterated and unhealthy foods .,liberal
1794,"Torture also specifically violates the Eighth Amendment : `` Excessive bail shall not be required , nor excessive fines imposed , nor cruel and unusual punishments inflicted .",liberal
221,"And , perhaps most significantly of all , the pressures created by the GOP smear machine perfectly re-create the social dynamic of high school and college , where one can reap the rewards of being favored as the popular jock and cheerleader or relegated to the realm of the losers and nerds .",liberal
222,That 's why most other industrialized countries have been so attentive to creating systems that provide families with both good options for non-family child care and workplace flexibility so workers can care for their own children .,liberal
2242,"When McAleer asked a scientist at a press conference about Climategate , the recent scandal wherein the hacked e-mails of IPCC expert climatologists indicating that data had been manipulated to show warming were released , he was confronted by an armed UN security guard who threatened to have him kicked out .",conservative
3793,"An acquaintance named Richard Rich is acting suspiciously and members of the More household , and no doubt More himself , suspect he is spying on the Lord Chancellor and is prepared to betray him to his enemies -- a suspicion borne out all too well by later events .",neutral
2083,"In his 2007 book Comeback : Conservatism That Can Win Again , he advocated modernizing the GOP along the lines of David Cameron 's Tories in Great Britain -- by de-emphasizing social issues and focusing on good ( but still small ) government , climate change , income inequality , health care , and obesity .",conservative
3200,"More confirmation came last November , at the height of passengers ' fury over the TSA 's sexual assaults , when the agency 's iiber-fuhrer confessed that she lusts to irradiate and molest all travelers , not just those who take to the skies .",conservative
622,"It 's now a bipartisan policy to create courts out of thin air to convict terrorist suspects , which leads to the obvious and justifiable charge that these would be kangaroo courts .",liberal
2729,"Some business leaders argue that American employees are simply anti-union , a consequence of our culture 's strong individualistic ethic and opposition to unions as uninvited `` third parties '' between employers and their employees .",conservative
85,"Philosophers do not end in total skepticism , but only because they unknowingly smuggle in their favorite beliefs from the prejudices of custom , passing them off as the work of a pure , neutral reason .",liberal
3756,"Reinhard Heydrich , Hitler 's personal favorite , is assassinated on a street corner ( the first killer 's gun jams , but the second hurls a hand grenade ) , and hundreds have to die or suffer horribly in the furious retaliation .",neutral
2590,"The legislation will create a new set of incentives and costs , with results as unintended as the current health care system was unintended by those who invented Medicare , who linked insurance tax deductions to employment , who barred interstate competition among insurers , and who forced all insurance companies to offer certain kinds of coverage .",conservative
2247,"Should the Fed ignore this and simply carry on inflating the money supply , Mises warned , it runs the risk of hyperinflation , a severe , galloping inflation that destroys the currency unit .",conservative
4094,"And remember , despite all of the arguments continually recited by all of your Idiot Friends , we are still a free country .",neutral
2095,"Obama ran up his early lead in the pledged delegate count during the primaries chiefly because of his victories in state party caucuses , a system of selection that is seriously skewed against working people and older voters , and that , with its viva voce voting and arcane rules , is singularly vulnerable to blatant manipulation .",conservative
2936,"We have assigned pluses to the yeas not only because the government should not be subsidizing the killing of innocent human life , but also because there is no constitutional authority for the government to manage or finance the healthcare sector .",conservative
1750,"Even if the models had detected possible losses better , things still would have gotten ugly because the market obsessively reused , or leveraged , these loans in multiple ways .",liberal
2837,"We need to end the cartel-like character of the higher education industry , where private universities can keep consumers in the dark about their admission practices and educational product and still charge exorbitant prices without worrying that a competitor will emerge to challenge their market dominance with a cheaper and better product .",conservative
223,"First the Great Depression , which led many employers to reduce wages , gave new strength to the union movement as angry workers organized to fight pay cuts .",liberal
2804,"As reported in THE NEW AMERICAN , the FFA was written to exempt guns that were manufactured in-state for use in-state from federal gun-control laws because they are not within the parameters of `` interstate commerce , '' since the Interstate Commerce Clause is used as the rationale for empowering the federal government to control guns in states .",conservative
945,Nor does giving him money or goods in exchange for his useless labor create effective demand ; it only shifts it from the people who produced what was given him .,liberal
683,Joffe then turned President Reagan 's dictum about `` peace through strength '' on its head by arguing that `` a great power must carry great burdens or else it stops being one . '',liberal
421,"The other school objects to who pays , reminding us that the rich have used their political influence to kill the system 's progressivity , leaving ordinary taxpayers with too much of the bill .",liberal
529,"Curiously , some liberals now hold the failure of the reform effort in 1993-1994 against Sen. Clinton , arguing that in reaction to that debacle she has become all too flexible-too accommodating to the health-care industry and gun-shy about fighting for universal health care .",liberal
4016,The feedback mechanism is success or failure and profit or loss based on the choices made .,neutral
3814,"Where conviction kills , an amused and vivacious nihilism -- or , more cynical still , the affectation of nihilism -- will look attractive , no matter how self-serving .",neutral
3026,"Normally in support of `` freedom of choice '' for everything under the sun , reporters portrayed Benedict 's allowance of the old liturgy for those who want it ( and without imposing it on those who do not ) as an appalling step backward and proof positive of this pontiffs sinister and reactionary intentions .",conservative
1983,"Klein argues that Democrats would win more elections if they focused on gun control and global warming , favored issues of the latte set .",liberal
414,"The Death and Life of Great American Cities argues that at least one hundred homes per acre are necessary to support exciting stores and restaurants , but that two hundred homes per acre is a `` danger mark .",liberal
2982,"This made him the object of liberal hatred , in spite of his relatively liberal record , and conservative distrust , in spite of his conservative rhetoric .",conservative
83,We have assigned pluses to the `` nays '' because Social Security numbers were not intended to be used and should not be used as the basis for a national ID database .,liberal
4,"Psychological tactics are social control techniques that operate at the level of the mind , with the goal of creating fear and making it difficult for protesters to successfully mobilize .",liberal
2517,What is critical is for a portion of the funds to end up in direct support of local communities so they can have a reasonable quality of life without destroying the forest . '',conservative
677,"A pair of high-profile political assassinations and the launch of the Zapatista rebellion gave hints of a society in turmoil , despite the impression of a Mexican economy that seemed to hum along very nicely .",liberal
281,"But that does n't mean that Democrats wo n't have popular support as they rise to the defense of government programs like Social Security , Medicare , education spending , or domestic security . )",liberal
1872,"I mentioned earlier , I think certainly one of the major objections to this agreement is that it provides tens of billions of dollars to the wealthiest people in this country at a time when the rich are already doing phenomenally well and at a time when the wealthiest people have already experienced huge tax breaks .",liberal
3979,"And while he argues that torture should never be legal , the group takes no official stance on America 's war on terror or overseas engagements .",neutral
3219,Union shop proponents point out that the `` free rider '' option weakens labor unions because fewer people are likely to join a labor union and pay membership dues if they can opt out and still enjoy the benefits of membership .,conservative
2676,"Opinion polls , as well as reports from congressmen fresh from town hall meetings with constituents , indicate that voters overwhelmingly favor the House 's approach and are outraged with the Senate 's proposals to vastly increase legal immigration levels while also rewarding those who have flouted our laws .",conservative
3961,"No matter how committed or hard working the officers are , without a strong presence on the job , they will become frustrated at how hard they work and how little they achieve .",neutral
3459,"The Chinese are smart enough to make green tech if we want to buy it from them , but they are not so dumb as to think that such technology is better , on their own homefront , than good cheap coal .",conservative
3972,"None of these arguments made any impression on Obama , who threatened to veto the bill .",neutral
4048,"Just because he was not a card-carrying Communist Party member does n't mean he did n't have 100 percent progressive politics , which he brought into all his work , even when his conflation of folk song with protest song hurt the cause of folk music .",neutral
847,"Like all good conspiracy theories , both tales contain just enough truth to satisfy those predisposed to believe in them , without admitting any contradictions that might shake up those assumptions .",liberal
588,"Securing their `` autonomy '' in Northern Iraq is usually sold as one of the big successes of the invasion -- no security problems , economy beginning to thrive , a fine place for journalists who want to report `` good '' news .",liberal
109,"Bad behavior and poor skills have little negative economic impact on those born into wealth ; they stay rich regardless , just as most born into the lower and working classes remain there regardless of how hard , honestly , and skillfully they toil .",liberal
3414,"In reality , the national debt , when all the promises that the government has made to everyone -- China , Japan , the Social Security trust fund , Medicare , Medicaid , unemployment benefits , federal employee health and retirement benefits , healthcare and retirement benefits to veterans -- are added up , exceeds $ 200 trillion , nearly 14 times larger than the amount to which Washington is willing to admit .",conservative
1042,"As long as Republican politicians can attract voters with a mixture of social conservatism , middle-class entitlement spending , and a perpetual sense of danger from terrorism , they can afford to ignore the complaints of small-government libertarians like Bruce Bartlett , who have nowhere else to go except , perhaps , to the John Birch Society .",liberal
3235,"Worse yet , we will become a culture in which self-reliance becomes a vice and dependency a virtue ; a place where so many Americans are dependent upon government that our country comes to reject individual initiative , entrepreneurship , and opportunity that made us great .",conservative
3499,"Jacob Hornberger , president of The Future of Freedom Foundation , writes that `` public schooling has achieved success in one important area : the creation of a flock of good little citizens who believe that the paternalistic welfare state constitutes freedom and free enterprise .",conservative
615,"He writes sarcastically that he must have been absent from Sunday school the day the lesson included Jesus ' teachings about securing `` greater economic advantages for the affluent , '' depriving the poor `` of a living wage , '' and despoiling the environment by `` sacrificing it on the altar of free enterprise .",liberal
3603,"Indeed , any action which is not wrongful prior to and independent of government can generally be categorized as malum prohibitum , for only when organized government proscribes certain actions through positive law do these actions then become subject to punishment .",conservative
350,"Citing the Hawaii program as a model , Democratic Rep. Adam Schiff of California and Republican Rep. Ted Poe of Texas jointly introduced a bill that would create federal grants for states to experiment with `` graduated sanctions , '' which deliver quick , moderate punishment to those who violate the terms of their probation instead of automatically putting them back into jail .",liberal
949,"The message is not that all cultures are to be respected but that European culture , which created the dominance of white males , is uniquely evil .",liberal
2100,"The `` or in some other way '' phrasing seems wildly open ended and could possibly allow for a de facto global gun ban among those whom the political elite deem not to be serving `` national defense or law enforcement , '' which is simply code for whatever is in the political elite 's best interests .",conservative
1279,"In this way , it would have tried to overcome the collective-action problem inherent in all such situations : the fact that no one will rationally invest in rebuilding a destroyed neighborhood until they can be reasonably sure that their neighbors will do the same . ''",liberal
768,"So have many governments , either because , in the case of rich governments , their corporations benefit from the commodification of water or , in the case of poor governments , because they fear they would not be able to honor this commitment .",liberal
180,"While this idea runs through the sequel as well , there is another one that unites much of this book , though Levitt and Dubner never make it explicit : every age has problems that must be solved through human ingenuity and technological innovation , but these solutions create problems of their own that perpetuate the cycle .",liberal
2146,"Our culture and people , once known for their character and virtue , are statistically among the world leaders in murder , rape , violent crime , gambling , pornography , abortion , divorce , and unwed births .",conservative
878,"When you tell people thatyou intend to run and govern as a `` compassionate conservative , '' using a word that is the essence of all religious faith-compassion-and then show no compassion for anyone who disagrees with you and no patience with those who cry to you for help , you are doing something immoral .",liberal
2816,"Perhaps a fruitful subject for Napolitano 's next book could be the topic of abortion that , much like slavery , he personally opposes as an obvious violation of natural law : `` The Dred Scott case is widely considered to be one of the greatest disasters in Supreme Court history because it defined blacks as non-persons .",conservative
300,"The huge and growing Social Security retirement trust surplus enabled presidents from Clinton to Bush Jr. to borrow hundreds of billions every year , spent on wars , pentagon and tax cuts for the rich .",liberal
1728,"Although arguments along those lines are forcefully advanced by Catholic thinkers , xvi and in a shallow form constitute the stock-in-trade of the spokesmen of what might be called crude conservatism , they are not held in high esteem by most economists whose intellectual background is liberalism and rationalism .",liberal
1978,"So an effective response to the administration proposals also has to counter the implications of the language that supporters use to frame the program as the poor box of an aging parish-words like `` insolvency '' and `` unfunded liabilities , '' along with warnings that a `` tidal wave '' of baby boomers will make the program unsustainable .",liberal
2769,"The May 6 Racine County Journal-Times , reporting on a recent attack by four teenaged assailants on a 42-year-old victim , pointed out the unintended consequences of having too many gun-control laws on the books .",conservative
25,"The drying up and contamination of freshwater diminishes public wealth , creating investment opportunities for capital , while profits made from selling increasingly scarce water are recorded as contributions to income and riches .",liberal
3421,"Think about the incredible loss of personal freedom that comes when the government tells you , in effect , what size car to drive ( small ) , what kind of food not to eat ( meat from methane producing cows ) , or what temperature to run your heater during the winter ( the lower the better ) .",conservative
1121,"In 2004 , California grocery workers walked out for four months because their employers -- fearful that Wal-Mart , with its famously meager benefits , was coming into the area -- were threatening to offer lower health benefits .",liberal
1446,"`` But it is fundamentally based on a recognition that we can not defend the jobs or improve the wages , working conditions , and opportunities of workers in the U.S. as long as next door , a population of over 43 million workers makes $ 5 a day and that does n't change for 30 years .",liberal
1841,"A school construction and repair program , for example , can include the provision of solar heating panels and energy efficiency technologies and architecture as core elements , thus creating a market for solar and energy efficiency technologies .",liberal
2443,"And because they believe income inequality makes people unhappy ( miserable , actually ) through no fault of their own , it is a force of injustice in the world .",conservative
1554,"Dr. Ames , like many other experts in the field , has repeatedly pointed out that the EPA 's insistence on spending hundreds of billions of dollars on ridiculously small risks perversely misdirects vital economic resources that should be spent on far more serious threats to health and safety .",liberal
3583,"When the free fall began , Treasury Secretary Henry Paulson and Fed Chair Ben Bemanke argued that the problem with the economy was frozen credit .",conservative
3374,"U.S. citizens have prospered since we acknowledged our inalienable rights from God ( Divine Providence ) , where we are free to dream , free to act with only moral 10 Commandment-type restraints , free to own property , and , literally , free to mold our own destiny .",conservative
549,Clinton succeeded at both ends because he advanced an activist agenda that provided benefits to average families while confronting all of the arguments conservatives use against Democrats .,liberal
2214,"Instead , arts advocates responded like every other underachieving opportunist peddling its troubled assets to federal sugar daddies : They argued that our chamber music societies and tap dancing foundations are too economically significant to fail . ''",conservative
2055,"Homosexual males engage in substance abuse and suffer mood and anxiety disorders , and major depression , as well as considering and actually attempting suicide , at rates far greater than do heterosexual males .",conservative
3871,"The group can grow larger still if not only cheaters are punished , but also people who do not punish cheaters , and so forth .",neutral
1238,"It also provides community block grants to encourage better grocery stores to move into low-income areas and other programs that , if implemented , could make the job of being a low-income parent easier .",liberal
648,"We thank the Ford Foundation for supporting our work on good jobs and economic development , and The Atlantic Philanthropies for supporting our work on immigration .",liberal
2127,"Evil is as evil does and laws disarming guaranteed victims makes evil people very , very happy .",conservative
2291,"Changing masses of individual driving decisions in America will not transform our systems into the efficiency equivalent of theirs , and the attempt to do so by prices alone could put the economy in such a slowdown that the ordinary course of progress toward more efficient patterns of energy use might stop .",conservative
2586,"If someone 's breaking into your house after threatening to kill you , that 's getting pretty close .",conservative
690,"Charming and generous , adept at cultivating the powerful but with a fine eye for younger talent , Locke knew everyone , was a tireless organizer of educational programs , musical productions , publishing and lecture series , and awards dinners , while chairing countless editorial , foundation , and fellowship boards .",liberal
2745,The presumption of knowledge and multiple efforts to improve on market outcomes by the government has resulted in systemic damage to the economy and real pain for countless individuals caught up in the boom and bust of government intervention .,conservative
2701,"He wants to kill the relatively small advantages for those producing reliable energy , such as those tax write-offs that also apply to other manufacturers , so he can hand out additional subsidies to political cronies in the fields of wind and solar energy and largely unprofitable green businesses .",conservative
668,"But America tends to cut nations like China a great deal of slack , partly because we need their help geopolitically and partly because the current , business-dominated administration has no problems with U.S.-based firms moving cheap production to China .",liberal
2349,"Instead of telling them to take wholehearted advantage of opportunities that were rapidly opening , the new culture told the Have-Nots that they were victims of an unjust society and , if they were black , that they were entitled to restitution , including advancement on the basis of racial preference rather than mere personal striving and merit .",conservative
194,Ronald Reagan and the conservatives who have dominated public policy for almost 30 years have convinced Americans of the `` perversity argument '' that a government that helps people only hurts them by making them lazy and dependent .,liberal
4222,"`` More than 2.5 million voters have left the Democratic and Republican parties since the 2008 election , '' wrote USA Today 's Richard Wolf , `` while the number of independent voters continues to grow .",neutral
896,"Affordable housing frees up resources for food and health care , reduces stress and stress-related health problems , alleviates over-crowding , and allows access to neighborhood resources .",liberal
1118,"The first was already outlined in 1919 , developed in his 1929 The Law of Accumulation , and further elaborated in ( semi-published ) detail in 1941.3 Capitalist production , he pointed out following Marx , is at once a labor process creating use values with particular physical characteristics , and a process of self-expanding value creating new wealth through the exploitation of wage labor .",liberal
1926,"The EU is livid in Copenhagen 's aftermath , and with China and the U.S. agreeing only to token future goals , the director of BusinessEurope is threatening that European corporations will move operations to world regions with less emission regulation ( NYT , `` EU Blames Others for ` Great Failure ' on Climate , '' 12\/23\/09 ) .",liberal
2337,"This in turn puts pressure on the traditional welfare states of Western Europe to lower their own taxes , reduce protections , and cut wages lest they lose market share and jobs .",conservative
224,"Beset by criticism from both parties ( if enjoying some disturbingly positive remarks from Rudy Giuliani and the Wall Street Journal ) , Obama has held his ground , arguing that he represents `` change .",liberal
2545,"We are currently led by those who sincerely believe that free individuals , acting in concert as businesses or investors , can not be trusted to produce satisfactory social outcomes .",conservative
2864,"( Of course , Obama does n't explain that the 14,000 `` losing their health insurance '' are mainly victims of other government malfeasance that has cratered the economy , such as job losses caused by government-subsidized immigrant workers and U.S. regulatory compliance costs that in 2006 were 31.7 percent higher than those of our nine largest trading partners .",conservative
4194,"Besides providing the fictitious appearance of a genuine free market to attract Western capital and technology , the KGB-Mafia also provides an efficient means for dealing with political undesirables : when a foreign or domestic `` troublemaker '' needs to be liquidated , it can be done with the blame falling on unidentified criminal elements , rather than the State , or communist officials .",neutral
1269,"It implied that the expenditure of enough money would solve all educational problems , even though a generation of studies had already shown , beyond a reasonable doubt , that family background was the decisive variable in predicting students ' success or failure .",liberal
851,This has poisoned the atmosphere and seriously limits the ability of the 17 euro-area countries to make decisions that are collectively sensible but individually difficult .,liberal
704,"The only difficulty with this mythology is that , while we are constantly told that the world is increasingly being governed by competition and market forces , the real world of business and industry is moving rapidly away from such free competition , as concentration , domination , and control of most economic activities has become common place .",liberal
3609,"Meanwhile , the underfunded Democratic super PAC Priorities USA arguably played the largest role in the presidential contest by defining Romney -- in key battleground states like Ohio -- as an out-of-touch millionaire bent on annihilating the middle class .",conservative
1396,"Rather than create products that better serve consumers , these companies spend valuable resources trying to sway policy in ways that hurt their consumers and their competitors while boosting their own position in the marketplace .",liberal
1426,"There 's a danger , however , for the media-reform movement in aligning with such groups-a danger also faced by similar lobbies focused on procedural issues like those seeking expanded ballot access for minor parties , easier voter registration , and campaign-finance reform .",liberal
834,"PENNSYLVANIA MADE PRE-K A PRIORITY later than Illinois , but its march toward an exemplary early education system bears a lot of similarities : a strong advocacy community , engaged philanthropists , a broad coalition of support , bipartisan leadership , and a solid foundation to build on .",liberal
1899,"The true purpose of bipartisanship is to protect the interests of the Washington Party , the conglomeration of politicians , hustlers , and bureaucrats who benefit from the concentration of wealth and power in the federal city .",liberal
3343,"The stimulus served as a mere precursor to the major battle over Obama 's budget , which represents a once-in-a-generation chance for the Democratic Party to reshape the priorities of the federal government -- to reduce America 's unsustainable carbon emissions and reform its bloated , cruel health care system .",conservative
4184,"It is an app that allows shoppers to scan the bar code on any item in any store and transmit it to Amazon for purposes of comparison , and if it compares favorably to Amazon 's price , Amazon 's special promotion promises a discount on the same item .",neutral
3710,"Drawing on ideas from Christian theology and Greek philosophy , the Western world slowly developed a highly sophisticated system of property law and titling that , without intention , resulted in a system that protects property rights , reinforces our other rights , and encourages widespread wealth creation .",conservative
1386,"The fact that corporations are so vile that attacking them is warranted if it will do good , does n't mean they are so vile that attacking them is warranted if it will do harm .",liberal
2025,"Gore is getting rich from environmentalism , not just by being paid a whopping $ 175,000 per speech but by using political pressure to force government policy in a direction that benefits his business interests .",conservative
1735,"Many of the Republican Party leaders are also revealing their duplicity by raucously brandishing their `` Repeal ObamaCare '' slogans at Tea Party rallies and conservative gatherings , while gradually changing their positions from `` repeal '' to `` repeal and replace '' -- the message being , of course , that instead of staunchly opposing the Obama federalization , they will support a kinder , gentler version of the national program . ''",liberal
2571,"At the Washington demonstration in April , for instance , there were people holding signs attacking Frances Fox Piven and Richard Cloward , two 1960s-era Columbia University sociologists who , Beck claims , were the brains behind both the community group ACORN and Obama 's attempt to destroy capitalism by bankrupting the government through national health care reform .",conservative
3930,"Yet , because there was no perfect solution to the security situation , America ended up doing little , except for massively aiding the victims .",neutral
2489,"The New York Times columnist David Brooks boasts of being a `` progressive , national greatness '' conservative , an orientation that seems indistinguishable from a `` Great Society '' liberal ( even if Brooks is willing to criticize the harmful `` unintended consequences '' of LBJ 's welfare state ) .",conservative
839,THAT ARGUMENT is based on a very crude understanding of class and social movements and the way change comes in society .,liberal
1248,The use of the male monopoly over instruments of production to relegate women to lower productivity tasks is exemplified in his discussion ( based on the famous work of Maria Mies ) of crop production in rural Andhra Pradesh in India .,liberal
118,"Many of these younger-culture descendants still argue that the creation of humans marked the creation of all things , and even today they fight to insert such teachings into public schools .",liberal
1044,"Race and ethnicity are frequently subtexts and sometimes explicit factors in battles about public education , income security , health-care access , and even about how aggressively to respond to genocide .",liberal
3596,"Classical-liberal economists have long criticized such regulations , arguing they are a perfect example of the law of unintended consequences and of the disconnect between intentions and outcomes .",conservative
1742,THE FEDERAL RESERVE IS STILL STRUGGLING TO contain what is already the most severe credit contraction since the Great Depression .,liberal
3395,"Wall Street pundits used to argue that inflation hurt poor retirees , but that argument was also incorrect , since Social Security goes up with inflation52 and recipients are therefore protected .",conservative
3715,"House Republicans should elect him majority leader , Boehner wrote , because he believes that '' ( w ) e need to constantly earn the trust of our constituents : They need to feel that they can trust us to produce policies that will respond fairly to their needs , respect their values , and offer greater opportuni-ties for reaching their own dreams .",conservative
2933,"It 's true that by producing less , Saddam would have had lower costs , so let 's bias the analysis in favor of his getting a gain from cutting output by assuming that the cost of oil production for the last 1 mbd was $ 5 per barrel , a number that most observers would regard as being on the high side .",conservative
641,"Dutch consumers do n't have to worry about paying a lot of money for their health care , even if they are sick , in part because the insurance has very little cost-sharing-and in part because the government continues to play a strong role in setting prices , although it 's been gradually relaxing them .",liberal
2965,"While the Democrats railed against this tax break as a special Republican favor for `` Big Oil , '' a reduction in taxes on domestically produced oil makes exploration , drilling , and production of fuel from that domestic oil more attractive for producers , making an increase in production from domestic supplies more likely .",conservative
4084,"Indeed , one of the main things you can do with fast broadband connections is use them to get reliable phone , video , or videoconferencing services , thus giving the cable and telephone industries direct incentives to avoid rolling out new products that would compete with the ones they 're already selling .",neutral
795,"It is not a big step to argue that such centers of evil should be destroyed or undermined , as bin Laden does , or to believe that their destruction is somehow a consequence of their sin , as Jerry Falwell argued .",liberal
2506,"It was George Tiller 's misfortune to have a name that rhymed with `` killer '' while at the same time killing ba - ... that is , being an abortion provider .",conservative
3768,"Not only are the benefits of markets the unintended byproducts of people motivated primarily by self-interest , but they are widely dispersed over the public ( or no one in particular ) and generated by an indirect process of market coordination that obscures the connection between the benefits created and the actions that make them possible .",neutral
3279,Correction : It is shameful that the Vice President would claim that failure to pass the jobs bill would result in more rapes and killings . ),conservative
3759,"To work well , such weapons must be dispersed in low-altitude aerosol clouds , and that process destroys 90 percent of the micro-organisms .",neutral
4018,Intelligence sources agree that Asgari provided the key information that led to the NIE judgment on the suspension of Tehran 's nuclear weapons program in 2003 .,neutral
864,"What he sees -- much like the anti-monopolists -- is a whirlwind of what Schumpeter would call `` creative destruction , '' in which the social good was sacrificed for the economic benefit of the very few .",liberal
585,"So if we are serious about creating jobs , if we are serious about making sure our economy can be competitive in the global economy , we have to be watching what other countries are doing , and they are investing far more than we are .",liberal
2351,"The law was used in 2008 to convict the founders of the nation 's largest Islamic charity , the Holy Land Foundation for Relief and Development , for giving more than $ 12 million to Hamas . ''",conservative
4086,"Homeowners tend to treat their property better than renters do ( just as car owners treat their own cars better than cars they rent ) , therefore increasing the value of that property and the property of their neighbors .",neutral
3016,"If they stalk off in anger , the employer should have no difficulty in hiring replacements at the lower wage , for in the unsettled conditions of a depression it will be attractive to other workers .",conservative
2693,"If he produces nothing , if what he produces has no value ( mud pies ) , if what he produces loses its value ( stone knives in the Bronze Age ) , or if he produces more than can be consumed ( houses after a housing bubble has burst ) , he has no effective demand though his needs be unchanged .",conservative
117,"The problem is that private insurers have every opportunity to game the system : By skimming off the youngest , healthiest patients and leaving the rest for the government to cover , they drive down their own costs and make the public option look outrageously expensive by comparison .",liberal
2463,"It 's having parents who care and are doting on their children 's academics , the argument goes , that 's the reason Catholic and private-school students are succeeding better than government-run school students .",conservative
3612,"When the Fed gives new money to the banks and they buy Treasury Securities , they are basically earning free profits in the form of interest on those securities courtesy of American taxpayers , since the government will have to tax citizens to pay back the bonds plus the interest .",conservative
524,"The Supreme Court , in a five-to-four decision , found that the preference constituted discrimination and violated the equal protection component of the due process clause of the Constitution .32 The result was correct , and a welcome relief from the discrimination against white males practiced , egregiously , in the name of equality .",liberal
1552,"Regardless of whether you blame the corporations for gaming the system or the EPA for letting them , the Energy Star label is only the crudest guide to efficiency .",liberal
1290,Howard Dean ( D-Vt . ),liberal
290,"Instead of doing everything possible to attract and safeguard endangered species , landowners often manage their properties to avoid inhabitation -- and secretly kill the species if they do show up .",liberal
934,"After more than a generation of organizing economic relations for lower expectations , worker insecurity , and super-enrichment of the moneyed at the expense of everyone else , capitalism is failing to accomplish one of its historical tasks : organizing support for war .",liberal
1496,"That damnable fire is the world always threatening to encroach on the Port William of his novels : the `` total economy '' ; the interstate highways indifferent to place ; the constant wars inseparable from the modern Faustian bargain to conquer nature ( including human nature ) , to deny limits , and to make as much money as possible doing it .",liberal
3688,"According to its leaders , as well as its many advocates in the press , academe , and the United Nations , Hezbollah ( in Arabic , the Party of God -- sometimes spelled Hizbullah or Hizb ` Allah ) is not a terrorist group at all , but instead a social welfare , charitable organization , providing food , schooling , and medical care to the poor and downtrodden .",conservative
1645,"The letter argued that the standards would lead to `` long hours of instruction '' in literacy and math , inappropriate testing , and didactic instruction that would '' ( cut ) off children 's initiative , curiosity , and imagination , limiting their later engagement in school and the workplace , not to mention responsible citizenship .",liberal
2185,Studies conclusively prove that societal weapons-control laws do not result in correspondingly lower violent crime rates ; cultural values are the determining factor .,conservative
3827,"Some may protest that he is only playing himself , without appreciating how difficult that unique acting challenge can be .",neutral
3162,"And the only way to give working families the confidence they need to make the investment and spending choices on which their -- and our economy 's -- future depends is to rethink our nation 's social contract , to rebalance risks and rewards in American capitalism .",conservative
2458,But they can take at least some comfort in looking overseas-where one tiny country has managed to build a popular and successful universal health care program based entirely on private insurance .,conservative
3236,Almost every day my staff and I dealt with chronic problems of poverty and despair that were the result of economic dislocation that was only made worse by a liberal vision of how to return these areas to their former glory .,conservative
3423,"By June the New York Times was reporting that congressional Democrats , wary of voter anger over the passage of ObamaCare and other legislation , were avoiding town hall meetings in their districts , heeding `` the advice of party leaders ... to avoid unscripted question-and-answer sessions .",conservative
2479,The case for freeing markets is that such freedom best enables individuals to find ways to use their knowledge and skills to create value for others and thereby create wealth for themselves .,conservative
3396,The `` security '' agenda provides for three priority areas with these mandates : ( 1 ) secure North America from external threats ; ( 2 ) prevent and respond to threats within North America ; and ( 3 ) further streamline the secure movement of low-risk traffic across our shared borders .,conservative
1417,"Instead of talking about these chilling statistics , you hear truly heartbreaking stories of the difficult circumstances that some women confront : about the high school valedictorian who made a mistake that could ruin her life ; or about a pregnant rape victim ; or about the pregnancy that was a threat to a woman 's health .",liberal
2666,"He was speaking to a group hosted by the AARP , the massive interest group whose aggressive advocacy for new entitlement spending has been instrumental in creating the daunting unfunded spending liabilities faced by future taxpayers .",conservative
99,"Feminists have cooperated in creating the problem by establishing no-fault divorce , and , in their celebration of female autonomy , can hardly agree to make divorce difficult once more .",liberal
458,"If productivity falls with the adoption of more sustainable agroecosystems , then more land would be required to produce the same amount of food , thus resulting in further environmental degradation as ecologically important ecosystems are converted to cropland .",liberal
3468,"However , their ambivalence toward illegal immigration is not reflected among their self-appointed leaders , whose interest lies in simply boosting the number of warm brown bodies they can claim to represent .",conservative
3369,"Therefore , to get money for its spending programs , government inflicts privation on everyone , including low-wage workers , college students , the homeless , and so on , and it drains resources from vital activities like technological innovation , medical care , job creation , and so forth .",conservative
3370,"So it is that the President 's energy plan , sporting more than a bit of arrogance as an additive , is to try to force Americans to buy more costly and highly subsidized energy sources than fossil fuels , even while maintaining that this will lead to an economic boom .",conservative
712,"That 's not to say that there 's no room for profit within the American health-care system , but that it 's time the discussion stopped focusing on how to preserve the interests of moneyed stakeholders and started asking how to deliver the best care , for the lowest cost , at the highest quality-to every American .",liberal
2282,"Stocks , for example , are underpinned by future expected company earnings ; the value today of those future flows goes up when interest rates are lower-so any cut by the Fed is welcomed by stock-market investors .",conservative
3901,"She stated , under oath , that Letterman seriously abused her by causing her bankruptcy , mental cruelty , and sleep deprivation since 1994 .",neutral
3893,"Away from the field , he was cordial to fans , including those who somehow took pleasure in telling him how much they enjoyed screaming insults at him from the left-field stands .",neutral
1749,"First , Benkler argues , because it is intrinsically good to be able to use more of your capabilities-to create and share as well as make a living , or even to make a living partly by creating and sharing .",liberal
2223,"As for exempting bureaucracies , Murray bases much of his argument on the government 's supposed inefficiency ; the reason he provides no evidence -- say , higher administration costs or comparatively rapid spending growth -- is that his argument is wrong .",conservative
3634,"But `` securing '' echoes both `` Social Security '' and , more distantly , `` securities , '' and its ambiguity ( `` making safe '' versus `` bringing about '' ) evokes both the fear that the program is unsustainable in its present form and the hope that private investment accounts will fix the problem .",conservative
1337,"After many years of reluctance to engage the issue , many surprising people and groups ( including many conservative evangelical leaders and organizations ) are joining the fight against AIDS .",liberal
1580,"And in a March 2004 ABC News\/Washington Post poll , 67 percent overall thought that Bush cared more about protecting the interests of large business corporations , compared with 26 percent who thought that he cared more about protecting the interests of ordinary working people-almost exactly the result for the middling education category of `` some college .",liberal
2494,"That growth , argues sociologist Milmon F. Harrison in Righteous Riches : The Word of Faith Movement in Contemporary African American Religion , is attributable to Reaganite economic policies , the increasing divide between rich and poor , and the gap between the reality of people 's economic lives and the prosperity depicted on popular television shows and in movies .",conservative
2856,"Now , inasmuch as `` the right of the people to keep and bear Arms '' is operationally essential to '' ( a ) well regulated Militia , '' and '' ( a ) well regulated Militia '' is `` necessary to the security of a free State , '' then `` the right of the people to keep and bear Arms '' must be `` necessary to the security of a free State .",conservative
1097,"Though banks as creditors lose out in this respect , big banks more than make up for it by selling government securities at a premium and by pyramiding loans on top of security dealers ' deposits .",liberal
3116,"Many powerful political leaders in league with numerous special interest groups are constantly promoting amnesty , usually concealed behind deceptive terminology , as an important aspect of solving the illegal-immigration problem . ''",conservative
4236,"The existence of more detailed data , and a level playing field in enforcing data provision rules , would benefit business as well by improving the efficiency of trade , while also dampening smuggling of goods and narcotics .",neutral
594,"Certainly in view of everything else he writes in this book about democracy creating servile subjects , it is hard to contextualize his statements about how we have seen the `` triumph of personal freedom '' unequaled in human history .",liberal
2318,"In this case , the political left wants to use the opportunity to craft a `` compromise '' as a way to drive a stake through their bogeyman -- the private market -- trying to permanently kill the chances of even partial privatization of Social Security .",conservative
292,"Since being elected last fall , he has refused to gut Medicaid , instructed his administration to implement the health care law despite his opposition to it , defended embryonic stem-cell research against conservative attacks , and conspicuously avoided the scorched-earth rhetoric on unions that is popular with most of his Republican colleagues .",liberal
3763,"It is Carver 's hard-earned and vulnerable wisdom that we are hungry for , not the disdainful toughness that Mr. Fixit thrust into his gentle creations .",neutral
1815,"And because private - equity partners can receive those gains as `` carried interest '' ( taxed only at 15 percent ) , they benefit from special legal advantages in yet one more way .",liberal
1463,I urged him to use his influence to protest government-created residential segregation that concentrates the most disadvantaged children in schools without middleclass peers and where the accumulation of impediments to learning is overwhelming .,liberal
1005,"If you prime voters who have grown up in big cities with the word `` gun , '' you are likely to activate a network that includes `` handguns , '' `` murder , '' `` mugging , '' `` robbery , '' `` killing , '' `` crime , '' `` inner-city violence , '' `` machine guns , '' and `` criminals .",liberal
522,"And it 's precisely a concern for our future security that motivates the growing movement to confront climate change and begin the transition to a new energy economy , which would also have the happy effect of reducing our dependence on foreign oil .",liberal
2706,"But like other recent tax policy attempts to jump-start the housing market , it is likely that such changes would have unintended consequences and end up becoming different means of creating similar distortions in economic decision making .",conservative
1801,"With this system , now used for local elections in San Francisco , supporters of insurgent candidates can vote for their first choice without risking the unfortunate consequence of helping elect their last choice .",liberal
2135,"I am not ignoring the fight to keep the federal government within the bounds of the Constitution , or the need to force the Congress to operate under a balanced budget , or the need to pressure federal courts to protect the rights of traditional Americans .",conservative
1045,"Convinced that exploding health care costs were going to cripple the government and eventually the country , he used his perch to sound the alarm -- and used his agency to grease the wheels of change .",liberal
2716,"If the free market in food production can be supported , strengthened , and expanded , then any future food crises will be greatly reduced in impact , starvation will continue its downward trajectory , and human beings can be allowed to grow , thrive , and prosper through their own efforts in a climate of freedom .",conservative
2456,"In recent decades , an immensely powerful , but largely fictional , crisis has been created by the Left that threatens to cripple our American economic system , and radically alter our form of government and way of life far beyond anything we might have imagined in our ugliest nightmares -- the so-called environmental crisis .",conservative
727,"But these means are not enough to satisfy what is , in fact , an insatiable quest for more profits , so corporations are continually engaged in struggle with their competitors ( including frequently buying them out ) to increase market share and gross sales .",liberal
3260,"Nasar tips her hand , however , when she says of the Great Depression , `` In retrospect , modern scholars put the primary blame on mistakes by the Federal Reserve , the collapse in confidence and spending by consumers and businesses , and the wave of selling into falling markets by increasingly panicky investors .",conservative
3467,"That means the village elders who dominate the leadership and control the content of these institutions are hammering away at your children , your family , and the values of our society .",conservative
2362,"Calling fatherlessness a `` social evil '' and the `` engine driving our worst social problems , '' they promote father presence as a panacea for poverty , failure in school , emotional and behavioral problems among boys , premarital sex and pregnancy among girls , suicide , child abuse , and even social inequality .",conservative
4175,"The good news is that an appreciation of human psychology can make the holiday season not only less expensive , but less stressful and more fun as well .",neutral
4117,"`` It 's a petty , spiteful , stupid thing to do , but if that 's what they want to do , you know , go ahead .",neutral
1849,"It includes in one network of actions and reactions patterns of disease , relations of production and reproduction , demography , our depletion and wanton destruction of natural resources , changing land use and settlement , and planetary climate change .",liberal
4035,"In its first year of production , an explosion , apparently caused when aluminum dust was ignited , rocked the plant , killing four workers and injuring eighteen others .",neutral
176,"As a U.S. Senate candidate against Ted Kennedy in 1994 , and as a gubernatorial candidate in 2002 , Romney also supported gun bans ( `` assault weapons '' and `` Brady Bill '' ) and rejected Ronald Reagan as too conservative .",liberal
833,There 's plenty of blame to go around : Black and Latino activists did n't attack Iowa as undemocratic ; they attacked Iowa and New Hampshire as insufficiently black and Latino .,liberal
2207,"Reading the bill as an open-minded agnostic when it comes to climate change , I could not find the common sense in a policy that would inflict immediate , immense , and certain costs on a suffering economy in the hope of producing distant , infinitesimal , and highly uncertain changes in world temperatures .",conservative
4108,"Lawmakers reasoned that allowing corporations to jump into a campaign might give them unfair sway over successful office seekers ; even if it did not , it would create the impression that wealthy people and organizations can buy influence with the candidates they support .",neutral
451,"Recent figures show that the share of income claimed by the richest 1 percent is the highest share since 1928 , just before the U.S. economy exploded into the Great Depression marked by the drop in effective consumer demand by the majority of citizens .",liberal
427,"In truth , while conservatives rail against governmentrun health care , our limited versions of that - Medicaid and Medicare - have been exploited as boondoggles by the same drug companies that have , since 2000 , spent nearly $ 1 billion on federal and state lobbying drives as well as campaign donations given overwhelmingly to Republicans , according to the Center for Public Integrity .",liberal
1519,"What we got from Obama was a 2009 Stimulus Light proposal , with all the problems of the prior 2009 stimulus package in the form of inadequate magnitude of spending , wrong composition and targets , and bad timing .",liberal
1380,"Currency swaps exchange bonds issued in one currency for another currency , enabling both parties to seek lower interest rates ; interest-rate swaps pair variable-rate borrowers with borrowers on a fixed rate , as both parties try to manage their risk exposure .",liberal
856,"By dispro - portionally tackling production and distribution ( the supply side of the equation ) without equally tackling consumption ( the demand side of the equation ) , the price of the product is increased , thus providing a greater profit incentive for people to take the involved risks in trafficking and producing illicit drugs .",liberal
170,"Gingrich does not see a market solution to the energy crisis , but rather a federal government-led solution : `` Future presidents will surely find a way to vet their bold proposals with an appropriate subset of en-vironmental and economic gurus so our national leaders are better prepared to deliver workable and effective environmental policies .",liberal
1197,"I suggested earlier that such a result contradicts fundamental laws of economics , but of course I was thinking of business firms , which will cut back if they discover that they are adding costs without generating commensurate increases in profits .",liberal
3318,"Self-interested nation-states were channeling their ambitions and aggressions into economic competition , economic interconnectedness was rendering war obsolete , and it was generally believed that freedom was best served by the free market .",conservative
667,"She made a pathetic attempt to charm the family back in Pakistan -- on one humanitarian venture she managed to `` drop by '' their house , an act of ostentatiously casual informality which proves that the humiliating `` pop-in '' that the Seinfeld characters used to mock knows no boundaries of class .",liberal
809,"But I admired his take on good and evil and believe , to this day , that his faith in Jesus drove him to make this unforgettable film .",liberal
324,"If upscale voters are willing to endure tax hikes and assaults on private equity , this might give Obama more freedom to appeal to working-class voters -- by , for example , attacking outsourcing and stalling on gun control -- without risking a backlash among the educated suburbanites essential to his chances in Colorado and Virginia .",liberal
1987,"Occupiers live in tent camps to protest economic inequality and its impact on working people , students , the poor and the young , calling it a protest by the 99 % of the people who are exploited by a system that only benefits the top 1 % .",liberal
87,"Abstract : For years , feminists have been warning that , underneath all the attacks on women 's reproductive rights - the multiplying restrictions on abortion , the attempts to defund Planned Parenthood 's health services , the `` conscience clauses '' that let pharmacists choose which pills they 'll dispense - lies a determined opposition to contraception and to women 's independence generally .",liberal
3590,"He claims that since today 's Americans were simply handed the blessings of liberty , they do not understand the sacrifices involved in obtaining it or its value , leading them to give it away for perceived security .",conservative
208,"As crazy as it sounds , these folks want higher energy prices because they believe that will force Americans to drive less and businesses to slow down on production and transportation , which they think is a good thing , but which in fact will only cost us more jobs and put us at a greater economic disadvantage against China .",liberal
270,"For all practical purposes , it is advancing the idea that dictatorial control is more desirable than voluntary exchange between buyers and sellers , each of whom is free to accept or reject the other party 's offer .",liberal
3820,"There are stories of maids being burned with hot irons , scalded with boiling water , sexually abused by male employers and then physically abused by jealous wives .",neutral
3920,An elitist assumption is that people do n't change because they are either ignorant of their problems or ignorant of solutions .,neutral
1231,"In the Keynesian view , because fiat money created by and manipulated by the state is superior to gold ( `` that barbarous relic , '' Keynes called it ) , economic growth depends not on the accumulation of wealth via savings but on spending and consumption .",liberal
3564,The escape of Rex Rammell 's elk and the unsubstantiated fears the escape engendered among state officials created the perfect opportunity for the state to flex its muscles and assert its dominance over otherwise privately held property .,conservative
2507,"When we forget that openness is our strength , opportunity is our drawing power , and skepticism of government intervention is our bulwark against tyranny , those are precisely the moments the country becomes a little less free .",conservative
2702,"I won my primary because I had the support of the Tea Party , the support of the liberty movement , and the support of Ronald Reagan Republicans .",conservative
1854,"Understanding that monetarism can mean both the management of low inflation in good times , and the creation of inflation in bad times , has proven too difficult for most of the media .",liberal
2750,The `` starve the beast '' approach-the idea that slashing government revenue through perpetual tax cuts eventually creates a fiscal situation that leaves eliminating popular programs as the only responsible solution-is perhaps the best known of these indirect attacks on government .,conservative
986,"Even though homeownership rates for African Americans are lower , and even though a `` segregation tax '' is in play because homes appreciate far more slowly in minority or even integrated neighborhoods , housing wealth is still a more prominent engine of wealth for African American families .",liberal
2835,"Serious scientists , notably the German Liebig , had drawn attention to a really disturbing phenomenon , the increased exhaustion of the soil , the Raubbau , resulting from greedy capitalist methods of exploitation aimed at getting the highest profit in the shortest time .",conservative
630,"If large corporations had access to credit markets but smaller businesses were unable to pursue investment opportunities because they could not get bank credit , then we would expect to see large corporations expanding aggressively in order to gain market share at the expense of their credit-constrained smaller competitors .",liberal
4207,"There is a desperate need for civil discourse that respects honest differences in values and focuses on finding common ground for pragmatic , bipartisan problem solving based on sound knowledge .",neutral
3298,"Yet , the Treasury 's latest supposedly bold stroke is n't a solution , but a politically driven reaction -- just as were the policies that led to the creation and expansion of Fannie Mae and Freddie Mac .",conservative
3620,"With society so polarized , the party in power can dismiss any criticism as the selfish whining of the privileged and concentrate on the serious business of diverting state resources to its own followers .",conservative
2021,"As these are the leaders and organizers who wake up every day thinking about how to build power for those who are not wealthy or well connected , any progressive version of the Powell Memo has got to play with them or it does n't play .",liberal
2400,So intense and pervasive is the atmosphere of fear created by the progressive witch-hunt and its political orthodoxy that progressives themselves can not be assured of immunity from attack .,conservative
2197,"Nuclear energy is , in fact , less expensive and more environmentally benign than hydrocarbon energy , but it too has been the victim of the politics of fear and claimed disadvantages and dangers that are actually negligible .",conservative
842,"This is why the emergence of Occupy Wall Street , a cause to be celebrated among progressives and their leaders , proved such a vivid and useful experiment in their values applied , and the practical results of top-down collectivism .",liberal
2377,"Support groups and practical help for single moms , church groups similar to Alcoholics Anonymous , drug addiction counseling , a clothes closet and food pantry , genuine friendship , and Bible study and prayer groups all contribute to a culture of caring that causes many people to return and get the help that eventually gives them hope and helps them out of poverty .",conservative
3145,"Another spark helped to ignite the revolt was the dramatic protest by Mohamed Bouazizi , who publicly set himself on fire on December 17 because of frequent government confiscation of his produce in his street vendor 's business and the government 's refusal to issue him the required vendor permits .",conservative
4122,"If value is based on objective inputs like labor , then trade is always , at best , a zero-sum transaction , where someone wins because someone else has lost .",neutral
4283,"But as a careful economist , Eichengreen adds that measured as output per hour worked , Europe 's labor productivity is now almost 95 percent of U.S. levels , and Europeans , Eichengreen points out , have far more leisure time than their American counterparts , as well as lower rates of infant mortality , poverty , and violent crime . ''",neutral
3857,"Seventy-seven percent strongly agreed with the statement that `` an effective probation and parole system would use new technologies to monitor where offenders are and what they are doing , require them to pass drugtests .",neutral
2406,"The savings from better health and better quality care can be used to insure every American through a robust , competitive private market that leads to more choices at lower costs .",conservative
2098,"The thinking is that bad assets create uncertainty , which repels investors and makes it tough to raise money in the financial markets .",conservative
1525,"As the other articles in this special report have described , growing numbers of workers are not being paid the minimum wage or overtime , health and safety violations are on the rise in industries like residential construction , and employers are misclassifying their employees as independent contractors or outsourcing work to unscrupulous contractors .",liberal
563,"The effort is broadly persuasive , though weakened by the occasional glaring exceptions ( for example , the expansion of the American social safety net during the Great Depression ) and important caveats ( `` The relationship is not exact ... since economic growth or its absence is hardly the only influence affecting social and political development .",liberal
1612,"By the same logic , one can argue that allowing Social security to be privatized would create tensions in the conservative coalition and a backlash that might help Democrats politically .",liberal
3334,The story of Don Quixote actually helps explain why well-intended congressmen and senators would blindly destroy the freedoms that created the American success story .,conservative
483,"Sample survey question ( agree or disagree ) : `` We should take advantage of all low-carbon energy sources , including nuclear , hydro and renewable energy , to produce the electricity we need while limiting greenhouse gas emissions .",liberal
2149,Conservatives charged that affirmative action amounts to `` reverse racism '' ; discriminates against `` innocent whites '' ; stigmatizes its putative beneficiaries ; erodes the incentives that prompt individuals to put forth their best efforts ; lowers standards ; produces inefficiencies ; goes to those racial minorities who need it least ; and generates racial resentments . '',conservative
3580,"But the creation of that conventional wisdom helps explain the reason that progressive politicians , despite the extraordinary rise in income inequality over the past 30 years , are timid in proposing solutions . ''",conservative
239,"As Congress plumbs the causes of our current mess , the main one is hiding in plain sight : Reckless monetary policy that did so much to create the credit mania and then compounded the felony with a commodity bubble and run on the dollar whose damage is now becoming apparent . ''",liberal
2246,"If the bipartisan Gang of Six , spawn of Obama 's own BowlesSimpson commission , does reach agreement , it will only add pressure to alter Social Security , Medicare , and Medicaid for the worse - thus fatally blurring Obama 's bright line .",conservative
1904,"As the below cited data on the generation of waste in the nuclear production chain show , the U.S.-India nuclear deal is bound to result in huge quantities of extremely dangerous waste that can not be sold on the market , but needs to be put aside , at great risk to humans and to our natural environment .",liberal
1543,"It is no accident that strongly conservative views , views that militate against taxes on the rich , have spread even as the rich get richer : in addition to directly buying influence , money can be used to shape public perceptions .",liberal
4270,"`` While many scholars agree that about one million people were murdered during the Cultural Revolution ( 1966-1976 ) , '' wrote Kopel , `` the number of people who were starved to death by Mao 's communization of the economy from 1957 to 1960 ( ` the Great Leap Forward ' ) might be as low as one million , or as high as thirty million . ''",neutral
4064,"Even if the dangers are often overblown , this fear of unintended consequences is natural , though it regularly leads to wrong conclusions and bad policies .",neutral
3432,", one of the Democrats who now harshly attacks NCLB , `` is to make the public schools so awful , and starve them of money , just as he 's starving all the other social programs , so that people give up on the public schools .",conservative
312,Sometimes the signs ask drivers to honk if they agree that America should cut its defense budget or raise taxes on the rich or that climate change must be reversed .,liberal
1897,Republicans seem unaware that whining about uncertainty contradicts one of their fundamental economic principles : Entrepreneurs and businesspeople are risk-takers who should be rewarded for their daring .,liberal
657,Romney also supported a ban on assault weapons and was generally to McCain 's left on gun control .,liberal
2445,"People in my hometown , for example , were caught by the news media encouraging their children to provoke confrontations with the police in the hope of producing grounds for a lawsuit .",conservative
1253,"With these funds , states have been launching new strategies , creating innovative training and credentialing for infant - and toddler-care providers , expanding family child-care networks , and developing supports for `` family , friends and neighbor care '' - the type most often used by parents of very young children and by low-income families .",liberal
669,"Over that period , Congress systematically cut tax rates for the rich , allowed certain income to be excluded , and enabled the wealthy to funnel vast amounts of money through loopholes .",liberal
1099,"Although not as consistent a defender of aspects of the free market as his mentor von Mises ( or his contemporary Murray Rothbard ) , Hayek 's influential 1944 book The Road to Serfdom remains one of the most devastating attacks yet written on collectivism and its consequences .",liberal
320,What made the Keating Five notorious was not squeezing money out of an honest businessman by threatening to regulate him ; they became famous because they took campaign contributions from a crooked businessman and then used their official power to protect him from government regulators .,liberal
2028,Rumsfeld then went on to discuss how China 's lack of transparency with respect to its defense expenditures and activities raises doubts in the region about China 's intentions .,conservative
2652,"He was not pleased that , for example , the encyclical says more about wealth redistribution than wealth creation and spoke of its `` clotted and muddled '' language and `` confused sentimentality .",conservative
3230,"Their intent was to drum up support for reinstituting the Clinton-era assault weapons ban , a failed law that had resulted in more of the banned weapons being purchased than ever before .",conservative
3114,"Had an equally prominent conservative columnist written the same thing about a large group of Democrats , he would have been forced to resign , given how intense the attacks by Jewish defense organizations and liberal media would have been .",conservative
2497,"The Modern Liberal has no choice but to blindly support any policy meant to reward and compensate the failures for the injustices that simply must have befallen them , with the greater failures receiving more sympathy and compensation and the greatest of all failures deserving not only the greatest reward but the right to avenge their victimizers .",conservative
3762,"Recognizing that developers had created high-end gated communities with highly efficient use of space and materials , Goodemann thought of applying similar design elements to affordable housing when he helped launch the Southwest Minnesota Housing Partnership , a nonprofit community development agency , in 1992 .",neutral
1979,"After the 2008 collapse , the worst since the Great Depression , the rich , rather than having the modesty to temper their demands , this time have made the calculated bet that they are politically invulnerable -- Wall Street moguls angrily and successfully rejected executive-compensation limits even for banks that had been bailed out by taxpayer funds .",liberal
3209,"When ` musicians ' such as rappers get rich promoting misogyny , crime and disrespect , and ... when we effectively encourage moral decay with social policies that encourage rather than discourage strong nuclear families ; stories like this one are an inevitable result .",conservative
3987,"But where a panel is divided , the lawyers will seriously advise their clients on how strong or weak the case is , resulting in many frivolous cases being dropped to avoid the risk of having to pay all the costs for both parties .",neutral
3103,An Obama administration proposal to change the rules on charitable deductions would also erode the incentives for charitable giving .,conservative
1348,"Conservatives made the same complaint about the New Deal , insisting that Social Security and other government interventions would destroy American innovation and lead to socialism .",liberal
1090,"WE ARE IN DESPERATE NEED OF MUSLIM LEADERS WHO will galvanize and energize moderates to build communities that are inclusive , tolerant , and compassionate , with social values that are as progressive as Islam itself , and who would not let radicalism define our communities .",liberal
866,"From public education , to public infrastructure ( think how many fewer gazillionaires there would be had government not funded the research that created the Internet ) , to public safety , government creates the context that allows individual genius to thrive .",liberal
2595,"To be sure , the assault on speculators is not purely a `` partisan '' matter : both Barack Obama and John McCain have blamed these supposed evildoers for raising the costs of energy , although Democratic leaders are more practiced at this scolding .",conservative
2563,"To plan a whole economy , a planner would have to know the value of every product for every person in the economy at every time and place , since the value of things can change drastically depending on the situation .",conservative
1059,"`` The fundamental problem , '' says David Hamilton , director of the Sierra Club 's global warming program , `` is that 85 percent of the public believes global warming is a problem , but only 35 percent believes it is an urgent problem .",liberal
3494,"Instead of economic deprivation , the modern class wars are about envy : demanding something that someone else has , regardless of how they earned it .",conservative
3470,"By 2007 , financial companies accounted for more than 40 percent of American corporate profits and almost as great a percentage of pay , up from 10 percent during the Great Prosperity , the three decades after World War II when the middle class expanded and prosperity was widely shared . )",conservative
1115,"The Health Care Monopoly is a ripple effect of other monopolies but merits special notice because of the all-consuming growth of the medical sector and because health care and insurance so profoundly shape decisions about jobs , money , and financial planning .",liberal
1412,"The Ford Foundation is not alone in funding this revolution ; the Rockefeller Foundation , the Carnegie Endowment , the Rosenberg Foundation , George Soros , Bill Gates , and other philanthropic sources have joined in this effort .",liberal
379,"As well , scientists continue to make progress in inventorying and cataloguing the basin 's biological wealth , documenting the effects of deforestation on the biota , and giving planners and policymakers an ever more solid scientific basis for their actions .",liberal
4267,"The alert citizen should also keep his or her ears open for `` racist or extreme statements coupled with comments that are violent or appear to condone violence '' or `` suspicious comments regarding anti-U.S. radical theology , vague or cryptic warnings that suggest or endorse the use of violence in support of a cause .",neutral
1874,"Republicans need a positive , active agenda on health care , and racial healing , and the economic empowerment of the poor , and the fight against global disease , and the struggles of disadvantaged youth , and energy independence , and a humane bioethics .",liberal
2438,"The real value of Cool It , despite the author 's doctrinaire insistence that global warming is real , is in proving that warming , even if it happens , is not a threat .",conservative
2326,"But little of it was grassroots : except for members of organizations like the John Birch Society or Campaign for Liberty , most folks still know very little about REAL ID or PASS ID and care even less ; a few actually applaud a national ID because the government claims it fights terrorism .",conservative
3490,"Because Moore , like all of his ideological fellow travelers , fails to diagnose the real problem -- government interference in the free market -- he ends up in alignment with the very forces -- Big Government -- that gave us the Great Recession in the first place .",conservative
3613,"However , if you recognized this law as being unjust and contrary to natural law , and if you had the courage to defy the law and suffer the potential consequences , you would use a gun to match the assailant 's use of force and be more likely to successfully defend your family and property .",conservative
96,"It is not healthy , but for the greedy bastards it is profitable .",liberal
3691,"State legislatures worry that there is no indication as to how much the act will cost , who will pay for it , and whether or not it would actually make people safer from terrorist threats .",conservative
1126,"Progressive values in the culture wars benefit from a positive-feedback mechanism : Measures to include blacks , women , and now uncloseted gays and lesbians in the public sphere lead more people to interact with the formerly excluded group , building popular support for further measures .",liberal
4023,"Leuchtenburg 's verdict on the cause of the divorce seems the most balanced : Race played the dominant role in the critical period , but differences over taxes , spending , and the overall reach of government-sometimes intersecting with race , at other points operating independently-exacerbated the tension .",neutral
1272,"These changes , they argue , `` promise to dramatically reduce health care costs and improve the quality of care for Medicare enrollees and other Americans .",liberal
1072,"Then and now , the biggest hope for health care reform is `` reducing health care premiums and costs for the average family , '' while the goal of `` guaranteeing that no one will lose coverage if they move , get sick or lose their job '' is not far behind .",liberal
1331,"The stimulus served as a mere precursor to the major battle over Obama 's budget , which represents a once-in-a-generation chance for the Democratic Party to reshape the priorities of the federal government -- to reduce America 's unsustainable carbon emissions and reform its bloated , cruel health care system .",liberal
3903,"Of course , such a dollar absolutely kills the export and manufacturing industries , but it makes consumers and the government feel very good , so the government does n't want to do anything that might interrupt the flow of that foreign capital .",neutral
787,"Alyssa Katz reports on the new landscape of housing in New York , with empty high-end condominiums and failed privatizations of huge rental complexes creating both problems and opportunities for affordable housing .",liberal
3389,"Decades ago , there may have been an argument for GSEs to guarantee the credit risk of prime mortgage loans in order to overcome the geographic barriers to mortgage funding , barriers that were themselves largely created by government regulation .",conservative
357,"Gregg Imus , the Tea Party favorite , is a social conservative who is far more skeptical of attacks on civil liberties than his Republican rival . ''",liberal
3448,"As Sowell proves without a doubt that America is toeing the line of tyranny and economic collapse , readers may feel discouraged , but they may take comfort in the words of Thomas Sowell : `` The trajectory of our course leads to a fate that would fully justify despair .",conservative
1314,"The alternative was to increase the rewards to work -- with a more generous Earned Income Tax Credit for low-wage workers with children , plus subsidies for child care and health expenses .",liberal
383,But the division that matters most is between those who deploy or reap massive profits from aggressive force and those who are the victims of that force .,liberal
2741,"Yet despite that campaign assertion and the fact that Congress has no constitutional authority to arbitrarily forbid certain types of guns , McCain actively supported bans on so-called `` assault weapons '' and `` Saturday night specials , '' two classes of guns demonized by anti-gun activists for their affordability , magazine capacity , and other irrelevant characteristics such as having military-style `` looks .",conservative
1880,"We rely on these laws daily : on Social Security , Medicare , Medicaid , unemployment compensation , motor vehicle safety laws , consumer product protections , drug and drinking safety standards , and air pollution controls , but also on the right of worker collective bargaining laws , civil rights laws , and worker safety regulations in mines , factories , and foundries .",liberal
103,"By this standard , it 's fair to conclude that President Bush over the last three years has failed to cope effectively with America 's core economic problem : 2 million lost jobs and the severing of the usual link between gross domestic product growth and job growth .",liberal
3852,"`` It does n't bother me , because I 'm not doing anything wrong '' is a common reply to warnings of danger .",neutral
2764,"While there certainly may be a number of factors contributing to America 's success and great wealth , one tradition and idea secured by the Constitution towers above the rest : freedom .",conservative
2994,"Although the environmentalists lose the argument on the economics of curbside recycling , their support for such recycling programs relies on a host of other arguments that initially appear to be at least somewhat convincing .",conservative
1190,"Normally in support of `` freedom of choice '' for everything under the sun , reporters portrayed Benedict 's allowance of the old liturgy for those who want it ( and without imposing it on those who do not ) as an appalling step backward and proof positive of this pontiffs sinister and reactionary intentions .",liberal
4005,"That legislation laid out a strategy for reforming Medicare over the next decade : It financed research and experiments to test methods for improving quality and controlling costs , set targets for reduced growth in spending , and created a new mechanism - the Independent Payment Advisory Board ( IPAB ) for making politically difficult decisions to reach those targets .",neutral
1644,"Only when we make meaningful investments in schools - not prisons - will our nation reap the benefits through increased earnings for families , reduced unemployment , increased tax revenues from more vibrant local economies , reduced reliance on public assistance , increased civic engagement , and improved public-safety outcomes for neighborhoods at risk of violence and victimization .",liberal
2858,"It will throw off decades of abuse and restore a nation under a written Constitution faithfully upheld as our Supreme Law under God , and put us again on a path of faith and family , freedom and opportunity , strength and security .",conservative
2921,"The belief that the government can solve basic economic and societal problems has given rise to programs like socialized medicine , Social Security , reparations , and welfare -- all promising to free us from the vicissitudes of life in exchange for our freedom .",conservative
1481,The strength of the popular demand for self-determination and social justice combined with the monopolistic structure of the Cuban plantation economy and the direct and inevitable confrontation with U.S. imperialism made a socialist solution the only viable way forward from early 1960 onwards if the revolution were not to collapse through division and incoherence .,liberal
1157,"More generally , a variety of tax provisions ( like special treatment of retirement accounts ) are designed to encourage individuals to save more ; whether they actually lead to more savings is questionable , but because they are of much greater benefit to upper-income individuals , they do help enrich the rich who do save .",liberal
1377,Nixon-era price controls exacerbated the problem and fuel shortages across the country led to economic turmoil and job loss .,liberal
140,Cheney built a real war over imaginary weapons of mass destruction in Iraq .,liberal
3645,"Of course , the CBO estimate is based on the dubious assumption that the `` renewable '' energies required by the bill will actually replace conventional energy sources and not merely add to our energy costs -- as has been true so far .",conservative
3056,"Bacon examines a created controversy and pitches the story from the perspective of hope and racial harmony because he parts from the real kernel of undeniable truth-that black and brown workers comprise the same social class , and in this particular setting in the state of Mississippi , they inhabit the poorest state of the union .",conservative
2390,"Unfortunately , not all supposedly alternative sources of energy have the intended effects , and some may have , on balance , perverse effects obscured by government green policies .",conservative
3048,"Why survival of the fittest should be assigned the blame above and beyond so many other far more noxious notions and doctrines is beyond me , save as a way of passing the blame onto intellectual enemies .",conservative
3217,"The slanders and lies political elites have directed toward the Tea Party not only have had little effect , but simply make it more attractive to countless Americans fed up with the condescending attitudes of those elites .",conservative
3992,"They could do that by `` showing not a moment 's dismay on Nov. 4 '' and resolving to `` emerge smiling , confident in the knowledge that we weakened those ( adversarial ) walls , that they will never again stand so firmly against us .",neutral
982,"Even under Reagan , the earned income tax credit emerged as a broadly acceptable intervention on behalf of low-wage workers ( its initial purpose being to offset the impact of Social Security payroll taxes ) .",liberal
4293,"As a social being , he seeks to gain the recognition and affection of his fellow human beings , to share in their pleasures , to comfort them in their sorrows , and to improve their conditions of life .",neutral
2911,"Now , for folks who believe strongly that a Christian education benefits their children and are willing to pay for that education at whatever level from elementary school to university , that is fine and part of the wonderful freedoms we enjoy in this country .",conservative
3278,"In Virginia , members of the Richmond Tea Party watched as Occupy protesters were allowed , gratis , to protest in the same park that they had been required by the city to pay to gather in , to the tune of $ 8,500 .",conservative
3983,"Without diminishing in any way the numerous instances of kindness and generosity by which they have been blessed , Steve and Melissa told WEAU this small , unique gift was the act that turned their story from sad to happy , and from `` devastation into disbelief .",neutral
1542,"The logic is hard to dispute : the greenhouse effect is a real effect , the burning of fossil fuels leads to increasing concentrations of CO2 , producing an enhanced greenhouse effect .",liberal
2183,"Abstract : The costs of our collective oil addiction are hardly news to working Americans who have been paying more at the pump , nor to security experts who chart the vulnerabilities of oil tankers , pipelines , power plants , and refineries to disruption by terrorist attack , and the excessive influence of oil on America 's geopolitical goals .",conservative
3954,"If voters take the promise that `` nothing will change '' too seriously , there is further risk of a backlash , because things will change .",neutral
1087,He argues that worker and community-organizing campaigns should target the public and private banks that control an increasing share of the economy as well as corporations like Wal-Mart rather than the multitudes of small firms that make up its supply chain .,liberal
1893,"In conditions in which both male and female workers have been forced by adverse conditions in the labor market to accept adverse low-paid and insecure work contracts , as occurred not only in post-crisis East Asia but in other countries of the region , there has been less overt preference for young women workers than was previously observed .",liberal
2253,"GEORGE W. BUSH HAS MADE TAX CUTS THE touchstone of his presidency , supporting new ones each year , with the economy in growth and in recession , with record budget surpluses and record deficits , in peace and in war .",conservative
2024,"However , they are more comfortable with public funding for preschool programs : A recent national poll by Greenberg Quinlan Rosner Research found that 82 percent of respondents believe it is very or somewhat important for a presidential candidate to `` favor expanding and improving voluntary pre-K and Head Start programs so that all children arrive at school ready to learn .",liberal
4059,"The contradictions in current global drug policy mean the same drug that generates income for farmers and workers and profits for the pharmaceutical industry in rich countries , criminalizes poor people in Afghanistan who cultivate poppy for an illegal market in order to survive .",neutral
2561,"He nagged Conda , now Marco Rubio 's chief of staff and a Ryan admirer , so often with questions about supply-side economics that Conda lent him two books to keep him busy-Jude Wanniski 's The Way the World Works and George Gilder 's Wealth and Poverty , both foundational tracts for trickle-down Reaganomics .",conservative
2147,The government takes six per cent of most payrolls in Social Security Taxes and thus compels millions of individuals to postpone until later years the enjoyment of wealth they might otherwise enjoy today .,conservative
1633,"After his return to Congress , he went even further , championing a patients ' bill of rights despised by the HMO industry and the Bush administration ; pushing through a sweeping campaign finance reform bill that Bush signed unwillingly ; enraging the NRA by pushing legislation to close the `` gun show loophole '' ; and sounding the alarm over global warming .",liberal
2609,"Educate your family , neighbors , friends , coworkers , and hunting buddies about how dangerous such control is to the American Dream of individual pursuit of happiness .",conservative
2475,"As previously noted , those who argue that China is the main cause of current problems promote the following policy answers : force China to revalue its currency , open its markets to U.S. exports , and play by the rules of competitive capitalism .",conservative
1131,"Elsewhere , U.S.A. fails to analyze the sources of personal insecurity and family instability among the less educated , who have borne the true brunt of the growing `` risk society , '' and it never addresses the policies that might soften inequality ( greater public investments in education , especially higher education , would make sense here ) .",liberal
995,"`` A really convenient book : anyone concerned about the environment and seeking the best solutions for how to protect it will find The Really Inconvenient Truths , by Iain Murray , to be a valuable , fact-filled resource that is both informative and entertaining .",liberal
1171,"House Energy and Commerce Chairman Joe Barton offered the most Orwellian defense of the package , arguing that `` this bill is based on the premise that we believe in private free-market capitalism to develop the resources of this land in a cost-efficient fashion .",liberal
1007,"The dual relationship with women , as objects to be used in selling goods and as a huge potential market for goods , creates a peculiar process whereby women are encouraged and persuaded to participate actively in their own objectification .",liberal
4111,"Nightly newscasts reported `` no known motive '' and focused on the gunman 's anger , sense of isolation , and preoccupation with violent revenge .",neutral
565,"What Obama wrote speaks volumes about his political philosophy and independent streak : '' ... to the degree that we brook no dissent within the Democratic Party , and demand fealty to the one , ` true ' progressive vision for the country , we risk the very thoughtfulness and openness to new ideas that are required to move this country forward .",liberal
1071,Authors Gannon and Lawson argue that it is not sufficient to merely tax the industry for the harms it creates ; the industry should also be made to express its penance by devoting a significant percent of its productive hours and efforts to persuading the public to believe the opposite of what the advertising intends .,liberal
3379,"William Kristol , editor of the Weekly Standard , argued simultaneously in 2005 that more tax cuts were needed because the economy was slowing and because the last round of tax cuts succeeded in boosting the economy .",conservative
348,"The failure of the U.S. Treasury Department and Securities and Exchange Commission to monitor , let alone regulate , Wall Street has created today 's financial wreckage and the resulting consumer panic .",liberal
1748,Freedom fighters must be equipped with freedom solutions for the major problems facing America .,liberal
3036,"The young adults responsible for our killings missed the influence of McGuffey Readers , which taught lessons in morals as well as reading .",conservative
1263,"For instance , if we embarked on an Apolloscale program using public investment to create a new high-tech renewable energy industry that would produce exports as well as good domestic jobs , this strategy could well be challenged as illegal under the World Trade Organization .",liberal
2145,"Recognizing their role as gateways to higher education and their promise of being able to provide students with a foundation for continuing postsecondary success , community colleges can play an integral role in breaking through this plateau , assuming that there will be a reward at the end of the educational tunnel .",conservative
1951,That reform would cut so much waste and profiteering that it would allow the United States to gradually cut health-care costs from their current level of nearly 15 percent of the gross domestic product to something closer to the European average of 9 percent .,liberal
1288,"The year 2005 saw the driest conditions in 40 years , with wildfires raging unabated , and 2006 is looking worse , raising alarms that environmental synergism is already in play as changes become self-sustaining and reinforce one another .",liberal
2233,"I believe Soros and hundreds of other hedge fund traders , most of them MFA members , manipulated the system using , primarily , changes in two rules that enabled them to raid the financial markets , generating huge profits for themselves , causing the financial crash of 2008 , and enabling Barack Obama to be elected .",conservative
1295,"As the current , ever-deepening ecological catastrophe should tell us , humanity is running out of time when it comes to carrying the rich and failing to seriously confront its dominant institutions and ideologies .",liberal
2148,"They are taught the alleged dangers of secondhand tobacco smoke , how to use condoms , how to avoid using plastic bags , and how to slow global warming .",conservative
220,"In doing so , he not only gave the GOP his vote but , more importantly , his support for the tax cut effectively handed the White House the staff and other committee resources under his control .",liberal
805,"Corporate management , although lacking state regulation , was aware of the problems , but instead of increasing investment to make the plant safe , continued to cut costs and minimize investment , reducing worker numbers while increasingly employing unskilled workers .",liberal
1305,"Deregulating finance , expanding private and consumer debt , and shipping manufacturing jobs to low-wage areas become the favored policies .31 Dollarocracy has been obsessed with changing the terms of the political discussion about the economy and how best to encourage economic growth , and to a large extent it has succeeded .",liberal
860,"The earlier provision had made better-off retirees subject to income tax on up to half of their Social Security benefits , with the resulting savings accruing to the Social Security Trust Fund .",liberal
3307,"Both wanted to disabuse the youth of their `` prejudices '' in the name of openness : the psychology professor in the name of nihilisitic openness , and Bloom for the encouragement of philosophical inquiry , open to the possibility of Truth as well as the possibility of nihilism .",conservative
336,"But cellulosic ethanol , though quite promising , is not yet commercial , while Brazilian ethanol is , well , Brazilian : It 's effectively barred from our market by a 54 cents per gallon tariff , which U.S. lawmakers defend on the grounds of energy independence , but which coincidently leaves corn ethanol , with its massive federal subsidy , as pretty much the only game in town .",liberal
3216,"No doubt there are some noble and righteous powerless people , but some of the most disgusting , vile , and dangerous people reside in the ranks of the powerless as well .",conservative
1754,"President Barack Obama , who needs to win many Midwestern states if he 's to be re-elected , would do well to follow Brown 's lead and align himself more clearly with the cause of worker rightsparticularly because his economic policies do n't look to hold much promise for the Midwest 's economic prospects .",liberal
3545,"This is just more alarmist , Goebbels-type scare tactics from stormtrooping leftists who hate America and want to destroy our economy and way of life .",conservative
47,"When the Republican Senate leadership unveiled rules changes to make it effectively impossible for Democrats to block extremist judicial nominees with a filibuster , the Democratic leadership threatened to use parliamentary tactics to shut the place down .",liberal
1469,"But the Kofi Annan announcement Williamsen quoted contained a `` killer sentence '' that most TNA readers would have trounced upon , which Williamsen overlooked : `` Our energy , our emphasis , and our anger is directed against illegal weapons , not legal ones .",liberal
3366,"Strong families are grounded in a code of conduct , morality , values , and , much more often than not , a shared faith , plus judicious use of the age-old sanctions of shame and stigma .",conservative
3971,"It 's great that , instead of getting bored or into trouble , personnel at Bagram can use their spare time to work on college credits and then reward themselves with an Earthquake Blizzard .",neutral
2851,"It rewards failure ( successful companies do not get bailout money ) , encourages more bailouts , and results in more government control .",conservative
2559,"Bad farm policy and bad trade agreements are killing small towns , and small towns and small businesses are the heart of this nation . ''",conservative
3614,Alan Lewis 's classic study The Psychology of Taxation concluded that people do n't just pay taxes because they fear the government ; they do it because they consider the burden fairly shared and the monies legitimately spent . '',conservative
81,Liberals can appeal to Americans ' fear about falling behind in terms of education and nurture a culture that respects learning-that lashes back at attacks made on teachers or that characterizes thoughtfulness and reflection as indecisiveness ( a theme of the 2004 presidential campaign ) .,liberal
3306,"`` The grand hope was to create retail spaces that would enable people to make money and serve the creative class Florida talks about , '' Tonello says .",conservative
2627,"Another vital factor in a recovery is the devalorization of capital resulting from bankruptcies , the sale of failing businesses in the productive sector at large discounts , and state imposed rationalization of industries by shutting down less efficient operations .",conservative
1864,"When a financial crisis threatens , or begins , there seem to be only two options : bail out the financial capitalists in some way or suffer a more severe financial crisis , which in turn will cause an even more severe crisis in the economy as a whole , which will cause widespread misery and hardships .",liberal
3675,"Should the technology be developed , a terrorist cell could conceivably create billions of nanorobots designed to do anything from destroying infrastructure to exterminating populations -- though in practice such a feat would be exceedingly difficult , just as it is now extremely difficult for nonstate actors to build an atomic bomb .",conservative
1447,"Here 's a hint : The bonus outrage has distracted attention from the more important way that taxpayers underwrote the wealth of profligate bankers , which was to preserve the extensive equity holdings that senior personnel at these institutions had accumulated prior to the debacle of 2008 .",liberal
2742,"Following suit with its Himalayan claims , the IPCC exaggerated once again to include the entire Amazon in the WWF assertion and implied that the trees would be killed primarily by the reduction in rainfall , not by fires caused by dry conditions .",conservative
1103,"Ultimately , socialism will succeed or fail depending on whether the growing anger against the injustices and failures of the present system can be channeled into such struggles , and whether they can be linked together to create not just a call for change , but a challenge to the ruling order itself .",liberal
3107,We know what our Founders thought of tyranny and today their Tea Party descendants stand liberty minded and battle ready .,conservative
2060,"The French are an angry nation , envious , supercilious , and eager to show superiority over those who invented Coca-Cola and the Big Mac .",conservative
2160,"Keynes commends FDR for having destroyed agricultural stocks during the Great Depression , since sales from existing inventories do not stimulate active investment , but are actually a form of disinvestment .",conservative
2817,"In his homily at that event , Benedict spoke against abortion , affirming `` the truths which alone can guarantee respect for the inalienable dignity and rights of each man , woman and child in our world -- including the most defenseless of all human beings , the unborn child in the mother 's womb .",conservative
691,"By attempting to pin the blame for the attacks of September 11 on the American Civil Liberties Union , abortion-rights groups , pagans , gay men and lesbians , and federal judges , Falwell not only exposed himself for what he was ( hateful , divisive , mean-spirited ) , but he also exposed Christian fundamentalism for what it is ( hateful , divisive , mean-spirited ) .",liberal
1604,Many are drawn to the diversity rationale because it frames affirmative action not as special aid for designated groups but as a way of producing better services and products .,liberal
2467,"The joint statement on the SPP issued on March 23 , 2005 described it as an initiative to `` establish a common approach to security to protect North America from external threats , prevent and respond to threats within North America , and further streamline the security and efficient movement of legitimate , low-risk traffic across our shared borders .",conservative
179,"When we continue to spend tens of billions of dollars on weapons systems of dubious value but are unwilling to spend the money to protect highly vulnerable chemical plants in major urban centers , it becomes more difficult to get other countries to safeguard their nuclear power plants .",liberal
4095,"Their reputation as killers intimidated even the neighboring Jivaro tribe , a fierce band of headhunters whose children were required to recite a list of enemies each night as they went to sleep .",neutral
3643,"In her book , Paterson conceptualized capitalism as an enormous circuit connecting producers and consumers throughout the world , using real money and real profits to generate new efficiencies and larger amounts of energy .",conservative
1461,"One example is the Hazard Mitigation Grant program , which allows FEMA to help local authorities identify threatened areas , promote flood-control programs that include retrofitting levees , modify infrastructure to be more disaster-resilient , and , in the wake of a catastrophe , purchase properties affected by natural disasters to prevent future loss .",liberal
1145,"Cutting those subsidies was the right decision , but the private plans have had their revenge , telling their members - about one-fourth of all Medicare beneficiariesthat because of the new legislation , they 'll lose benefits . ''",liberal
2746,So the banks will make a killing by scooping up distressed assets at low prices then waiting for the government to inflate their value or buy them outright .,conservative
1259,"Abstract : ( ... ) both globalization and technological change have made education the dominant line of cleavage in contemporary society , with effects not just on economic opportunity but on many other aspects of life .",liberal
303,"But many of us , as citizens , are appalled at Wal-Mart 's low pay , its power to force suppliers to cut their own payrolls and outsource abroad , and its decimating effects on Main Streets .",liberal
665,"More important , he never understood that jobs and health care matter as much as ( and sometimes more than ) war and peace-or that his laissez-faire nostrums and hands-off economic management struck voters as cluelessness or , worse , indifference .",liberal
4156,Money to charity eases the problem ; money to justice destroys the problem .,neutral
528,"No : here , as everywhere , a governing class would rule , but the members of the class would be directly or indirectly elected by a fraction of the adult population for fixed terms of office and would thus be competing for popular favor ( albeit elite popular favor ) and therefore be answerable to public opinion ( or at least to elite public opinion ) .",liberal
581,"This has been the preferred solution of the right , which has argued for a move toward high-deductible care , in which individuals bear more financial risk and vulnerability .",liberal
523,"We created for the banks ( and other corporations , like AIG ) a much stronger safety net than we created for poor Americans .",liberal
557,"In it , economist Austan Goolsbee blasts Bush mainly for the size of the deficit , yet says next to nothing about its causes or uses ( tax cuts for the rich , increased war spending , reduced social outlay ) .",liberal
19,Johnston shows why lowincome people using the earned income tax credit are far more likely to be audited than rich people using baroque tax shelters .,liberal
2887,"Americans have shown that they are generous in supporting private and religious charities that much better serve the truly needy overseas , without the overhead costs , waste , and corruption endemic in government foreign-aid programs .",conservative
1703,"Their themes are familiar : Government is in the way and has no role to play in an economic recovery , taxes are always bad , tax cuts will spur growth , public programs are wasteful and unnecessary , private companies can do a better job , public workers are lazy and coddled , public spending is the root of our problems .",liberal
4137,"There was no security ; kidnappings were endemic ; rapes common ; theft and looting rife ; sectarian armies policed various areas ; society fractured into tribes and families and finally to individuals , alone , terrified , defenseless .",neutral
1488,By staffing it with people who believe the importance of family economic security - not just banking profits - we can allow the agency to develop the expertise to fix the broken consumercredit market and give families a fighting chance against the resources of Wall Street banks .,liberal
1010,"CAFTA would replace that process with a set of unenforceable commitments , weakening labor rights in order to establish free trade with a region whose goods overwhelmingly already enjoy free access to the American market .",liberal
757,"First , every time we have tried this trickle-down philosophy , we have indeed made the rich fabulously richer , but somehow or other , the poor have always ended up getting trickled on , figuratively speaking .",liberal
2792,"One by one , labor leaders began to buy Gerard 's argument that Apollo was labor 's best bet for ensuring that U.S. workers would become the beneficiaries , not the victims , of efforts to reduce greenhouse gas emissions .",conservative
1958,But the former could be starved of public funds and deprived of regulatory oversight ; and the latter could be neutered by a hostile treasury secretary and by weak or hostile presidential appointees to the Securities and Exchange Commission or the new Consumer Financial Protection Agency .,liberal
1025,Two decades of ever-more-punitive legislation have produced sentencing rules so bizarre and byzantine that the punishment for possessing images of sexually abused children can be more severe than the punishment for sexually abusing them .,liberal
1149,"Abstract : George W. Bush has made tax cuts the touchstone of his presidency , supporting new ones each year , with the economy in growth and in recession , with record budget surpluses and record deficits , in peace and in war .",liberal
3520,The terrorist watch list has been a joke in part because numerous agencies used different software and created incompatible systems for identifying suspects .,conservative
2587,"The second answer is that the market hates uncertainty , and the Federal Reserve 's policies , coupled with President Obama 's additional myriad proposals of spending , regulations , and taxes have created so much market uncertainty and anxiety that lenders are unwilling to lend .",conservative
4063,"The burgeoning market for home automation technology already features products and systems for computer control of many home functions , from controlling high-tech audio-visual entertainment systems and security systems , to Internet connectivity for kitchen appliances , and control of lighting and heating , ventilating , and air conditioning systems .",neutral
1465,"This is true , he says , because much of the decline in oyster populations is directly attributable to habitat destruction , caused by such things as dredging , and oyster farmers have been rejuvenating the habitat to increase profits .",liberal
4093,"While Mayor Bloomberg proposed this as a simple exclusion of certain items from the list of products that could be purchased with food stamps , it would almost certainly lead to a situation where there would be a substantial number of products that fell into a gray area ( for example sweetened ice tea ) .",neutral
90,"The banks profit from the steep yield curve by borrowing money from the government at almost zero interest , or taking deposits at pathetically low rates , and recycling them by buying government debt in the form of treasury bonds at three and a half or four percent , with minimal risk .",liberal
3692,"The feminists have not only done harm to the intellectual function of universities and schools , they have made campuses extremely unpleasant , especially for white males , who are subject to harassment and demands that they toe the feminist cultural and political line .",conservative
3646,In this choice lies not only the difference between being saved and being damned for eternity ; but also the difference between being happy and being miserable on planet Earth .,conservative
4092,"While that might be mostly true for city streets and boulevards , it is not a problem for limited-access highways , where entry can only occur at certain points and charging for use is easy thanks to 21st-century electronic tolling , which is eliminating toll booths altogether .",neutral
1590,"Good grief , the financial industry damn near buried the economy ; they have screwed middle-class Americans every way you can get screwed .",liberal
2079,"Sin gular leaves the strong impression that Kathleen Sebelius-one of the most extreme defenders of restriction-free abortion in Kansas when she was governor , the sort of cafeteria-Catholic who abhors capital punishment but embraces euthanasia and abortion -- owes her elevation to Obama 's secretary of Health and Human Services to her protection of Tiller and others like him .",conservative
3404,"On the other hand , the Right to Work argument is motivated by the principle of individual freedom , namely , that each individual should be free to decide for himself whether he wants to join a labor union and pay membership dues .",conservative
3202,"Mencken 's observation , and has worked well in the past : find an issue ( or seize an opportunity if one is presented ) , create an environment of fear among the people , and then offer solutions that lead inexorably to the real goal : more government .",conservative
4163,"This holds true because the overall efficiency of a coal-fired power plant ( where most electric energy is derived for electric cars ) is limited by thermodynamic laws to about 35 percent , while use of a reactor for heat to run the Bergius coal-to-liquid process is nearly 100-percent efficient .",neutral
3268,"We need more artifacts that tell the truth : that beauty is not just in the eye of the beholder , but in truth itself ; that goodness really is good and desirable ; that wrongdoing has consequences .",conservative
937,"The contradictions in current global drug policy mean the same drug that generates income for farmers and workers and profits for the pharmaceutical industry in rich countries , criminalizes poor people in Afghanistan who cultivate poppy for an illegal market in order to survive .",liberal
1808,"So have 60 prosecutors and the American Conservative Union , which noted its `` profound distrust in the government 's ability to ` get it right ' '' in the arena of criminal justice , warning that when it gets it wrong , innocent people may be wrongly incarcerated or even executed while the guilty go free to wreak further havoc .",liberal
1504,Nor is it enough to be outraged at the regulators who -- faced with vicious legal battles and a lobby of desperate parents -- have allowed him to continue operating .,liberal
1789,"That means not cutting benefits and thus disposable income further , but instead an increase in Social Security retirement benefits , a nationalization of all 401k plans under Social Security , a business value added tax to fund future contributions to a national 401k pool , and policies to restore defined benefit pensions once again .",liberal
760,"Marx explicitly said that the accumulation of capital destroys the natural bases on which that accumulation is built : man ( the alienated , exploited , dominated , and oppressed worker ) and the earth ( symbol of natural riches at the disposal of humanity ) .",liberal
1634,Confusing the cause of free markets with the cause of democracy is astounding given the overwhelming evidence that the latest free market jubilee has disenfranchised ever larger segments of the world body politic .,liberal
751,"Why and where markets fail to achieve efficiency is the subject of a great deal of sophisticated analysis , but the limits of the market in realizing freedom raise a less familiar and more difficult problem .",liberal
2684,"If the money for the program is borrowed and created out of thin air through the Federal Reserve , then the newly created dollars interjected into the economy will erode the value of already existing dollars , causing prices to rise for goods and services , including cars .",conservative
3481,"In defending the latest incursion into airlines ' freedom to provide transportation services to their international customers , Jennifer Andreason , of the Environmental Defense Fund ( EDF ) , explained that the recently enacted Aviation Emissions Trading Directive was n't really a tax that penalizes airlines that use more than their `` share '' of carbon credits , but instead it 's a `` cap '' on pollution .",conservative
98,"President Obama is a gifted rhetorician who will argue as he must given widespread anger and economic insecurity that he is the people 's champion against the entrenched status quo of banks , large corporations , and their phalanx of lobbyists .",liberal
3861,"For example , many observers pointed to the fact that nominal interest rates were close to zero during much of the Depression , concluding that monetary policy had been about as easy as possible yet had produced no tangible benefit to the economy .",neutral
3449,"Under these agreements , an American worker who faces indirect competition from foreign laborers who make imported products has a parallel opportunity to compete with them by making products for export to their countries .",conservative
3483,"Despite the potential savings and regardless of U.S. debt , neoconservatives have led the charge against any defense spending cuts , and reacted angrily to the Paul-Frank proposal .",conservative
3875,"In reality , comparing the results from yearly tests only weakly indicates how well students and schools are achieving -- unless students take identical tests from year to year , which could not be done from a practical standpoint because students would cheat .",neutral
4011,"Long-term effects include panic attacks , depression and PTSD ( post-traumatic stress disorder ) .",neutral
3480,"They all include a clause that expands abuse to include `` fear of harm , '' often including even `` emotional harm .",conservative
3047,"But let there be no change by usurpation ; for though this , in one instance , may be the instrument of good , it is the customary weapon by which free governments are destroyed .",conservative
2640,The findings of climate science are being used to justify policies that aim to dramatically shift how the entire world produces and uses energy .,conservative
3014,"This helps explain why there are so many in government today who think that regulations are no big deal , that taxes can go up with no consequence , that inflation is harmless , that the minimum wage -- and the regular increases in the minimum wage -- surely causes no harm .",conservative
1544,"But presidents also use signing statements to declare their intention to ignore certain parts of the legislation , or to interpret them a certain way , often because they believe those parts are unconstitutional or pose other problems .",liberal
384,"But the most important step that Democrats can take is to transfer the fight for their agenda from the realm of pressure groups , where they are vulnerable , to the electorate , where they hold the advantage .",liberal
1776,"At the same time , further increases in the retirement age are a cynical way to cut benefits for those who for good reasons ca n't work past the early-retirement eligibility age of 62 - because the work is physically too hard or in many cases , because they are already unemployed at that age .",liberal
835,"Meanwhile , in the United States , the object is to pass legislation ( or , failing that , regulations through the Environmental Protection Agency ) that would make the cost of energy so expensive that Americans would use less and thereby cut the amount of dreaded greenhouse-gas emissions .",liberal
3434,"In nearly every corner of the conservative movement and the Republican Party , the reaction was the same : Republicans lost because they betrayed the one true faith . )",conservative
3251,"Because fascists and Obamaites have both favored social programs , and because the Nazis were genocidal murderers , we are free to denounce Obama and his party as racialist fanatics .",conservative
2515,"But at the same time , supporters of health care reform seemed to me too quick to dismiss old people 's fears as just so much paranoid foolishness .",conservative
3671,"`` I grew up at a time when people learned how to use their temper , not lose their temper , '' Stevens told another interviewer in 2003 .",conservative
1916,"Without that understanding , and without a collective commitment to changing our strategy ( that is , our goal ) and our tactics ( that is , the things we do to achieve the strategy ) , we are doomed to an eternity of living in the mean , miserly ninth circle of hell that is conservative rule .",liberal
2429,"To secure these , federal officials shamelessly threatened and intimidated Myrtle Poor Bear , the source of these affidavits .",conservative
1862,"Yet if paternalistic states create top-down forms of infantilization , markets today are creating bottom-up forms-less visible because they arise from supposedly pluralistic and competitive markets that turn out to be coercive in intractable ways as they seek to inspire childlike dependency in consumers .",liberal
3204,"A society rich in intellectual capital is one in which the love of learning is widespread and carefully cultivated , where standards are high , where new discoveries are made , and where a rich heritage of old truths is kept alive through critical study .",conservative
2646,"Since , in this view , all policy is crippled by unintended consequences , since government is a blunt and ineffective instrument , the best course of action is generally inaction .",conservative
2882,"The current crisis , as noted , has been aggravated by past interference in the market such as the Community Reinvestment Act , a law pushed by so-called liberals used to pressure lenders to make loans to people who are poor financial risks , including many minorities .",conservative
3771,"First came the Tea Party movement , which effectively harnessed the anti-Washington outrage coursing through the degraded GOP base .",neutral
3400,"As it stands , borrowers and investors have lost trust in the banks ; banks have lost trust in each other ; and the world has lost trust in the American economy . ''",conservative
2047,"The disincentives would include the loss of current tax credits that encourage offshoring , as well as the imposition of 25 percent tariffs on U.S. corporations that have offshored jobs and then re-import the products once made in the U.S. , now produced offshore , back to the U.S. .",conservative
2392,"When the Fed intervenes like this , increasing the money supply with money and credit it creates out of thin air , it causes all kinds of economic problems .",conservative
2719,"If they succeed imposing their regulatory regime , by 2050 they will have had no effect on the Earth 's climate -- which will have scarcely changed from the climate experienced today -- but the people enjoying the fine , mid-century weather will likely be poor , unemployed , and hungry as a result .",conservative
378,"Many of the moderates tempered their enthusiasm for Iraq and assailed the Bush administration 's conduct of the war , but Sirota charges that they continue `` to criticize efforts to do anything real about ( the war ) from the right .",liberal
2030,"And in a genuinely freed market , workers would find it significantly easier than they do at present to work for themselves , to say no to abusive work environments , and so to bargain effectively for appealing wages and working conditions and opportunities to direct their workplaces .",conservative
2201,"It is only through this kind of determined assault on the principle of unlimited government that American people will obtain relief from high taxes , and will start making progress toward regaining their freedom .",conservative
3927,It is also possible that the presence of the aluminum with burning magnesium created a thermite reaction that cut through some steel beams in certain areas .,neutral
3506,"Since we are a vast , rich , technologically advanced society , there are many other avenues of attack here for creative terrorists ; we have a lot to defend on many levels .",conservative
1397,"It will give you an idea , therefore , of the strange deficiency in these creatures , when I tell you that none made the slightest attempt to rescue the weakly crying little thing which was drowning before their eyes .",liberal
2581,"This is true because society-wide immorality and , worse , moral apathy pave the way for amoral people to distort our political system and to take over the reins of government -- a process that the reverend is already seeing happen . ''",conservative
2777,"This contradiction follows an intrinsic duality of capitalism that encourages unlimited production of use values , while at the same time restricting the absorption of commercial goods .",conservative
1608,"Even Reagan , who championed the principles of free-market capitalism and peace-through-strength , failed to make some of the tough choices of leadership .",liberal
68,"Congress and the media should start to examine and discuss the real reasons for this stubborn rejection of diplomacy , which is rooted in the administration 's aggressive political-military aims toward Iran and the broader Middle East .",liberal
67,"So it is pretty clear to me how this jeopardizes Social Security , how it jeopardizes Medicare , how it will force more cuts and more pressure on those programs that have lifted so many people into the middle class .",liberal
2575,"Producing ethanol is throwing good money after bad , which , of course , is why our government provides roughly three billion of our tax dollars in government subsidies to ethanol producers .",conservative
2920,"Enticed by easy credit terms for higher education and mortgages , they take on irrational amounts of debt as the inflationary bubble expands , secure in the belief that , as the value of assets continues to grow , they will have no trouble paying down their debts .",conservative
2848,"One might note that all of these elements are increasingly under attack from politicians , but a successful assault on the access we have to the energy that powers our economy would devastate our country -- even if we did everything else right .",conservative
2688,"All the evidence from world and American history confirms that freedom solutions are far superior to government solutions ; freedom solutions do not create perfection , but they have proven superior to government alternatives .",conservative
1569,"These results , too , suggest that a very substantial number of people support repealing the estate tax because they mistakenly believe that their own taxes will be lower as a result .",liberal
3532,Thus the Christ of the New Testament healed on the Sabbathin apparent violation of Mosaic law-to illustrate what Bonhoeffer called the Gospel 's `` outrageous demand '' : that Christian ethics move beyond the claim to know and enforce absolute good and evil .,conservative
430,"Among them were senators , social justice advocates , and leaders of philanthropic organizations ( among them faith-based groups ) that have benefited greatly from the estate tax by providing the opportunity for many wealthy people to give to charity , rather than seeing their inheritances heavily taxed .",liberal
744,"That movement 's home base is Seattle 's Discovery Institute , whose attempt to lead a specifically intellectual attack on evolution-one centered at a think tank funded by wealthy extreme conservatives and abetted by sympathetic Republican politicians-epitomizes how today 's political right has developed a powerful infrastructure for battling against scientific conclusions that anger core constituencies in industry and on the Christian right .",liberal
3335,"Meanwhile , on the home front , the statistical arguments that the monetarists had used to build their academic case for a simple relationship between money creation and price increases broke down .",conservative
796,"As Waters frequently argues , no one is worse served by our current food policy than a low-income family using food stamps to purchase rotted produce at the marked-up convenience store .",liberal
2069,"Even if a value-creating innovation destroys jobs in the short run , the increased wealth will bring a great deal of job creation in its wake .",conservative
1700,"Challenged by Rick Perry about once having employed illegal immigrants as lawn workers , Romney initially answered with a chuckle and strained smile ; but , when Perry kept interrupting his attempt at a reply , Romney 's temperature shot skyward .",liberal
1684,"They upheld a public purpose that highlighted the weaknesses of the libertarian right and led them to criticize the `` social imbalance '' of a society enamored of consumerism and markets , and not America 's civic fabric .",liberal
707,"Recently , energy companies like Chevron and BP have launched extensive `` green '' advertising campaigns whose message seems to be aimed at convincing consumers that these are something other than energy companies that depend on fossil fuels for their profits .",liberal
2167,"They also knew there was no real defense of ObamaCare , beyond its true purpose of redistributing wealth and health care .",conservative
1796,"Interestingly , on the basis of this argument , the advocates should support our first strategy for economic recovery : higher public investment .",liberal
2385,"Their rulings mean the difference between free political speech and censored political speech , property rights that are protected by government and property rights that are routinely violated by government , and the survival of innocent life and the state-sanctioned killing of innocent life .",conservative
3598,"The effort is broadly persuasive , though weakened by the occasional glaring exceptions ( for example , the expansion of the American social safety net during the Great Depression ) and important caveats ( `` The relationship is not exact ... since economic growth or its absence is hardly the only influence affecting social and political development .",conservative
1575,"And as a result of what a recent Business Week cover story called the `` medical debt revolution , '' providers have begun turning over unpaid bills to aggressive collection companies charging usurious interest rates and taking advantage of the new bankruptcy law that makes it difficult for people overwhelmed with debt to start over . ''",liberal
169,"Often their land has been stolen as a result of the inroads of agribusiness , while they are also forced from the land by low prices they have historically received for their products and threats against campesino lives .",liberal
548,"Nevertheless , the central failures of his approach are that it assigns value to the natural environment and human well-being using standard economic measures that are fundamentally inadequate for this purpose , and that it fails properly to incorporate the possibility that an ecological collapse could utterly undermine the economy , and indeed the world as we know it .",liberal
2126,"For the Conservative , the challenge is to deconstruct the Statist class argument and inspire the individual to appreciate the miracle of the free market and enthusiastically engage in it . ''",conservative
121,"But assuming the creationists are wrong and humans are products of evolution , it would be surprising if our species entirely escaped the powerful forces that shape organisms ' behavior toward their kin .",liberal
1344,"But because our consumer culture favors fixes that are fast and easy , our approaches toward food advocacy have been built around one or two dimensions of production , such as reducing energy use or eliminating pesticides , while overlooking factors that are harder to define ( and ditto to market ) , such as worker safety .",liberal
2238,"All one had to do is apply reward and punishment in appropriate doses ( the highest reserved for stubborn cases ) , and society could get a child to hate what he once desired and love what he once despised .",conservative
2027,"Yet for all its submerged class snobbery and anti-intellectualism disguised as cool detachment , the ultimate failure of the Washington media lies less with the personal failings of its elite members than its structural inadequacy .",conservative
2950,"The NPI promises to analyze how `` government policies and cultural trends adversely affect the very safety , economic standards , and traditional values of America 's historic majority .",conservative
2691,"The current political and economic climate no doubt makes more difficult an argument for privatization , especially when raising taxes to `` save '' programs seems to be Washington 's first response .",conservative
1255,"Investing In Prevention , Not Just Paying for Care : Opponents of universal health care make the mistake of arguing that a greater emphasis on wellness , diet , and exercise can substitute for fundamental systemic reforms .",liberal
2790,"Radical feminist insistence upon seeing slights , harassment , and male victimization of women everywhere has made campuses , workplaces , and society less comfortable places .",conservative
2720,"We have assigned pluses to the `` nays '' because the federal government acting as an insurer , a micromanager of markets , and a wealth redistributor is unconstitutional and will undoubtedly affect market behavior , leading to more and worse market strife .",conservative
1163,"( Right-wingers have attacked these data by arguing that the IRS improperly counts adjusted gross income , but however you try to bend the numbers the trend is unmistakable .",liberal
1509,"While arguments can be made for either form , if the goal is to elevate consumer protection in the regulatory scheme , creating an agency that does n't have direct authority to regulate financial products seems poised to produce lukewarm results .",liberal
233,Members of the Right tried to blame the seeming market failures on government ; in their mind the government effort to push people with low incomes into homeownership was the source of the problem .,liberal
447,"That is why we have evolved to have warm feelings toward people we consider members of our group , and hostile to members of other groups : `` humans seem to be equipped with emotions that encourage us to treat others in our societies as if they were ` honorary relatives .",liberal
2624,"Embracing this argument , one of the health care suits , brought by Mississippi 's libertarian lieutenant governor , Phil Bryant , argues for resurrecting the liberty of contract recognized by the Lochner Court .",conservative
2865,"Certain of these programs massively altered the relationship between Americans and their government with respect to critical aspect of our lives , violently tossing aside any respect for our founding principles of federalism and limited government .",conservative
4037,"And producing recycled paper causes 74 percent less air pollution and 35 percent less water pollution , while it creates five times the number of jobs as producing paper from trees .",neutral
3718,"The party establishment was forced to accept the grassroots ' verdict because polls showed that unlike some other Tea Party candidates , Rand Paul could win .",conservative
2573,"The rationale for patent protection is that inventors , or the firms that employ them , will not spend large amounts of money to develop a product that a competitor who incurred no development expense can cheaply copy and produce , and thus sell profitably at a lower price than the inventor .",conservative
556,The first change is to channel our anger into energy and convert our helplessness into hope .,liberal
1520,"According to OpenSecrets.org , AFSCME 's `` biggest priorities are raising the minimum wage , battling efforts to privatize public sector jobs and fighting efforts to substitute vacation time for overtime pay for millions of workers ... AFSCME actively opposed ... partial privatization of Social Security ( and ) during the 2008 presidential election , it strongly supported Barack Obama .",liberal
1133,"Second , the nation depends on a structure of supports for low-wage work because the nation has an extensive low-wage labor market , and much of the work available to families with limited skills is low wage .",liberal
1513,"`` The union attacks seem to be falling on deaf ears , '' says Palatucci , `` the people are giving him the benefit of the doubt because they know these are structural problems he is trying to fix .",liberal
2873,"The imperial rent exacted by multinationals , who also control the global supply chains , means that emerging economies face what may appear to be an open door to the world market , but must proceed along paths controlled from outside .74 The vast inequality built into a model of export-oriented development based on low-wage labor creates internal fault lines for emerging economies .",conservative
4046,"Through better code -- in better legislative rules and in better technology -- its aim is to make it trivially easy to get access to records suggesting influence , and then link those records automatically to the possible influence that they suggest .",neutral
925,He also argues strongly for new investments to upgrade education at all levels and to bolster research and development in order to create more high-productivity jobs to replace the ones moving to lowercost Asian workers .,liberal
3815,"As a person in frigid water loses fine motor abilities just seconds after being submerged , the special rope is designed to be secured around the distressed person 's wrist or arm with only gross motor movements .",neutral
599,"Thus , while some changes have been made in the system of subsidies for agrofuels , the general thrust in the direction of using agricultural crops and land to produce feedstock for ethanol production has been increased .",liberal
1328,"So unrelenting is the assault on our sensibilities that many of us grow numb , finding resignation to be the rational , adaptive response to an environment that is increasingly polluted and apparently beyond our control .",liberal
1836,"Many East Germans , as is now clear , would have been surprisingly happy to live in such a place -- another undoubted problem that we in the rich world have never bothered to try to understand .",liberal
1370,"In doing so , he succeeded in making some admirable policy advances ( the State Children 's Health Insurance Program , a rise in the minimum wage , the expansion of the Earned Income Tax Credit ) and staving off their most dangerous initiatives .",liberal
2288,"Civic and business leaders promised big rewards , explaining that gambling would create jobs , raise property values , and provide money for roads and historic renovation .",conservative
2634,"Romney supported the TARP bank bailout in 2008 , a bailout that sparked the Tea Party movement 's ire at the use of taxpayers ' money to bail out a few super-rich banks that lost risky gambles on a real estate market bubble .",conservative
2470,"Our Christian neighbors , even the craziest of them , are right to be outraged by this pretense of even-handedness because the truth is that Islam is quite a bit scarier and more culpable for needless human misery than Christianity has been for a very , very long time .",conservative
764,Our failure to impose a tax to offset this advantage is just giving the too-big-to-fail banks another large gift .23 The recognition that outsize bonuses gave financial professionals incentives to engage in excess risk taking and shortsighted behavior should also have led to tight regulations on the design of bonuses .,liberal
439,"Wealthy families who hate taxes , corporate interests that hate regulation , and intellectuals who believe that the welfare state is illegitimate have always been with us .",liberal
627,"To Frank , however , Washington is the yin to Kansas ' yang , and if heartland voters ignore their interests in favor of voting on `` values , '' conservatives inside the Beltway have no commitment to values except greed .",liberal
3511,"This means that embryos , fetuses , children , and adults will soon be candidates for testing for a vast range of risks and predispositions : addiction , depression , anxiety , schizophrenia , phobias , paranoia , obsessivecompulsive disease , aggressive behavior , attention deficit disorders , and many other mental impairments .",conservative
929,"Others complained that the pyramid was either too critical of fats or failed to indicate that dairy products -- dairy farmers have a powerful lobby , too -- should be consumed in low-fat varieties .",liberal
391,"It is often asserted that the world has made a great deal of progress since 1776 , that we have had new thoughts and new experiences which have given us great advance over the people of that day , and that we may therefore very well discard their conclusions for something more modern .",liberal
555,"( The least modern -- though perhaps most prescient -- aspect of Brandeis 's thought was his contempt for the consumer , whom he viewed as `` servile , self-indulgent , indolent , ignorant , '' and easily manipulated by advertising -- the very opposite of the engaged citizen .",liberal
575,The price of fossil fuels needs to reflect both the consequences of their use and the interests of the future in having a residual supply on hand for purposes that can not be easily replaced .,liberal
2589,The idea that government can benevolently pick the right winners and punish the bad actors is utterly contrary to our sense of justice and common sense .,conservative
1110,But the few nervous consultants and isolated lawmakers who say the party must produce its own plan misread the changed dynamic .,liberal
1266,"Indeed , despite the lack of real security benefits , publication of a single story illustrating that a heinous killer was caught via video can justify almost any infringement upon the privacy of ordinary citizens .",liberal
3619,Or worse : It grows because we are spending money to solve problems that growth itself created .,conservative
3344,"And that 's exactly why immigrants cause so much agitation : They are perceived by many voters as one giant , undeserving resource suck . ''",conservative
3059,"These activities were abusive of the public trust , in violation of at least the spirit of constitutional balanced budget provisions , and corrosive of the good-government culture necessary for sound governance .",conservative
1429,ARLIE HOCHSCHILD 'S parable of the chauffeur and the millionaire makes some good points on the matter of how it is that ordinary folks have been manipulated by Bushist politics to agree to ignore the needs of the poor .,liberal
1860,"When a failing company burdened with entrenched , visionless executives is challenged by insurgent entrepreneurial leadership from outside the corporation , expect those in privileged positions to do whatever it takes to cling to power regardless of what is best for the company and its customers .",liberal
2420,"`` The Federal Reserve is a monopoly and it controls interest rates artificially low , causing people to make mistakes .",conservative
1046,"And the political process allows us to care for these groups in direct and easily understood ways , such as mandating a minimum wage , providing a pension program , subsidizing medical care , and creating price supports for agricultural products .",liberal
1403,"Writing in the Washington Post in October 2008 , Feldstein argued that falling home prices are `` causing consumers to cut spending , leading to lower employment , lower incomes , and further cuts in consumer spending .",liberal
913,"Since 1980 , the year Ronald Reagan became president and helped engineer a savage attack on the working class , income inequality has risen considerably .",liberal
332,"Even though such care could save hundreds of billions of dollars in expensive treatments and lost productivity , insurers have little financial incentive to subsidize it because Americans frequently change plans when they switch jobs .",liberal
1060,"Even though the near collapse of the financial system has opened a debate in the mainstream about whether the banks should be nationalized , Pollin rejects this as too risky , arguing that failures and scandals would continue under state control and that public anger might be shifted from Wall Street to the federal government .",liberal
156,"Since I spend most of my time haplessly battling global warming , I encounter a fair number of climate-change skeptics .",liberal
4274,"The IAT for weight bias , for instance , asks subjects to assign positive words ( such as `` motivated '' and `` smart '' ) and negative words ( such as `` lazy '' and `` stupid '' ) to the categories `` thin people '' and `` fat people . ''",neutral
3726,"In this country , the beneficiaries of Apple 's success are , first , the designers , who have done wonders working with Steve Jobs to produce products that are beautiful and effective .",neutral
1340,"For example , a financial speculation tax ( FST ) not only provides a great opportunity to raise a large amount of revenue ( as much as $ 1.8 trillion over the next decade ) through an overwhelmingly progressive tax ; it also provides an opportunity to directly attack one of the main sources of growing inequality .",liberal
2913,"To employ WHO rankings to justify more government healthcare involvement , points out Whitman , `` is to engage in circular reasoning because those rankings are designed ( emphasis in original ) in a manner that favors greater government involvement .",conservative
3663,"Faux was a prime mover on the losing side , and here he details the struggle and exacts a measure of revenge , well-earned with a decade 's hindsight , on those who advanced the cause of NAFTA behind dishonest arguments , especially relating to the large-scale creation of American jobs .",conservative
3735,"The Athenians would not be in this alone , and if they were , they would purchase goodwill and create a coalition through their massive bank account : `` In generosity we are equally singular , acquiring our friends by conferring , not ( by ) receiving favors .",neutral
3510,"Thus , it 's hardly surprising the Massachusetts Attorney General 's office recently investigated the healthcare system in the state and concluded that `` the present health care marketplace does not allow employers and consumers to make value-based purchasing decisions .",conservative
1210,"Let me be clear ; I would also like to heal the sick , educate children , create the best jobs , stop discrimination of all kinds , and create better lives for everyone .",liberal
3876,"Many Cup Makers will quit because when the money is being made trading and renting cups , any cup will do , and there is little reward for making better cups and it is very expensive to try .",neutral
1392,"The companies improved productivity , cut corners on quality , and pressured their own employees and suppliers ( who in turn tightened the screws on down the line ) .",liberal
3475,"Anyone who questions the existence of the plan to create these trade corridors , like anyone who questions the existence of the plan to create the North American Union , needs only to read Corsi 's valuable book and to check out his documentation , much of it available online , to find out the threat is real and imminent .",conservative
2417,"This gave them control of American interest rates , and , by virtue of this , control of the stock market , as well as the capacity to have the U.S. government spend without limit by having the Fed create money from nothing .",conservative
3923,"The increase in home-ownership , he speculates , may not only keep unhappy couples together but may cause anxiety because homeowners are responsible for repairs and upkeep ( `` when you rent , you do n't have to think twice before pouring some glob down the drain '' ) and homes become `` potential profit ( and loss ) center ( s ) , '' eroding the boundary between work and home .",neutral
1843,"It will not stop until the corporate abuse of the poor , the working class , the elderly , the sick , children , those being slaughtered in our imperial wars and tortured in our black sites , stops .",liberal
1651,"Rather than attack his attackers , Chambers accepted the burden of moral guilt and recast it in the rhetoric of high sacrifice : `` The story has spread that in testifying against Mr. Hiss I am working out some old grudge , or motives of revenge or hatred .",liberal
846,"A Senate report produced for Inhofe 's Environment and Public Works Committee concluded that , among other problems , `` scientists involved in the CRU controversy violated fundamental ethical principles governing taxpayer-funded research and , in some cases , may have violated federal laws .",liberal
438,"Then , last November , with strong help from the White House , Republican congressional leaders succeeded in attaching to the Medicare prescription-drug bill a tax-free account that corrects these problems and threatens to dramatically alter health insurance as we know it .",liberal
3650,"That statement was groundbreaking , since liberal collectivists had argued the opposite for years and used this argument to support their gun-banning laws as 100 percent constitutional .",conservative
2345,"While we must agree in assigning primary blame for the Great Depression to the Federal Reserve ( and its primary accomplice , the Bank of England ) , the story , as understood by the likes of Bernanke and so-called monetarists like the late Milton Friedman , is incomplete .",conservative
610,"A recent Democracy Corps poll found that helping the neediest and expanding opportunities are still among the party 's strongest positive attributes , behind only equal rights and environmental protection .",liberal
2583,"Despite the serious subject matter , Creation presents a number of amusing vignettes of man-on-the-street interviews and college demonstrations , which serve to highlight the public 's incredible ignorance of the topic under discussion .",conservative
1385,"If the product is curb-feelers , then you can bet the curb-feeler industry will be hiring , form an association of curb-feeler manufacturers , and hire lobbyists to convince Congress that curb-feelers are necessary for our children 's safety , will stimulate our economy , and , moreover , without them our national security will be threatened .",liberal
1755,"Freedom from oil was one of the four pillars of the national security plan that dominated the Democrats ' program , clean and efficient energy was put forward as a tool for investing in small business and restoring communities , and the promotion of a renewables industry was a centerpiece of the strategy for rebuilding America 's manufacturing base .",liberal
371,", labor-consumer-environmental protection , restrictions on dangerous products , small business protection , support for strategic and emerging industries , land reform , community and worker control ( that is , the foundations of authentic democracy ) , labor actions ( which could be construed as illegal threats to order ) , and so on .",liberal
2996,"Today 's seniors are being alarmed purposely , and wrongly , because they vote in large numbers , despite the fact that no plan supported by Mitt Romney and Paul Ryan , who was the House Budget Committee chairman before he joined the GOP ticket , would affect any American who is now age 55 or older .",conservative
1545,Part of the reason the gap between rich and poor has become so extreme in the U.S. is precisely because of the success of the rich in buying the political influence needed to reduce their tax burdens so dramatically .,liberal
4312,"After first trying to convince the authorities that he was a robbery victim , Jacques was taken into custody on charges of attempted murder , robbery , aggravated assault , and reckless endangerment .",neutral
1677,"These freedoms are abused by Americans on a daily basis who use them to insult , hurt , and even kill other people .",liberal
676,"The consequences of these actions have become a silent war , felt most severely in the poorest parts of the United States , where low-income families are desperately clutching onto the bottom rungs of the failing economy .",liberal
4002,"More likely Bernanke simply employed the common-sense view of interest-rate determination through the supply and demand for financial assets ( interest rates thus being inversely related to the price of financial assets ) , which is the classical economics view , in contradiction to Keynes , but without consciously intending to be anti-Keynes .",neutral
184,"Heroic noble savages are tied together by a spiritual Gaia-like life force and must fend off the evil , white , land rapists , with the aid of a white man who has been reborn as one of the natives .",liberal
3673,The behavior of the consumers makes profits and losses appear and thereby shifts ownership of the means of production from the hands of the less efficient into those of the more efficient .,conservative
1329,"In short , a new and awesome hegemonic capitalism is being invented in front of our eyes , complete with its own ideology of liberty , supremacy of individual choice , and free markets-to which today 's Republican Party is the happy and uncontested midwife .",liberal
2519,"To this callous `` let them eat cake '' sentiment , true racial progressives must fashion a pragmatic response , one that turns the temperature down , allows white America to save face ... and allows whites to benefit .",conservative
666,"Between 1967 and 1972 , 13 states adopted reforms , mostly permitting abortion if the life or health ( physical or mental ) of a pregnant woman was endangered , if she were the victim of rape or incest , or if the fetus had major physical or mental defects .",liberal
1758,"Farm-labor contractors give American produce growers what companies like China 's Foxconn offer to Apple : a way to outsource a costly and complicated part of the business , often saving money in the process and creating a firewall between the brand and the working conditions under which its products are made .",liberal
770,"Few LGBT organizations are engaged in articulating a new urban policy , seeking a more effective response to homelessness and poverty , or using their clout in the service of universal health care .",liberal
3182,"Columbia University Professor Edmund S. Phelps , who won the 2006 Nobel Prize in economics , and his coauthor , Saifedean Ammous , assistant professor of economics at the Lebanese American University , write that the U.S. economy ceased to be a free market some time ago , yet the free market is blamed for the economic crisis .",conservative
3361,"But several recent studies suggest that well-intentioned restrictions on payday lenders wind up harming the very people such laws are intended to help , reducing their access to emergency cash and prompting them to use costlier , more dangerous , and more credit-damaging options .",conservative
1227,"Given how critical a college degree is to middle-class aspirations , as well as American productivity in a global economy , this is precisely the kind of big-ticket item that can frame popular support and an engaged constituency .",liberal
909,"In other words , if you are a huge financial institution , whose recklessness and greed caused this great recession , no problem .",liberal
598,"But , contrary to the public consensus that the stimulus utterly failed , the consensus of economic analysts is that it created or saved between two million and three million jobs compared to the number that would have been lost without it .",liberal
3823,"These attempts to insert the book into partisan disputes have the opposite of the intended effect , reminding the reader that American politics is largely framed in `` us versus them '' terms and creating the impression that the author would just as soon change someone 's party affiliation as change his or her mind on the issues .",neutral
104,( ... ) laws designed to bring American corporations more directly under the control of financiers encouraged corporate managers to focus more on making money and less on making quality goods .,liberal
1919,"Abstract : A renewed obsession with deficit reduction , however , severely reduces the likelihood that Congress will approve a huge investment despite evidence that shows not only that early childhood education is imperative for future success but also that money spent on child care has a significant multiplier effect in a regional economy .",liberal
2884,"Marci Fritz , vice president of the California Foundation for Fiscal Responsibility , blamed the action on promises made earlier by the council to the city 's employees concerning salaries and retirement benefits that the city no longer can afford .",conservative
2942,"Facing strongly adverse public opinion on the substance of their policies , the national Democratic Party made a conscious decision to try to change the subject from stimulus bills , the national health care takeover , and the horrifying deficit and debt levels to the unacceptable personal qualities of their Republican opponents .",conservative
1306,"Abstract : In the late 1990s , in the intentionally misnamed Pain Relief Promotion Act , the conservative Republican chair of the House Judiciary Committee , Henry Hyde , took aim at Oregon 's physician-assisted suicide law and threatened practitioners with prosecution if they used pain medicine on terminally ill patients in the name of relief but in the service of euthanasia .",liberal
2159,"Thus began a vicious cycle : As each social problem grew worse , the government threw more and more money at it , like someone trying to use gasoline to extinguish a fire .",conservative
3406,"It is similarly shoddy in using terms favored by left-wing extremists to describe their opponents on the right , such as `` antigovernment , '' `` hate-oriented , '' `` paranoid , '' `` dangerous , '' and `` violent .",conservative
3352,"Economic historian Burton Folsom makes a useful distinction between market entrepreneurs , who grow wealthy when the public freely purchases what they have to sell , and political entrepreneurs , who grow wealthy because government cripples their competitors or grants them a monopoly .",conservative
2304,A tautology lies at the heart of Florida 's theory that has limited its instructive value all along : Creative people seek out places that draw a lot of creative people .,conservative
2695,There are also a surprising number of middle grounders leaking equal parts confusion and skepticism about `` this global warming business .,conservative
2032,"We can not afford to spend $ 10 trillion over the next decade on dependency-inducing welfare schemes that have created an underclass , demoralized it , and drained taxpayers who are paying for programs that not only make poverty worse but that are notoriously rife with fraud and abuse .",conservative
3357,"This vigorous support of business interests entails a belief in unfettered capitalism , that is , business free of government regulation since regulation entails some level of community control .",conservative
849,"His qualification was that he ran the Cook County ( Chicago ) school district , whose hallmarks arc the lowest high-school graduation rate , lowest student competency , most violent school system , lowest SAT scores , and lowest college acceptance .",liberal
2692,"According to state and local police reports ( as cited by the NRA 's Institute for Legislative Action ) , `` assault weapons '' are used in about 1 percent of murders ; by comparison , more than 30 percent of murders are committed with no firearms at all .",conservative
2715,"Similarly , Texas has led the nation in enacting commonsense reforms for asbestos litigation ; we made sure that damages are awarded only to people who are truly sick from asbestos exposure instead of allowing lawsuit mills to gin up cases for thousands of people who show no evidence of asbestos-related illness .",conservative
1004,"If these nations are wise , they will apply some of their increasing largess to creating the social safety nets for their citizens that will decrease the distance between the top and bottom rungs of the economic ladder and lead to social order , which will lead to stability and peace .",liberal
3936,"In spite of these cautions , one can still argue that the government has an interest in promoting homeownership as a way to provide secure housing and a mechanism for savings .",neutral
2973,"The possibility of a general loss of confidence in fiat money is reason to believe that gold could once again play a monetary role , as I will argue in the second part of this series . ''",conservative
3588,"This vulnerability creates another problem in that NOCs , who have no diplomatic protection , very often become reluctant to undertake operational activity for fear of blowing their covers .",conservative
2607,"I fully support aggressive enforcement of existing standards by the Federal Communications Commission ( FCC ) , and I support increased fines for violations of existing obscenity laws and regulations .",conservative
1991,"The workers of France , Belgium , Ireland , the Netherlands , and Norway all produce the same goods and services as the United States or more , and thereby enjoy higher productivity per hour worked than do U.S. workers .3 The reasons for this are myriad , but almost all of them contradict conservative conventional wisdom .",liberal
1105,"In fact , Sunni and Shia political leaders have been torn between bitterly blaming one another for the crisis , blaming `` the troublemaker in the middle '' ( the Americans ) -- something it seems all sides can agree on -- and calling for restraint and nonviolence .",liberal
1431,"Abstract : Even though homeownership rates for African Americans are lower , and even though a `` segregation tax '' is in play because homes appreciate far more slowly in minority or even integrated neighborhoods , housing wealth is still a more prominent engine of wealth for African American families .",liberal
2374,That agenda includes efforts to restrict `` greenhouse gas '' emissions over global-warming fears as well as initiatives to stifle U.S. energy production while taking billions of dollars from energy producers to fund federal subsidies for alternative energy sources .,conservative
3009,"Rather than cultivating a moral society and individual virtuousness , whether through faith , education , or sociability , and building on the accumulated experience and wisdom of earlier generations , utopianism breeds dishonesty not good character ; it encourages ideology not reason ; it rewards rashness not reflection ; it attracts fanatics not statesmen ; and it is transformative not reformative .",conservative
583,The American Environics data provide the critical missing link that should allow progressives to reach out more confidently to voters who share with them common values and concerns about the direction of the nation .,liberal
1547,"The Inter Press Service reported that these conditionalities include `` opening ... markets to corporate agri-business and cheap food imports , which threaten farmers ' livelihoods , as well as mining and other environmentally destructive projects ... Mass sale of China 's dollar holdings would be immediately devastating to the already shaken U.S. economy , but it would also immediately destroy the very advantageous trade position China currently enjoys with the United States .",liberal
3165,"Economic efficiency is important , but efficiency arguments are less convincing than moral arguments .",conservative
3094,"Since there is no objective basis for determining the proper place to stop on the continuum of positive moral action intensity ( people can honestly disagree about how generous is generous enough , for example ) , moral exhortations are inherently subjective .",conservative
3594,"In 1977 the congressionally mandated Privacy Protection Study Commission , confronting the problem of identity theft , warned that a national ID and database of personal information would create more problems than they solved .",conservative
3138,"When it is noted , the Leftist reaction to this painful fact is to label those who do note it racist and\/or to argue that there are too many black males in prison because of American racism , thereby shifting the blame from the black criminals onto American society .",conservative
3775,"But the general trend of spending was up , while the downward trend of prices remained within the bounds of underlying productivity gains and was for that reason perfectly benign : businesses could afford to sell their products for less as long as it was costing less to make them .",neutral
654,"families lost $ 7 trillion in stock wealth during the recession that followed .9 Those nearing retirement age face frightening prospects as it stands , with the value of their homes and IRAs in the tank , but they would have been truly screwed if not for the modest but guaranteed income afforded by Social Security .",liberal
1717,"And maybe the only thing worse than being abused by the trusts was not being abused : Ninety percent of rural Americans had no electricity at all , since utilities scorned them as unprofitable customers .",liberal
12,"The rich countries that are primarily responsible for climate change , led by the U.S. , with Russia and Japan , are to blame for the lack of desperately needed greater ambition .",liberal
1562,"Phillips , who never bought the argument that the tax cuts would increase revenue , criti-cized Reagan for `` hitching his political future to the fiscal theories of Calvin Coolidge 's and Herbert Hoover 's treasury secretary Andrew Mellon .",liberal
2841,Post acknowledges this kind of transitional form when he describes how merchant capital was able to compel farmers after the Revolution to engage in petty commodity production to pay their mortgages . '',conservative
1113,"Americans are still mostly suffering through the worst economic downturn since the Great Depression , but Wall Street profits and multimillion-dollar bonuses soon returned to record levels .",liberal
232,"If there was any special class of whom this plain man was the champion , for whom he used all his skill , and his zeal , and influence , it was the class of the poor and the oppressed and the forsaken , of those who were abused and outraged by their fellow men .",liberal
1944,"But he never explained how ordinary Americans would be able to take advantage of opportunities without good public schools , affordable higher education , good roads , and adequate health care .",liberal
617,"Chinese ecological Marxists should not , therefore , treat ecological Marxism as a foreign dogma to be worshipped but a living method with which to analyze and solve the serious problems facing China such as the environmental problem , the Foxconn suicide tragedy ,28 and the gap between the rich and poor .",liberal
2641,Socialists argue that the owners of capital receive more than their fair share of the profits produced by labor and blame this inequity on the private ownership of the means of production .,conservative
2240,"More specifically , congressional passage of the North American Free Trade Agreement ( NAFTA ) in 1993 and legislation establishing the World Trade Organization ( WTO ) in 1994 have already led to the loss of millions of jobs for Americans and have set the stage for still larger numbers of job losses .",conservative
4135,"The villains are grotesques , and even the benign adult protagonists -- Wonka , Mr. Fox , the centipede in James and the Giant Peach -- are not altogether safe or `` nice ; '' they are mercurial , mendacious figures , sarcastic and brusque and ever so slightly cruel .",neutral
1518,"It 's a remarkably adaptive program that helps in virtually every element of care delivery , greatly aiding efforts to analyze symptoms and patient reactions in order to improve diagnoses and treatments , reduce mistaken interventions , and eliminate all sorts of care redundancies .",liberal
1221,"Our children are not learning because the present system is depriving them of such natural stimuli to learning as exercising their resourcefulness to solve the real problems of their own communities ; working together , rather than competitively , with younger children emulating older ones and older children teaching younger ones ; experiencing the intrinsic consequences of their own actions ; judging issues .",liberal
2051,"The extremist environmental movement asserts that we will soon face global warming-induced environmental catastrophes that can only be avoided by forcing Western capitalist nations , especially America , to adopt devastating energy taxes , ruinous new environmental regulations , and a massive wealth transfer to developing countries . ''",conservative
403,"But Latin America was also the first region in the world where these policies came to be rejected as policies that only served to increase poverty , aggravate social inequalities , destroy the environment , and weaken working-class and popular movements in general .",liberal
2726,"Immigration critics have persuasively argued that the current system amounts to the classic case of economic special interests managing to privatize profits while socializing costs , wherein immigrant employers receive the full benefits of the labor done by their low-wage workforce while pushing many of the costs -- including explicit income subsidies -- onto the taxpayers .",conservative
1168,"No other country in the world has achieved this level of success with a form of agriculture that uses the ecological services of biodiversity and reduces food miles , energy use , and effectively closes local production and consumption cycles .",liberal
48,"However , the deduction is an inefficient mechanism for helping low - and middle - income people buy homes because it is worth less to families in lower income brackets , many of whom do not even itemize their deductions .",liberal
997,"Perhaps instead of fighting about tax cuts and tax increases , we 'll fight for a broad , positive agenda of economic security for families and a new role for the U.S. in the world , and revenues will become , once again , a consequence of other decisions .",liberal
700,"Movements should welcome diversity of all kinds as much as possible , but not at the expense of growth , and create movement relations that sustain members and deepen commitment rather than frustrating members .",liberal
652,"State Treasurers Denise Napier of Connecticut and Phil Angelides of California acknowledge their fiduciary responsibility as trustees of their state pension systems , pushing the companies in which they invest to make sure the threat of climate change does not jeopardize their states ' investments .",liberal
759,"Thanks to Grover Norquist and his band of anti-tax crusaders , raising taxes has come to seem akin to murdering puppies and loving terrorists .",liberal
3967,"To address `` private sector vulnerabilities to cyber war , '' as well as the more general problem of malware used for attacks and exploits on private and government systems alike , he would establish a system that scanned every Internet communication transiting the United States for known malware and removed any infected communications for examination and perhaps elimination .",neutral
183,"As life became easier and diversions more plentiful , men are less willing to accept the authority of their clergy and less willing to worship a demanding God , a God who dictates how one should live and puts a great many bodily and psychological pleasures off limits .",liberal
44,"In it , he argues that some of America 's richest people-with the active encouragement of many of our political leaders-have successfully schemed to avoid much or most of the taxes they 're supposed to pay .",liberal
92,"When eyewitnesses are confronted by a stressful situation - as a victim of rape , for example , or as a witness to a crime that involves a gun - the odds of a correct identification are no better than flipping a coin .",liberal
440,"As Yochai Benkler argues in his brilliant book The Wealth of Networks : How Social Production Transforms Markets and Freedom , the new `` networked information economy '' has some critical advantages for realizing democratic values .",liberal
361,"The company cut their promised wages and fired their leader , Joseph Jacobs , when workers protested .",liberal
1326,"I come here not to mourn Bill Clinton , nor to give him sole credit for accomplishments that would not have happened without a hostile Republican Congress , but rather to lament the mostly unremarked passing of the political movement that made his economic successes possible .",liberal
450,"If private co-operative endeavor fails to provide work for willing hands and relief for the unfortunate , those suffering hardship from no fault of their own have a right to call upon the Government for aid ; and a government worthy of its name must make fitting response .",liberal
3678,"A confluence of many factors was responsible for this establishment rout at CPAC , but chief among them has been the widespread disgust and anger over the onrushing financial calamity that threatens to completely annihilate our economic system .",conservative
1696,"The act was designed to create a federal effort to address violence against women by providing uniform definitions of abuse and providing funds for victim advocates , women 's shelters , and counseling .",liberal
3582,An individual will feel compelled to respond favorably to something that promises great personal benefit at low cost or risk .,conservative
3690,"But researcher David B. Kopel pointed out in a 1993 article for the Asia Pacific Law Review , entitled `` Japanese Gun Control , '' that `` more than gun control , more than the lack of criminal procedure safeguards , more than the authority of the police , it is the pervasive social controls that best explain the low crime rate .",conservative
3527,"Although Al Gore and other warming alarmists assert that only `` flat earth '' believers doubt there is a climate-change `` crisis , '' more and more scientists have been going public to criticize the abuse of science to promote a global political agenda that would have horrendous economic , social , and political costs .",conservative
950,"He devotes a good part of his book to an elaboration of the dynamic nature of class domination , of how and why power is exercised by one class over another and , in the process , society is structured in such a way that this domination is replicated from one point in time to the next .",liberal
1038,"Lobbying for the bill , Foster urges pro-life groups and members of Congress to think about the `` serious reasons , '' like lack of good child care or other social services , that make women reluctant to give birth .",liberal
4300,"As an American report noted , `` The traditionally wealthy and powerful landowning and trading interests had previously seen a threat in the growth of a new group of industrialists and had supported those who advocated the dominance of government enterprise .",neutral
853,"Reading between the lines , there are also at least two other sources of irritation : for a Jew , Christianity 's pragmatic success , and its often shameful means of `` overpowering '' Juda-ism , are rightly appalling the forced readings of the Hebrew Bible evident in the New Testament , along with the centu-ries of political oppression and public and private anti-Semitism .",liberal
1945,"This neglect is rather odd : Libertarians are well aware of systemic incentives and unintended consequences at the policy level , but most ignore similar problems in the higher-level political system .",liberal
75,"Even with polls confirming that popular support for overturning the Supreme Court 's ruling was weak , Queers Without Borders , Gay & Lesbian Advocates and Defenders , and Planned Parenthood of Connecticut all supported a `` no '' vote for the constitutional convention and argued against direct initiative .",liberal
771,"This means that attacks on it from those who see the opportunity to become very rich in the easiest possible ways , by preying on the public sector , can not be allowed to get out of hand .",liberal
3600,"Assuming this trend continues , new model unions could very well displace for-profit corporations as the dominant entities in the economy , thanks to their loyal pools of talent .",conservative
2892,"After the Virginia Tech shooting , where 32 innocent victims were killed , a movement arose on college campuses to overturn rules mandating that everyone on campuses be unarmed .",conservative
3198,"Those who believe it is immoral to kill animals for any reason , including eating and humane medical experimentation , should reflect on this : While there are strong links between cruelty to animals and cruelty to humans , there are no links between kindness to animals and kindness to humans .",conservative
2781,"The critical challenge of the 1930s was to revive private-sector growth and employment , which makes everything else possible , not to do costly , socially worthwhile things that increase burdens on the private sector and make recovery more difficult .",conservative
504,"A severe rebuttal came from the Boalt Hall Law School penologists Franklin Zimring and Gordon Hawkins , who argued in a 1988 article published by the National Council of Crime and Delinquency that Zedlewski overstated the net benefit of incarceration by inflating the numerator ( crimes per offender and social costs per crime ) and deflating the denominator ( annual cost of confinement ) .",liberal
1601,"All had problems with stable employment , which was undoubtedly an important root cause of much of their destructive behavior .",liberal
2088,We ca n't cheat and cut across the track and hug big government when it agrees with us .,conservative
4072,"You also will likely be required to commit a violent crime , such as assaulting or knife-slashing a rival gang member or even an innocent stranger in the face .",neutral
1820,Kemp argued for a strategy of national defense built on economic strength -- an approach to global affairs that does not reward corrupt leaders in other nations but instead maintains security by virtue of economic example .,liberal
1912,"It would also be eminently fair , in that it would not punish success but the rich would always pay more , because 17 % of rich is more than 17 % of middle-class .",liberal
3953,"Things change and what you were trying to solve disappears and a new problem takes its place ; or your solution itself creates another set of problems and they require another fix , which leads to more complications .",neutral
4090,"But despite the fear , chaos , and damage the demonstrators inflicted , organizers and protest leaders were quite happy with the demonstrations .",neutral
526,"The liberal challenge is to make sure that day never comes -- to protect capitalism once again , not merely from new radicals who might attack it , but from a new Gilded Age right that sings capitalism 's praises while eroding the moral foundation that permits it to endure . ''",liberal
3259,"Issa 's report , they say , `` supports ACORN 8 allegations of wrongdoing and enterprise corruption ; and presents compelling evidence that ACORN has evaded taxes , obstructed justice , engaged in racketeering , and created a conspiracy to defraud the United States .",conservative
2644,"( His ) abdication of his Christian responsibility to share the Gospel with all non-Christians , his refusal to mention Jesus to Jews , has cost him a few Christian Zionist and Messianic friends but it 's secured him the respect and trust of Likud politicians as well as more radical right-wingers , '' she explains .",conservative
437,"Now comes the layer of ideology : advocates , some of whom may know better , use the `` efficiency of free markets '' to argue against taxes and regulation in general -- they are distortions -- and in favor of laissez-faire . ''",liberal
4257,"If Cunliffe manages to resolve the tension present in all those wonderful twentieth-century Mediterranean histories and create a real cultural history of the material world , it is because , despite working with a body of evidence that is fundamentally faceless , he insists on the centrality of the human experience , and finds it .",neutral
3917,"`` Positions were sometimes argued rather aggressively in ( the first ) Bush ( administration ) , but disagreements were sorted out in private , not by public utterances that got out ahead of agreed policy , '' says a Bush Senior NSC staffer .",neutral
3608,"That is why Genesis mentions the creation of male and female only with regard to human beings , not with regard to the creation of the animals , even though , obviously , God also created male and female animals .",conservative
1468,"This provides a powerful argument that land reform in order to create a small farm economy is not only good for local economic development , but is also more effective social policy than allowing business-as-usual to keep driving the poor out of rural areas and into burgeoning cities .",liberal
1419,"To help defray the cost of expanding coverage -- and to help make medical care more affordable generally -- reformers have proposed creating electronic medical records , studying which treatments work best , and taking other steps that would make the business of health care more efficient while cutting down on unnecessary medical treatments .",liberal
2962,"They have transferred control of elections to the government bureaucracy they fund and control , created complex ballot-access laws , switched to the Australian ballot to weaken local parties , outlawed corporate contributions , and imposed contribution limits to make it hard for opponents to fund a credible challenge .",conservative
2382,"Bush created the Office of Faith-based and Community Initiatives , headed by the Faith-Based Czar , and even gave the nation a Birth Control Czar , formally the Deputy Assistant Secretary of Population Affairs in the Department of Health and Human Services .",conservative
429,"Social Darwinism thereby offered a perfect moral justification for America 's Gilded Age , when robber barons controlled much of American industry , the gap between rich and poor turned into a chasm , urban slums festered , and politicians were bought off by the wealthy .",liberal
2734,"Because logic and facts are not on their side , they instead try to enflame emotion to evoke fear and guilt in their feeble attempt to recruit intellectually weak adherents to their classic `` feel good '' cause .",conservative
1303,"By the same token , though , business models can propel companies forward even if the CEOs could n't care less about the planet : Dow and DuPont have cut their carbon emissions by upward of 50 percent this decade , simply because their managers started to pay attention to energy costs and figured out that efficiency went straight to the bottom line .",liberal
4106,"Knowing that he could n't take a chance that the men might be violent , he pulled a gun that he kept on hand because his delivery drivers get robbed so often , and he shot Hicks , killing him .",neutral
493,"The prudent and realistic path is to set up extensive testing of new models , to evaluate and document their impact , and to make midcourse corrections in the hope that the time will arrive when the public and the health-care system are both ready for changes that will allow America to do better for less .",liberal
1932,"The problem is that private insurers have every opportunity to game the system : By skimming off the youngest , healthiest patients and leaving the rest for the government to cover , they drive down their own costs and make the public option look outrageously expensive by comparison .",liberal
1058,"In fact , the AAAS report , following the lead of the UN 's Intergovernmental Panel on Climate Change ( IPCC ) , stated that global warming is real , that it 's caused by human activity , and that it is an unprecedented threat .",liberal
3501,But the situation is very different when lower interest rates result from the Fed 's creation of new money out of thin air .,conservative
3461,"This is how the public unions have always rolled : strong-arm tactics and brute force through card check , angry mobs storming homes of business leaders , organized strikes , and leftist protests such as in Wisconsin and Occupy Wall Street .",conservative
2484,"Drawing parallels to justified killings of self-defense , Napolitano writes , `` The intentional killing of a baby , for example , can never be right ; a baby is the embodiment of innocence and is in no position to have his or her right to life stripped .",conservative
2711,They ended up in the hands of a relatively small number of people and companies whose purpose was far more nefarious than merely making profits : The raiders who trashed our markets sought nothing less than to use the control they had gained over our financial system to put a wet-behind-the-ears leftist president in office . '',conservative
476,"Ginsburg , in a recent article defending workplace affirmative-action policies for women and promoting paid family leave and child care ( benefits this country still does not provide ) , encouraged the use of CEDAW as a justification for change .",liberal
1819,"A string of recent Supreme Court decisions has exacerbated the problem , allowing corporations nearly free rein to attack candidates who present a threat to their bottom line , pushing officeholders to seek even more money .",liberal
2395,"We were once free men who came of free stock , or from stock who longed to be free , who sacrificed and fought gladly for freedom .",conservative
1150,This leadership will allow this nation to become energy independent and no longer fund the people we currently fight by purchasing their oil . '',liberal
513,"In fact warnings of a housing bubble and the threat of a severe financial collapse in the four years leading up to the crisis were so numerous as to make it difficult , if not impossible , to catalogue them all .",liberal
2129,"And , perhaps most challenging , progressives are losing because the well of public trust in government has been so badly poisoned by the failures of government to deliver that life in the recent past .",conservative
3024,"In almost every case , DiLorenzo , a Loyola College economics professor , declares that the programs and policies these neo-Hamiltonians support have had lamentable economic effects and woeful political consequences , which we suffer from to this day .",conservative
2899,"Tocqueville explained , however , that the danger threatening yet motivating most societies is the miscomprehension of equality , resulting in their descent into centralized tyranny .",conservative
3829,"Medical debt is a problem in its infancy , and the entry of well-established banks along with new upstarts offering credit cards and credit lines creates the potential for exploitation and abuse .",neutral
333,"AS I MENTIONED EARLIER , one of the major criticisms I hear from supporters of same-sex marriage is that heterosexuals have themselves done a pretty good job of destroying marriage already through no-fault divorce , and supporters of the Marriage Protection Amendment have done little about it .",liberal
1371,"They can not simply cut their existing use of fertilizer or pesticides and hope to maintain outputs , thereby making operations more profitable .",liberal
3175,"The National Popular Vote Plan forces one state to select electors on the basis of the popular election results for president in other states , where there is no opportunity for the first state to contest the election -- but where significant vote fraud could have occurred .",conservative
4298,"The digital Beatles are invariably depicted together , giddily making recordings that the actual fellows made in piecemeal fashion -- two Beatles working one day , another overdubbing later , Paul subbing on drums because Ringo walked out , John playing lead because George did n't show up -- sometimes in a storm of rampant egos , conflicting agendas , mistrust , and debilitation .",neutral
2103,Many of the foreclosures and much of the negative-equity problem are a result of the Fed 's easy-money policies and artificially low interest rates that encouraged risky loans and living beyond one 's means .,conservative
2209,"The `` protests '' in Ohio and Wisconsin , need we remind , are similarly violent , lawless , criminal occupations that have resulted in massive vandalism , disruption of traffic and government services , and violation of the rights of other citizens who may not share the protesters aims .",conservative
3255,"While experts say 1:2 is the dividing line between force sustainability and a force `` killer , '' all accounts put the current scheme closer to a dangerous 1:1 ratio .",conservative
2424,"These incentives also supply little reason to exert the intellectual and physical effort necessary not only to control costs but also to make complex systems simpler and more user-friendly , as truly competitive firms and industries must try to do when catering to the public .",conservative
2353,We need to change these safety net programs so that they lead not only to independence from the government but also create incentives for the formation and maintenance of families .,conservative
464,"To pay for that shift , Gates dropped the ax on the Air Force 's beloved next-generation F-22 fighter jet ( price tag : $ 143 million apiece ) as well as the Navy 's DDG-1000 stealth destroyer ( about $ 2 billion ) and an ultra-high-tech Army modernization system slated to cost upward of $ 100 billion .",liberal
2877,"This contradicts more than 50 years of Supreme Court precedents , which say that private citizens can be restrained from speaking or writing only when there is an imminent danger of serious harm .",conservative
675,"They are vilified , and in many states there are explicit attempts to undermine them , but there is no recognition of the important role that they can play in countervailing other special interests and in defending the basic social protections that are necessary if workers are to accept change and to adjust to the changing economic environment .",liberal
3890,"As ( Clifford Irving ) , Richard Gere , who normally competes with Bruce Willis for the title of Most Morose Star , revives much of the energy and charm that made him a delight in the underrated 1983 American remake of Godard 's `` Restless .",neutral
1143,"Actually , it is not such good news for skeptics either , as colder weather is much more dangerous and uncomfortable than warmer weather for many reasons .",liberal
3462,"It is fair to say that the entrepreneurial sector the economy , despite near-universal celebration its importance , continues to be somewhat hobbled by the aftermath of a financial crisis that it did not create , by regulatory favoritism , and by poisonous partisan blockages .",conservative
1011,"The loss of revenue due to lower tariff and tax rates ( cut to lower the price of foodstuffs and basic consumption goods ) , the costs of the pay raise , along with the Social Fund that was announced recently to aid disadvantaged families , will probably exceed $ 1 billion or roughly 6 percent of the Syrian governments entire budget .",liberal
3456,"Law Professor Richard A. Epstein , author of How Progressives Rewrote the Constitution , had some harsh criticism for the path the court used to break free from the chains of the Constitution .",conservative
786,"Current GOP strategy reverses that calculus : Through a series of structural changes and buck-passing mechanisms , Republicans intend to pit program against program in a battle for diminished resources-and may the stronger clients win .",liberal
632,"Since World War II , this country has turned higher education into not only a mass-market product but the best hope of achieving a middle-class income .",liberal
1536,"His allies went even further , using the threatened `` nuclear option '' of eliminating the filibuster for judicial nominations to force an agreement that made it difficult to block two extremely conservative Supreme Court nominations .",liberal
2532,"Angered that so many dangerously ill patients were being neglected by the government system , the good doctor opened a private clinic to treat those in need The government promptly responded by calling the doctor 's attention to the fact that private clinics were illegal in Quebec .",conservative
3356,"This salvation is not from hell , but from sin , thus pretty much eliminating the truth about a future Judgment Day .",conservative
3677,"If that criticism was taken more seriously than the elders intended , the logical ( or emotional ) conclusions that followed went well beyond moderate liberalism .",conservative
2918,"If people were convinced that the currency would always be `` as good as gold , '' there would have been no reason to dump dollar-denominated assets in favor of gold .",conservative
3848,They also resolved that `` As Persons very commonly in Conversation use bad Grammar it is determin 'd that in the Meeting free liberty be taken by all present to criticise upon each other 's Language .,neutral
3316,"But in each of these instances , it was our very commitment to moral and religious principle , to an authority and law higher than our own , that impelled us to self-correct and to use our greatest mistakes as the greatest opportunities to reassert the dignity of every human being and the cause of human freedom . ''",conservative
2999,"The 9\/11 attacks showed what just a few determined terrorists can do when we allow them easy access to our country , and here we are letting millions of people come in unchecked .",conservative
3528,"With so many people finding less and less reason to feel the importance of their home , I am sure the void will be tilled by an as-yet-to-be-determined government solution -- one with more dissolution of property rights , because people wo n't put up a fight for something they care little about .",conservative
1678,"Since the law defined assault weapons based on whether or not they had several features , the manufacturers did n't bypass the law -- they simply complied by eliminating features the law called for .",liberal
2378,"And Obama 's pick to head the Department of Agriculture , former Iowa governor Tom Vilsack , is an enthusiastic supporter of one of the most foolish and damaging federal economic manipulations around , endless ethanol subsidies .",conservative
3476,"Democratic Party leaders rejected this proposal , and opted to use available funds for get-out-the-vote campaigns among the existing electorate .68 One can only speculate why the Democrats elected to ignore this approach in 1984 , and thereafter , but the instinct to appeal to business and its resources looms large .",conservative
2321,"While the original quote was used to allay Americans ' fears of socialist economic policies that were supposed to rescue America from the Great Depression but actually deepened and extended the depression , the perverse version confected by Walker is a perfect explanation of modern Americans ' misunderstanding of freedom : `` The only thing we have to fear is freedom itself .",conservative
2516,"Their plan is twofold : one , keep interest rates so low that savers are punished , and two , crank up inflation so that households are forced to spend money before it loses value .",conservative
1609,"Last year , unions devoted their energy mainly to the legislative battles for labor-law reform , stimulus legislation , and health-care reform .",liberal
280,"Mr. Obama has sought to strike a balance : emphasizing the depth of the problem , to create a sense of political urgency for Congress to act quickly , while not being so pessimistic that he could further destabilize the jittery financial markets or deplete the sense of energy and hope accompanying his election .",liberal
1706,"In an earlier book , The Great Unraveling ( 2003 ) , he warned of the dangers of deficit spending when the economy is in good condition , rightly excoriating the Bush administration for its massive defense spending .",liberal
701,"At the same time , income support programs , including unemployment benefits , food stamps , welfare , and Social Security , came under assault with the consequence that benefits have been steadily chipped away for forty years .",liberal
1188,"The challenge is figuring out how to extract and use the energy , without using even more energy or causing big problems in the process .",liberal
1074,"Great pressure is applied then to members of Congress to pass the agreement , by the White House and corporate lobbyists , with extravagant claims about the benefits to be reaped by increased trade and , conversely , the dire consequences that will befall the United States ' economy , competitiveness , and international stature if they fail to expeditiously approve it .",liberal
2839,"This includes , to quote the Oregon bill as introduced , having `` each state agency ... maintain a copy of each monthly statement for all its credit cards '' used by employees and requiring each month 's statement to be made available on the Internet within 30 days after it was paid , with only the credit-card number deleted .",conservative
1443,Obama seems to understand that creating workarounds for every problem does n't necessarily make government work better - it just makes it more complicated .,liberal
330,"\* Active , everyday citizen participation and organizing : Shared governance and deliberative democracy can improve governmental decisions and ensure popular satisfaction with outcomes ; card-check elections for unions and other labor-law reforms can empower workers ; changes in the tax code would facilitate community organizing .",liberal
800,"But as it 's taken more extreme positions on a range of hot-button issues , from flirting with climate change denial to fighting health care reform , its reputation as a predictable pro-business group is crumbling .",liberal
887,"At its sharpest edge , the Tea Party phenomenon represents the angry conservative base , punishing incumbent Republicans for any number of infractions : bailouts , support for amnesty , softness on terrorism , or , in the case of Charlie Crist , hugging Obama .",liberal
406,"We wanted Obama to appoint some progressives to his cabinet , get out of Afghanistan , scale back the military empire , shrink the megabanks , create a public bank , push hard for a public option in health care , push through a second stimulus bill to save and create jobs , and end the Bush tax cuts .",liberal
1743,"At some point , the economic costs of deteriorating forests , dying lakes , damaged crops , respiratory illnesses , increasing temperatures , rising sea levels , and other destructive effects of fossil fuel use become unacceptably high .",liberal
1286,"The hope is that the public insurer , which will not need to turn a profit and will be free of some of the perversities of private insurance , will prove the most cost-effective and attractive option , leading individuals and businesses alike to gravitate toward it .",liberal
1598,"Its intent is used to justify the great reliance on emergency-room treatment for primary-care problems : it is deemed a necessary evil because if kids were n't getting their basic health needs met in emergency rooms , their health problems would likely get worse and lead to very serious and expensive emergency-room treatment later .",liberal
1672,"These two highly successful examples clearly demonstrate the necessary intersection among three critical factors : qualified and motivated staff , leadership committed to improving the academic achievement for all students , and funding adequate to ensure that poor and challenged students will succeed academically at a high level .",liberal
3019,"As minority voters continue in greater numbers to climb the economic ladder , the Republican Party has a golden opportunity to speak with them about how our policies to stimulate economic growth will benefit all those who want to succeed .",conservative
392,"The notion of regime uncertainty is impossible to quantify , but Higgs presents an array of evidence showing the depth of shock , fear , and distrust that FDR 's actions created , especially in the business and investment community .",liberal
550,"Recent reports from the Pew Charitable Trusts and the Natural Resources Defense Council project that , as a result of global warming , U.S. gross domestic product in 2100 will be between 0.6 percent and 3.6 percent lower than it would otherwise have been , thanks to stronger hurricanes , rising sea levels , droughts , and the like .",liberal
2324,"Thus he castigates the FDA , `` government bureaucrats , '' and private critics for restricting the freedom of the pharmaceutical industry and thereby reducing its incentives to find and to develop creative new medical treatments .",conservative
76,"America created that virtuous cycle in which an ever-growing middle class had the ability to consume more goods and services , which created more and better jobs , thereby stoking demand .",liberal
3021,"In 2003 , Klaus succeeded his semi-namesake Vaclav Havel , who has taken a sort of vengeance by writing a play in which a wicked conservative president , Vlastik Klein -- note the initials -- takes over from a civilized liberal and cruelly tries to drive him from his official residence .",conservative
3732,"Given that the Fed 's zero-interest rate policy ( ZIRP ) has lowered the yield on cash to almost zero -- earn a big 1\/10th of 1 percent on your cash -- the predictable result of the latest easing was a mad rush into risk assets such as precious metals , commodities , and stocks , which jumped 19 percent from June to early November . ''",neutral
1214,"If the potentially progressive element of an industrial sector exists primarily in enterprises based overseas , it becomes that much more difficult to bring the political coalition to life that would use regulation effectively to solve the underlying social problem by spurring more rapid technological advances .",liberal
2440,"Environmental and consumer groups could present problems that need redressing , and entrepreneurs , including small businesses , could present new products , technologies , and designs to replace the wasteful , environmentally destructive ones that currently dominate the market .",conservative
2886,"This is shown by the fact that He allowed His first creatures to misuse that faculty , to commit the sin we call original , and thereby to lose the integrity with which they were created .",conservative
1576,"Our kids get the wonderful opportunity to die in distant lands , while theirs are burdened with free college tuition and good health care .",liberal
4062,"In the last week of February , the Federal Reserve and the Treasury Department both announced that the federal government may convert the shares of preferred stock it already owns in Citigroup and other banks into common shares , thereby acquiring voting fights and a greater measure of outright control over the institutions .",neutral
2111,"The Uruguay Round Trade Agreement has successfully forced upon countries around the world a version of intellectual property rights that is bad for American science , bad for global science , bad for developing countries , and bad for access to health .",conservative
854,"As the war and revolution were drastically changing class relations in the United States , the war also had a major impact in the class war between the capitalists and the working class in Britain .",liberal
967,"Capital understands this and prefers to use the crisis to force down government spending and destroy public unions , which now represent more workers than private sector unions , thereby using the crisis to their long-term advantage by reducing the organized power of labor .",liberal
2333,"To avoid this , the Federal Reserve and other central banks routinely lower interest rates far below natural market values , to entice individuals and corporations to keep borrowing and spending , rather than to save .",conservative
2791,"For many years , advocates of federal aid denied that aid implies control , but in the light of the National Defense Education Act of 1958 they can not very well maintain their position .",conservative
200,"The statement calls for leaving fossil fuels in the ground , popular and community control over production , reducing the North 's overconsumption , respecting indigenous and forest peoples ' rights and , notably , reparations for the ecological and climate debts owed by the richest countries to those who are most affected by resource extraction and climate-related disasters .",liberal
453,"It 's therefore natural to conclude that Bush has simply betrayed conservatism , and therefore that conservative intellectuals and activists bear none of the blame for the iniquities perpetrated by Republicans in office .",liberal
1524,"After years of working on issues of racial profiling , police brutality , and drug-law enforcement in poor communities of color as well as working with former inmates struggling to `` re-enter '' a society that never seemed to have much use for them , I began to suspect that I was wrong about the criminal-justice system .",liberal
1275,"An aggressive risk-equalization scheme , like the one in the Netherlands , could help thwart such efforts-but the reform bills do n't specify how aggressive those schemes will be .",liberal
4099,"Failing that , they will be threatened with every species of defamation and public humiliation should they fail to play along .",neutral
1719,The substitution of tolerance for contempt and pity does not lighten the burden sufficiently to make the American dream accessible to African American and other minority citizens .,liberal
1900,One such tax credit idea is to incentive the creation of new energy production technologies that reduce carbon loading .,liberal
1623,"Lee has played the local politics of medical marijuana as skillfully as anyone , winning city approval for industrial-sized indoor growing operations to feed the medical distribution system as well as a statement of intent to legalize the general sale of marijuana to adults as soon as the state permits it .",liberal
2744,"There was nothing in the Constitution to allow for creation of a national bank , and certainly no authorization for Congress to create a monster such as the Federal Reserve .",conservative
892,"During the Clinton era , when there was the prospect of expanding social insurance , Republicans fought to kill any universal health-insurance program , lest younger voters also get the idea that government could actually he useful .",liberal
723,"In this age of group and identity politics , as ethnocentrism , corporatism , and globalism dominate our political systems and processes , I believe populism may offer our best hope of creating a sufficiently powerful countervailing force to the elites and orthodoxies that are now unfettered in their direction of our economy and our government .",liberal
1420,"So-called innovations in credit charges - including teaser rates , negative amortization , increased use of fees , universal default clauses , and penalty interest rates - have turned ordinary credit transactions into devilishly complex undertakings .",liberal
1490,"Instead of blaming Mexican workers who are desperate to feed their families , U.S. workers should point the blame at corporations that show loyalty only to their own profit margins , as they force workers on both sides of the border to compete in a race to the bottom .",liberal
2317,"Reports of this research , however , provoked worries that publishing the recipe for transmitting the flu virus could enable bioterrorists to unleash a devastating global epidemic that might kill billions of people .",conservative
619,"`` The disparity of fortune between the rich and the poor , '' Plutarch remarked , `` had reached its height , so that the city seemed to be in a truly dangerous condition , and no other means for freeing it from disturbances ... seemed possible but a despotic power .",liberal
1516,"To explain how and why the political forces led to that outcome , I will begin by noting how corporations and the rich used their rising profits and their falling tax burdens to shape politics .",liberal
2305,"Just as the current crisis in spiralling healthcare costs coupled with dwindling insurance affordability was created in large measure by government controls already in place , so further controls , both at the state and national level , will not only make things worse , but also prompt cries for still more governmental corrective measures .",conservative
3859,"Not only did the loss of former affluence and the destruction of the old moral ethic humiliate the human pillars of society : in German minds democracy and republicanism had become so associated with financial , social , and political disorder as to render any alternatives preferable when disorder threatened again .",neutral
1199,"Unfortunately , we are gradually losing our fights to ambitious bureaucrats in government who think nothing of using the power of government to destroy people .",liberal
4153,"Their primary interest in high-minded objectives , however , is in determining which arguments for the legislation they favor are most likely to convince voters that supporting it at the ballot box is the moral thing to do .",neutral
785,"How young children learn to think , how they learn to read , how they learn to solve problems is as much reliant upon their social and emotional capacities as their cognitive ones .",liberal
1098,"Well , that 's because the upper echelon benefits from `` creativity , '' when in fact Florida 's `` creative class '' is defined to include essentially everyone in the highest-earning third of the work force - including the titans of finance , whose `` creativity '' has turned out to be deeply destructive .",liberal
2084,"In the past two , they 've easily killed all attempts to control home schooling or further restrict rights to own or use firearms .",conservative
2231,The very reason that the regime and its media shills despise and fear sound money is the reason a free people should support it : it limits the government 's ambitions by restricting the share of resources it can siphon from the productive economy .,conservative
3455,"This was leadership that had the strength to turn moments of adversity into opportunity , the wisdom to see a little further down the road , and the courage to challenge conventional thinking and worn ideas so that we could reinvent our economy to seize the future .",conservative
3597,"This is a profound violation of the principles of free speech , freedom of religion , and the obligation which our Founders saw for religious leaders to lead -- that is , to speak out forcefully on moral and spiritual aspects of political issues and politicians , and especially from the pulpit .",conservative
1962,"We care only about economic efficiency , the argument goes , and have no regard for the consequences of pollution and other examples of environmental degradation .",liberal
980,"The true motivation for the plan was much simpler : The rationale was n't that rich people are bad but that they 're able , within reasonable limits , to afford a higher tax burden .",liberal
4168,Ray and his brother Dave -- the group 's lead guitarist and an important architect of its sound -- have since enjoyed low-profile but impressive solo careers .,neutral
1241,She has decided that teachers ' unions are a good thing because teachers best understand what students need and because organized teachers can best resist the often wrong-headed nostrums of giddy reformers .,liberal
3642,"We need to maintain the distinction between a pro-capitalist ( good ) and pro-business ( bad ) approach to economic policy if McCloskey 's wealth creators are to remain free , publicly honored , and thus maximally innovative and productive .",conservative
1378,"So their first order of business will be a series of investigations and hearings showcasing how Republicans have undermined the stability of Medicare , rammed through a capricious and inadequate drug benefit , ignored soaring insurance costs and the number of uninsured , and further damaged the already precarious employer-based insurance system .",liberal
2234,"That is , if men assume that freedom is license , if they assume that they can do whatever they want and abandon a freely accepted moral code in favor of the law of the jungle , the resulting moral anarchy will inevitably lead to the loss of freedom .",conservative
2252,The other strain came from 19th-century microeconomics-the modeling of how perfectly informed rational autonomous individuals maximizing short-term profits respond to price changes .,conservative
4131,"According to the `` Status model , '' novels exist fundamentally as works of art : `` the people who manage to write them deserve extraordinary credit , and if the average reader rejects the work it 's because the average reader is a philistine ; the value of any novel , even a mediocre one , exists independent of how many people are able to appreciate it .",neutral
981,"True , as companies and countries get richer , they can afford more efficient machinery that makes better use of fossil fuel , like the hybrid Honda Civic I drive .",liberal
1724,"The government is weak and getting weaker by the day ; it also shows little willingness to make the minimum commitments necessary for stability -- amending the constitution to guarantee Sunnis their share of national oil revenue , allowing lower-level Baathist officials to be rehabilitated , and disarming the militias . ''",liberal
1478,"Another four years of this and the entire 75-year-old social contract that created the American middle class-everything from Social Security to public education-will be ripped to pieces while allowing the corporate looting of the U.S. Treasury to continue through tax cuts , privatization , and overstuffed insider contracts .",liberal
456,This scheme has allowed them not only to hide the costs of the conflicts but also to avoid painful budget choices while funneling billions of dollars in unvetted goodies to favored interest groups .,liberal
942,"The unplanned order of old buildings , mixed uses , and formal conventions , Jacobs argued , protects people from danger and makes decent lives for them possible .",liberal
210,"Which leads us to the next chapter , `` Overwhelm and Defeat , '' detailing techniques '' for routing one 's enemies by manipulating the immigration spigot .",liberal
2891,"Since serious , critical social analysis is prohibited , these critics are forced to consider music solely in the abstract , without taking into consideration its real historical foundation .",conservative
3766,"After 50 years of using this technology , it can be said without hesitation that nuclear power is far safer than fossil-fuel-fired plants in every conceivable way : accidents , environmental damage , health effects , long-term risk , you name it .",neutral
2342,"Any movement away from the regulatory state that allows the free market to operate will have substantial net positive effects , from creating new businesses and allowing successful ones to expand with new infusions of capital , to creating new employment opportunities for some of those 88 million currently `` not in the labor force .",conservative
1759,Labor-law reform ( and enforcement of existing labor and discrimination laws ) would restore some balance of power in the workplace and would allow workers to go beyond federal or state minimums to secure a fair share of the profits their work creates .,liberal
4103,"The gnawing resentment of creative talents who never achieved what they desired or never received the breaks they felt they were due is a rich , stubbly grown-up subject that deserves better than the gentle spray of ironies that Gopnik employs whenever a fanciful notion dials his number .",neutral
1690,"On MSNBC in April , West told the Reverend Al Sharpton , a White House ally , `` I worry about you , brother , because you can be easily manipulated by those in the White House who do have the interests of Wall Street oligarchs , who do have the interests of corporate plutocrats , and you oppose .",liberal
1356,This would entail setting up local forums and discussions in non-threatening settings where progressives could use their personal connections to Tea Party sympathizers and members to delve into the contradictory feelings of populist rightists who simultaneously fear those below them and are outraged by the greed of America 's economic elite .,liberal
195,"From the 1970s , changes in the international economy have put new weapons into the hands of the masters , enabling them to chip away at the hated social contract that had been won by popular struggle .",liberal
2380,"And for good reason : Everybody in Washington knows that , if more money is needed , the Federal Reserve , in cahoots with the U.S. Treasury , can create it out of thin air simply by issuing more debt .",conservative
3615,"Aggressive federal agencies and their environmental extremist clients have , instead , hijacked them , converting them into tools to prevent reasonable land uses and extort money from property owners for the benefit of favored environmental groups and causes .",conservative
1813,"He then complains that this battle of ideologies is going to be impossible to resolve , especially since the Tea Party has no leadership , and includes `` affluent suburban libertarians , rural fundamentalists , ambitious pundits , unreconstructed racists , and fiscally conservative housewives .",liberal
2113,"Bush describes devoting a single meeting , during his first fall as president , to the far larger question of where and how to intervene militarily in the Middle East in response to the attacks of September 11 , where he listened to disagreements within a confined range of opinion from a handful of his closest and most familiar aides .",conservative
2155,"According to the left-leaning group Human Rights Watch , the reason this happened was because Barack Obama refused to provide proper protection to guard the weapons stockpiles .32 When weapons went missing in Iraq , the liberal media made a massive story out of it and used the issue to try and defeat George W. Bush .",conservative
4248,"During consideration of S. 1813 , Sen. Debbie Stabenow ( D-Mich . )",neutral
4173,"Abstract : The Larry Franklin , a Soviet intelligence analyst at the Defense Intelligence Agency until he learned Farsi and became an Iran specialist , spy probe punctuates the fierce feud within conservative circles over how to go after Iran .",neutral
268,The financial incentives to vote with the greedy bastards extend beyond political careers .,liberal
1001,"In other words , they got the number by excluding the portions of the tax cut that did the most to benefit the rich .",liberal
2061,"Contrary to this view , the Obama stimulus programs failed not only because they were of insufficient magnitude , they failed because their composition was exceptionally bad and their timing poor .",conservative
3749,"Although aquabusiness is efficient at turning fish into a commodity for markets given the extensive control that is executed over the productive conditions , it is even more energy inefficient than fisheries , demanding more fuel energy investment than the energy produced .43 Confronted by declines in fish stock , capital is attempting to shift production to aquaculture .",neutral
2569,"He impugned liberalism as frankly elitist and impulsively hostile to `` the positive features of petty-bourgeois culture : its moral realism , its understanding that everything has its price , its respect for limits , its skepticism about progress .",conservative
1152,"Some have led to lower energy use ( though lower yields , too ) ; others to better nutrient retention ; some greater nutrient losses ; and most to greater labor use .",liberal
1039,"One strand of this argument contends that , despite rising insecurity and inequality , most people are doing fine ; so it 's a mistake for Democrats to emphasize pocketbook issues , lest Democrats become a minority party of the poor .",liberal
2248,"The preposterous time delays that we allow regulation and litigation to insert into the system , and the consequent time value of money forced onto these plants , have been the killing factor , not any problem with the technology itself , which continues to grow everywhere else .",conservative
217,"The Pennsylvania Energy Harvest program allocates about $ 5 million a year in grants to companies to encourage investment in renewable energy sources , energy-saving production processes , and alternative energy production .",liberal
1454,"The turmoil in the private economy , whether generated by creative destruction or financial manipulation , is a reason we need progressive government .",liberal
365,"In the past five years , Cizik has become an outspoken advocate of `` creation care , '' a doctrine rooted in the Bible that urges environmental protection , with global climate change as the clear and present danger .",liberal
2524,"As with the argument above , the idea that future generations will be poisoned by our waste unless we carry out curbside recycling programs is ridiculous .",conservative
3800,"In her introductory remarks for Reverend Peterson , she stated , `` Most importantly , this man does not just talk , he walks the walk every day of his life and works tirelessly to provide disadvantaged young men the support that he was denied to become productive , loyal , law-abiding American citizens .",neutral
296,"When consumers of cars have no incentive to take into account the damage their emissions of greenhouse gases inflict on victims of climate change , they offer to buy more cars than is socially efficient .",liberal
3035,"While it is true that even one life is immeasurably important , the tally attributed to Pinochet barely rates as a blip compared to the tens of thousands imprisoned , tortured , and murdered by Fidel .",conservative
687,"Government loans provide immediate benefit to certain privileged groups , while depriving capital to other groups , resulting in a net loss to the nation as a whole .",liberal
1204,"In May 1933 , U.S. Senate Banking Committee counsel Ferdinand Pecora exposed how Morgan reserved shares at reduced prices for certain clients , giving guaranteed profits to former President Calvin Coolidge , Franklin Delano Roosevelt 's sitting treasury secretary , the chairmen of the Republican and Democratic national committees , and the CEO s of General Electric , AT&T , and Standard Oil , among others .",liberal
776,"For families where parents are impaired by depression , substance abuse , personality disorders or domestic violence , programs must compensate by ensuring that all young children can grow up in environments that are safe , nurturing , stimulating and responsive .",liberal
567,"However , the report noted that , `` Deaths were not classified as being due to coalition forces if households had any uncertainty about the responsible party ; consequently , the number of deaths and the proportion of violent deaths attributable to coalition forces could be conservative estimates .",liberal
3319,"Through freedom and mutual respect , each of us is free to pursue our dreams and to become the best versions of ourselves , together creating a community of people reaching their highest God-given potential .",conservative
331,"Abstract : At the retail level , this system depended on a far-flung industry to create those assets , which involved deceptive products like sub-prime loans , hidden credit-card charges , and predatory forms of consumer credit such as payday loans with annual interest rates in excess of 400 percent .",liberal
2029,"You never hear from the co-conspirators of the left-wing media how many innocent victims are dead , raped , and mutilated as a direct result of these left-wing policies and insane anti-gun laws .",conservative
3654,"In a sad twist of irony , not only did Pitts lose money because of the manipulations , but both he and his descendants will be expected to bankroll the actions that decimated his investment portfolio via higher taxes and higher prices , the latter caused by the Fed expansion of the money supply .",conservative
3969,"An honest man never changes his name , because his honesty makes it honorable .",neutral
39,Committee investigators have established that a violation of corporate duties led to gross abuses of tax laws and other federal regulations .,liberal
1667,Contemporary libertarian individualism and statist collectivism created each other and are locked in a fatal embrace that destroys the civic middle and the life and economy of the associative citizen .,liberal
3595,"In other words , the exchange value of the commodities socially necessary for the production and reproduction of labor power for a period of , say , one day or one week is smaller than the exchange value created by the use of that labor power during the same period .",conservative
3568,"Third , a range of public policies helped facilitate this economic mobility and opportunity : a strong minimum wage , grants for low-income students to go to college , generously subsidized state college tuition , a reliable unemployment insurance system , enforcement of the right to join a union , major incentives for homeownership , and a solid safety net for those falling on hard times .",conservative
1207,Knowing full well that the source of the weapons was none other than the U.S. .,liberal
2630,"Phillip Van Cleave , president of the Virginia Citizens Defense League , told the Associated Press there is no valid reason why lawfully licensed gun owners should not be able to keep their firearms with them while in a restaurant while criminals have their own weapons and are n't too worried about obeying the law .",conservative
3584,"In traditional societies , genetic relatives are more likely to live together , work together , protect each other , and adopt each other 's orphaned children , and are less likely to attack , feud with , and kill each other .",conservative
1888,"On the other , the same bankers have refused to renegotiate outrageous interest-rate spreads even though , as a result of the crisis they created and due to taxpayer largess , their borrowing costs are next to zero .",liberal
3958,"That meant that , even if a given asset had long-term value and might eventually be sold for a profit , if its present value was very low , that current low market value was the value banks must carry on their books .",neutral
467,"This is dramatically evident in polls , which regularly show that the majority does n't approve of the serial wars in which the leadership 's engage ( including the attack on Libya ) , would prefer more infrastructure and educational expenditures and smaller `` defense '' outlays , are more worried about jobs than the deficit , and do not favor slashing Medicare , Medicaid , and Social Security .",liberal
827,"PLANYC IS PREMISED ON the idea that with New York City 's population expected to grow by 1 million over the next two decades , aggressive steps must be taken to increase access to green space and affordable housing , improve public health , preserve and retrofit historic buildings , and fight global warming .",liberal
3576,A few deranged individuals who kill innocent people in headline-making shooting sprees have created the impression of a gun culture gone wild in the minds of people understandably shocked by the senseless killing .,conservative
1289,"The primary laborunion argument against Right to Work laws is that such laws create the socalled `` free rider '' problem , whereby employees who do not join the labor union and pay membership dues will reap the same benefits as those who join the labor union and pay membership dues .",liberal
1127,"Surpluses lowered prices and forced small operators out of business , and such surpluses were turned into products like high-fructose corn syrup and ethanol , which created more health problems or took grain out of food production to make more money .",liberal
1685,There is another way to stop anger over the WikiLeaks document dumps from turning into an assault on the First Amendment .,liberal
558,"It has fed on an easy hatred of government and taxes , from the `` I 'm Mad as Hell '' chants of the California tax protesters in 1978 - the spirit that helped get Ronald Reagan elected president - to the Tea Party of today .",liberal
904,"That 's because every fight tells a story : Focusing on hedge-fund managers suggests that only a few very wealthy people are ripping off the rest of us , and neglects the more basic problem of the radical inequity of our tax code .",liberal
566,"In 1976 Ivan the Terrible , a summer replacement sitcom created by Alan King , depicted impoverished Muscovites suffering deprivations and corny bread line jokes while living in a cramped one-bedroom apartment .",liberal
818,"Only a movement among workers themselves , in which rank-and-file members play a much more active role , can build unions that will survive an employer offensive , and that can fight effectively for social reforms from single-payer health care to true legalization and equality for immigrants .",liberal
484,"Rising Treasury yields can only be a good thing , according to Krugman , since they imply that investors are putting their money into riskier , potentially more profitable financial instruments -- signaling that a recovery is on the way .",liberal
3900,"Particularly in dark moments of doubt and uncertainty , a stubborn , confident idealism has often illuminated an unsuspected path , shown a better way .",neutral
1421,"Here 's a radical , inclusive idea to give nearly every U. S. worker paid family and medical leave : allow workers to trade future Social Security benefits to pay for leaves covered by FMLA-to care for a new child , to care for a sick family member , or to recover from a serious illnessregardless of how small an employer is .",liberal
1535,"In It , he argues that some of America 's richest people -- with the active encouragement of many of the political leaders -- have successfully schemed to avoid much or most of the taxes they are supposed to pay .",liberal
494,"But if we spend our health care money directly with multidisciplinary , targeted physician teams and health coaches , the system creates a naturally occurring incentive , transaction by transaction , to reward those who nurture health .",liberal
1237,"In stark contrast to the sadistic attitude toward labor , when speculative excesses or some other miscalculation create adverse economic conditions that threaten to harm powerful business interests , especially in finance , the Fed is almost certain to rush in to the rescue .",liberal
267,"Mindy Lubber , the director of INCR , argues that if a company is n't thinking about how climate change will affect the way it does business , it 's not maximizing shareholder value .",liberal
503,I offer a bolder alternative : President Kerry should direct his treasury secretary and chief economic adviser to use the mess President Bush created to pursue a bold and progressive tax reform that rewards work and expands the middle class .,liberal
778,"Because we all depend on low wage workers for essential human needs and because we enjoy a good standard of living on their backs , we owe them , and we owe them big time .",liberal
2393,"In well-intended efforts to position pro-democracy reforms as nonpartisan , reformers often strip these process reforms of any hint that they would affect the outcomes we actually care about-for example , public decisions around jobs and the economy , health care , energy and the environment , war and peace .",conservative
3577,"Yet Paul has retained his old friend 's devotion to Austrian economics and a natural-rights-based libertarianism rooted in the nonaggression principle , the axiom that one must not commit aggression against another 's person or property .",conservative
3471,"On November 2 , 2011 , the House Energy and Commerce Subcommittee on Health held a hearing in which numerous panelists argued that the ObamaCare mandates threaten conscience rights and access to care .",conservative
2227,"As Michael Dannenberg argues , the routine progressive agenda on higher education , which is to invest more money in financial aid , is limited if progressives are not willing to confront the cost of tuition , help students make informed choices , and consider a more sweeping agenda that would include tuition-free community colleges .",conservative
3197,"I hope that the outcome encourages those pessimistic about the readiness of Americans everywhere to listen to calm reason , accept the need for tradeoffs , and set our nation back on the course of greatness of which we are fully capable .",conservative
1362,"His National Center for Neighborhood Enterprise has initiated a project using market-based solutions and public-private partnerships to help Lowndes residents improve sanitary conditions , reduce their living expenses , create economic development programs that will result in jobs , and improve facilities for education and job training .",liberal
773,A renewed emphasis on alternative energy and the infrastructure to support it would have the added beneficial effect of not just making us carbon free by 2050 but creating millions of new high-skilled jobs . '',liberal
226,"In other words , a free society runs the risk that the citizens will abuse their freedoms , unless there is something that induces them to practice an adequate degree of self-restraint .",liberal
426,"Cars and trucks produce exhaust , which deteriorates buildings and statues , causes cancers and asthmas , and , when rain catches it on the way down , pollutes waterways and crops , with those poisons ending up in the food chain .",liberal
1824,Immigration restriction and affirmative action only merit sustained discussion when the Reaganites do not want to risk `` offending employers who hired low-cost nonunion Latino and Asian workers under a diversity rationale .,liberal
1869,"The redistributive state turned out also to be , in critical respects , a productive , developmental state , generating wealth as well as power .",liberal
1277,She would also support tax credits for home improvements that make houses more energy efficient ( such as the installation of rooftop solar panels ) and call for a cap-and-trade system that would set a cap on total carbon emissions .,liberal
2004,"What 's more , virtually every subsidiary Republican attackfrom gay marriage ( Homosexual Party ) to taxes ( Nanny Party ) to abortion ( whatever you say , dear ) - has exploited traditional gender stereotypes and reinforced the theme of Democratic wimpery .",liberal
3472,"Teen pregnancy , abortion , sexually transmitted diseases , addictions to pornography and its debasing message about women and sex , high school dropouts , depression and suicide : all come in whole or in part from increased teen sexual activity , which has skyrocketed since the popular culture has picked up the village elders ' banner of free love .",conservative
880,It is both ironic and tragic that changes to U.S. trade policy that favor the developing world are often opposed by farm interests on the grounds that they hurt U.S. producers .,liberal
1049,"NOMINEE 4 Rep. Steve King ( R-Iowa ) does n't just support building a wall at the border ; he wants to run 2,000 miles of electric fence on top of it , carrying `` the kind of current that would not kill somebody , but it would simply be a discouragement for them to be fooling around with it . ''",liberal
3401,"In a recent case in Philadelphia , an Internet service provider was asked for detailed information relating to all traffic on a certain date , to include IP addresses , times , email addresses , physical addresses , registered accounts , Social Security Numbers , bank account numbers , and credit card numbers .",conservative
2552,"In large part , the answer lies in a simple manipulation of the value of flat money -- that is , money that 's created out of thin air and is not backed by gold or silver .",conservative
1000,"In this perspective , nature is perceived as external to humans and full of usable material goods for consumption and gain .2 Certainly , there is a link between environmental degradation and social injustice : how people treat nature and how they treat each other is inseparably connected ( ecofeminism ) .",liberal
2833,"There are freedom solutions to education , health care , and Social Security , as well as for American energy supplies , our tax code , and transportation system .",conservative
3092,Or of earnest Greenpeace activists denouncing big corporations for killing polar bears and claiming that `` The Science '' shows we 're all doomed -- Greens always use the definite article in relation to science .,conservative
495,"The important thing in politics these days is to sound sincere and appear to be kind and caring , even if your policies result in more poverty , more pain , and more people living without health insurance or hope .",liberal
2212,"`` From 1929 to 1940 , from Hoover to Roosevelt , government intervention helped make the Depression Great , '' writes Amity Shlaes in The Forgotten Man : A New History of the Great Depression .",conservative
1873,"Trade openness has destroyed some livelihoods while creating some new opportunities for income generation and employment , albeit to a lesser extent .",liberal
2683,"But the founders were just as adamant that the inculcation of virtue was primarily the task of the private sphere , of individuals figuring out their own moral systems or religious faiths , of schools and parents teaching children the virtues they wanted to pass on , of churches free of any government meddling , inspiring and helping people to lead good lives .",conservative
2733,"High interest arises from three circumstances : A great demand for borrowing ; little riches to supply that demand ; and great profits arising from commerce ( hence the desirability of demanding more loans ) : And these circumstances are a clear proof of the small advance of commerce and industry , not of the scarcity of gold and silver ( money ) .",conservative
213,"I have to repeat that fact because , even as I write it , I can not absorb the bottom-feeding depths of stupidity it entails : Our society is employing some of the most destructive elements yet invented , chemical elements that literally change our biological essence , for no nobler purpose than whitening paper .",liberal
3271,"This development also represents the destruction of the use value structure of the capitalist economy , which is no longer dominated by social use values , C , but increasingly by specifically capitalist use values , CK , having as their sole purpose the promotion of exchange value .",conservative
1164,"Bar-Gill does not refer to the gorilla experiment , but he places a lot of emphasis on salience , and he contends that because consumers are imperfectly rational , they are likely to ignore important information and hence to make big mistakes .",liberal
3906,"`` A devil , a born devil , whose nature nurture could not pick , and whose nurture nature can not kick '' : this would have been a less musical but more accurate way for Shakespeare to have penned Prospero 's line .",neutral
2637,"In the quest to erode barriers to a more vibrant and cohesive community , those who promote such anti-discrimination laws destroy the right to private property , freedom of assembly , freedom of association , free enterprise , and freedom of contract .",conservative
531,"Beyond monitoring how the government is mopping up after the financial crisis , Warren is pushing a proposal that could help prevent the next one : creating a Financial Product Safety Commission to protect consumers from abusive lenders .",liberal
3880,"The idea here is to ameliorate the attribution problem by eliminating the `` it was n't us , it was private hack-ers '' defense that Russia and China have invoked when criticized for cyber attacks from inside their borders .",neutral
390,"More and more people would realize that an entire economy run according to democratically decided policy objectives would be better for the vast majority of Americans than our current economy , which is run according to profit maximization , produces great inequality , and is highly unstable and prone to crises , like the present crisis , that cause great suffering and hardship .",liberal
3591,"Generators with relatively low costs did not cut prices but earned high profits , which should , in principle , have inspired them to expand capacity .",conservative
4096,"Manufacturers of components are intimately aware of critical problems-such as the need to reduce the weight of the turbine components , make blades lighter , make generator transmissions more durable , and make solar-energy inverters , which convert direct-current solar electricity to alternating-current solar electricity , last longer .",neutral
2036,"No , the Bible does n't use the words `` original sin '' to describe sin , just as the word `` Trinity , '' is not used to describe the Godhead but that does n't make it any less true .",conservative
242,"Oddly , within the framework of the argument made earlier , the changes in the tax code favored by conservatives have indeed rendered the markets more efficient .",liberal
3889,"Multiple studies have shown that severe odors can cause health problems , including depression and stress that can lead to chronic hypertension and heart disease .",neutral
3179,"While focused on the martial arts , Munenori rejects the modern notion that those arts are solely related to the violent and potentially fatal encounters between foes .",conservative
1317,"While capitalism remains the best machine to fuel a civilization , a severe imbalance in wealth is dangerous , which is why all other industrialized countries more fairly tax the rich and provide more social programs for the poor and middle class .",liberal
1503,"Most of the right-wing commentary purporting to prove that the rich bear the overwhelming burden of government relies upon the simple trick of citing only the income tax , which is progressive , while ignoring more regressive levies .",liberal
3657,But the drought was not the only thing contributing to the rising food costs : Government intervention in the marketplace to promote the use of corn-based ethanol while boosting sales for the corn growers has made things worse for livestock producers who depend on corn to feed their herds .,conservative
1109,"Since profits ultimately depend on the valued added by labor performed in the work process , if the number of workers necessary to produce the same output declines , there would be a downward pressure on profit rates , once again deterring future investment .",liberal
2396,"Responding to peteb dreier s piece ( `` Lessons from the Health-Care Wars '' ) , Michael KARPMAN at the blog Democratize the Progressive Movement has a less sanguine take on the efficacy of progressive organizing : `` The health care battle shed light on just how ineffective the progressive movement is , particularly if you look outside of the labor movement .",conservative
434,"At a 2002 black-tie dinner hosted by the Becket Fund , a conservative legal organization , Friess delivered a rambling speech titled `` Tolerance is not Always Good , '' in which he chastised the gay community for intolerance toward Christian values and seemed to blame liberals for the school shootings at Columbine .",liberal
1167,"This summer , Ross Douthat and Reihan Salam are set to publish Grand New Party , in which they argue that the Republican Party must address the economic needs and aspirations of its middle-class base , transforming itself into the party of Sam 's Club rather than the country club .",liberal
97,"The easy credit , Alexander argues , `` funds criminal conduct , bird-dogging , and provides incentives for the overpricing of vehicles for massive profit to dealers .",liberal
841,"My complaint with the national trial lawyer groups is they constantly work to expand the risks and liabilities of doing business in America , and fight all attempts to develop reasonable reforms .",liberal
1089,"As a result , the AMT is less effective in making the super rich pay their fair share than it ought to be .",liberal
1080,"The new economy rich often favor tax increases because , in contrast to Republicans and their business backers , they enthusiastically support increased government spending on education , health care , and scientific research .",liberal
2707,"No matter how much liberals wish it were otherwise , no matter how much it offends their sensibilities , no matter how many lectures they deliver on greed , the fact remains that free enterprise is the best system for producing wealth and lifting people out of poverty .",conservative
2412,"If economic conditions require vital investment or another trillion-dollar stimulus program-and not one watered down with useless tax cuts -- he must make that case , and make it clearly and boldly .",conservative
1433,Making polygamy look like fun would hardly calm the slightly more legitimate concern about using a despicable social practice for the purpose of entertainment .,liberal
2325,"The dramatization , in living color with lurid special effects , of men castrating and then shooting a 6-year-old boy , then gang raping and killing a 7-year-old girl , is certain to trigger imitations by borderline perverts .",conservative
2888,"Influenced by Carl Menger , the founder of the Austrian School , and Eugen von Boehm-Bawerk , another of the economic school 's early eminenti , the precocious von Mises took Menger 's ideas into then-unfashionable realms , criticizing socialism and credit expansion by central banks , among many other state-sponsored evils . ''",conservative
1527,"While critics like Krassner portray it as a cheap trick corporate hacks use to pass off shoddy merchandise , its origins suggest more benevolent intentions .",liberal
4250,"Free elections can in fact lead to the victory of anti-Western and anti-American leaders , while capitalism is just a system that allows governments to harness wealth for aggressive nationalist policies .",neutral
1220,"With Bernanke at the helm , the Fed , which can create money out of thin air , has pumped trillions of newly created fiat ( unbacked ) dollars into the economy , even though this reckless expansion of the money supply ( inflation ) will diminish the value of the dollar and further hurt the economy in the long run .",liberal
461,"Members of the Creative Class are drawn to such locations as `` BosWash , '' Silicon Valley , Seattle , and Austin for the high density of other members of the Creative Class ; for their toleration of lifestyle choices including ( and perhaps especially ) sexual openness ; and their highly developed technological infrastructures , as well as industries that create or employ cutting-edge technologies .",liberal
3269,"Civic and business leaders promised big rewards , explaining that gambling would create jobs , raise property values , and provide money for roads and historic renovation .",conservative
1795,"Expansion of gross domestic product is a good thing , but 4 percent annual growth does not guarantee that Americans will see significant improvement in their own economic positions ; and eroding real wages in the midst of a growing economy translates into an important political fact as well .",liberal
953,"And the lion 's share of the blame for these outrages , and the concurrent collapse of corporate tax revenues , can be placed on President Bush and the GOP Congress , which put huge new corporate loopholes in place while refusing to crack down on offshore corporate tax sheltering and other abuses .",liberal
3628,Even many Democrats have acknowledged the destructive consequences of the welfare state in helping to create the underclass .,conservative
1846,"The most intractable problem , the root cause of instability , is the low and declining share of GDP devoted to household consumption , which has dropped around 11 percentage points in a decade , from 45.3 percent of GDP in 2001 to 33.8 percent in 2010 .",liberal
229,"The dominant approach to the world ecological crisis , focusing on technological fixes and market mechanisms , is thus a kind of denial ; one that serves the vested interests of those who have the most to lose from a change in economic arrangements .",liberal
3146,"Because of benefit reductions enacted in 1983 that take effect over the next few years , and because Medicare premiums are rising faster than Social Security benefits , `` take-home '' replacement rates are projected to fall still more-to an average of about 33 percent of earnings for retirees in 2030 .",conservative
188,Jobs accepted that his products would be used and modified in unforeseeable ways : `` People are creative animals and will figure out clever new ways to use tools that the inventor never imagined .,liberal
1975,"In other words , they argue that humanity should attack global warming the same way we have successfully attacked every other major environmental problem our species has faced .",liberal
2907,"The Left tends to divide the world into rich and poor , strong and weak , and favorite and underdog rather than good and evil or right and wrong .",conservative
326,"Some sort of orderly , temporary control of a failing institution for the purpose of either selling off the assets and liquidating them , or , preferably , zeroing out the equity holders , giving the creditors a haircut and making them the new equity holders .",liberal
2488,"We now know that these arguments are confused and incorrect , but at the time many saw the Great Depression as a fundamental failure of the coordinative features of market-based production , requiring a significant role for government to fix .",conservative
2039,"Activists have filed a class-action lawsuit on behalf of sixty thousand out-of-state students who are forced to pay higher tuition in California , arguing that the state has been violating a federal law since it began giving illegal aliens reduced tuition in 2002 .",conservative
3362,"The Tea Party also propelled Marco Rubio to the U.S. Senate in Florida over the establishment liberal Republican Governor Charlie Crist , first by giving Rubio the GOP nomination and then by creating a surge of support to overcome in a three-way race both the Crist independent run as well as the Democrat .",conservative
3211,"Americans have been pushing back , as well they might , since the President 's promises about decreased premiums , lower costs , improved care , and retaining existing insurance have already been shot full of holes .",conservative
1201,"To prepare for change and take full advantage of these opportunities , many states have created legislative committees and planning groups - a process that should ideally be broadly representative and collaborative without being captured by the insurance or health-care industries .",liberal
4208,"Af-ter Republicans gained control of Congress in 1994 , however , Barton developed a useful passion for energy issues , pushing for electricity deregulation ( a boon for the likes of Enron ) and opposing price controls during the recent Cali-fornia power crisis .",neutral
424,"Most startling , Scalia observed that in an `` overwhelmingly black '' school district , a decision by the elected school board to essentially say `` We would like our race to get into ... better white schools '' would not reflect a `` benign '' or `` compelling '' governmental interest ( to which courts must accord deference ) , because the board would be `` doing it for a racially selfish reason .",liberal
2165,"Boldin then told a rollicking story about Roscoe Filburn , a Depression-era farmer who defied a federal order to cut wheat production by planting 12 acres for his personal use .",conservative
2431,On the gravestone of its hero -- Ronald Reagan -- is an epithet that suggests how far modern conservatism has traveled from its original basis in theological humility and acknowledgment of original sin : `` I know in my heart that man is good .,conservative
3556,"Needless to say , most hedge funds ( and lots of other businesses ) would jump at the opportunity to have the inside scoop on which businesses will benefit and which will suffer because of the radical changes that are currently being considered for the health care system .",conservative
3796,"In 2009 Missouri Circuit Court Judge Richard Callahan declared Joshua Kezer innocent of the 1992 murder of college student Angela Mischelle Lawless , criticizing Hulshof for withholding exculpatory evidence and embellishing facts in his closing argument to jurors .",neutral
304,"Communism rests upon the romantic premise that man is naturally willing to give up all personal property , that individually he will labor productively with no incentives of personal gain or fear of loss , that he will freely give to his fellow man , and that he will consume only what he needs as opposed to what he wants .",liberal
2658,"But here Kurtz lumps together Social Security ( moderate problem ) and Medicare ( much bigger problem ) , and sometimes even Medicaid and interest on the national debt , to force the point that Social Security is in crisis .",conservative
1154,"While the Massachusetts Attorney General 's Office report failed to link the preexisting conditions mandate as the reason for the disconnect from the actual cost of the services and the price charged , they did conclude that '' our preliminary review has revealed serious system-wide failings in the commercial health care marketplace which , if unaddressed , imperil access to affordable , quality health care .",liberal
2259,"Though it has grown into something much more than a protest movement , the Tea Party first arose in early 2009 as just that : a cry of protest from an alarmed citizenry .",conservative
2195,"These reinforcing ties between economic freedom and the family make economic conservatives and social conservatives natural allies : those who seek to preserve economic freedom in America should be especially concerned with the defense of family life , and those who care about the dignity and purpose of every life should defend free enterprise .",conservative
1613,Tomasi preaches to the left that respect for economic liberties is a key part of respecting individual autonomy and that a properly freed market generates enough wealth to benefit the least well off .,liberal
2966,I saw how jobs were created and how profits led to more growth and higher salaries .,conservative
1336,"The end of the Cold War resulted in a decade of lower military expenditures , the commercialization of the Internet fueled the expansion of the high-tech industry , and low interest rates and liberal lending policies created the `` bubble '' in the housing market that finally burst in 2007-08 , triggering the collapse of much of the nation 's finance industry .",liberal
1770,"( They forebodingly add that `` if the rich do not take on this responsibility , they risk provoking the public into a political backlash against the economic system that allowed them to become so wealthy .",liberal
895,"Indeed , middle-class working families are discovering that they need many of the same things as the working poor , such as a wage floor that keeps them from falling into poverty if their luck turns bad , affordable health care and child care , and effective training to get the next job or to upgrade their skills .",liberal
4155,"On the top lies authority , an orientation that values traditional family , religiosity , emotional control , and obedience .",neutral
2042,"By dominating one the Statist dominates both , for if the individual can not keep or dispose of the value he creates by his own intellectual and\/or physical labor , he exists to serve the state .",conservative
2368,At times it seems as if any argument is a good argument if it justifies ( or seems to justify ) inserting government into health care .,conservative
3764,"But all the same , one yearns for avision of social change that relies as much on creating strong support networks for all as it does on the power of one-off individual altruism .",neutral
1138,"The political message is appealing to the partisans of self-reliance : Allowing individuals to forgo coverage encourages the young and healthy to live dangerously , giving them a free ride on the public purse when things go awry and making health care more expensive for everyone else .",liberal
4195,"As Nagel puts it , `` The appearance of animal consciousness is evidently the result of biological evolution , but this well-supported empirical fact is not yet an explanation -- it does not provide understanding , or enable us to see why the result was to be expected or how it came about .",neutral
1616,"When given a choice between sentencing murderers to death or to life in prison without parole , plus a requirement that they work and make restitution to a fund for victims ' families , support for capital punishment drops dramatically .",liberal
638,"Partly because of that pressure , the World Bank now argues that economic growth alone is not sufficient to overcome poverty as long as existing political and economic systems favor the rich over the poor .",liberal
2102,"The disorders and miseries which result gradually incline the minds of men to seek security and repose in the absolute power of an individual ; and sooner or later the chief of some prevailing faction , more able or more fortunate than his competitors , turns this disposition to the purposes of his own elevation , on the ruins of public liberty .",conservative
3242,"Since FDR 's New Deal in the 1930s , when the U.S. government first decided to take control of the agricultural sector , the economics of food production in the United States -- and every place that receives American agricultural products -- have been severely distorted by systematic government intervention .",conservative
3320,"When told of Thompson 's appointment , Nixon responded , `` Oh shit , that kid , '' adding that the Tennessee attorney was `` dumb as hell .",conservative
139,Between 1979 and 2006 the top tax rate on earned income was cut in half ; the tax rate on capital gains was cut almost as much ; the tax rate on corporate profits fell by more than a quarter .,liberal
2797,"With the Great Depression , however , governments reacted very differently , trying to prop up failed corporations ( especially banks ) , creating jobs by spending taxpayer dollars on wasteful public works projects , and , in general , doing everything they could to hamper the ability of the markets to correct themselves .",conservative
595,"He 'll be chairing a congressional commission investigating the roots of the financial crisis , modeled on the famous Pecora Commission that plumbed Wall Street 's depths after the Great Crash of 1929 and helped produce the Securities and Exchange Commission .",liberal
1782,"But thanks to the influence of the evangelical Left , three new policy initiatives also made the cut : `` justice and compassion for the poor , '' environmental protection , and the `` restraint of violence . ''",liberal
3945,"Meanwhile Richards trashes the father of rock 'n' roll as a cheapskate who cheated musicians out of songwriting credits and toured with inferior , poorly-paid musicians : `` Chuck Berry was a big disappointment .",neutral
2647,"Yes , there are those who may abuse their moral freedom just as there are those that abuse their economic freedom , but in the absence of government safety nets , they will be forced to take responsibility for those actions .",conservative
3447,"The Federal Reserve 's printing presses certainly bore a large share of the blame for the steep rise in government indebtedness during the 1930s , but so did FDR 's New Deal , the first peacetime attempt to create a centrally managed economy in the United States .",conservative
4229,"Imus apologized sincerely , knowing he had done a bad thing , but his myriad of attackers had no intention of accepting the confession they demanded .",neutral
1517,"In a Harris poll in early October , 65 percent agreed , and only 22 percent disagreed , with the `` criticism '' that `` the proposed reform would result in a government-run health care system .",liberal
865,And he offers hopeful glimpses of what this implies in a trenchantly argued advocacy of pollution control and economic regulation to ensure both greater wealth and security .,liberal
1537,"Candidate Obama pledged to cut taxes for the middle class , lower overall taxes , cut government spending , reduce the deficit , cut the cost of healthcare waste , eliminate most government secrecy , and reform ethics at the White House .",liberal
269,"The simplest problem with laissez-faire is not that it is unjust or harmful to poor people , but that it is a hopelessly inadequate description of any system of liberty , including free markets .",liberal
1471,"All over this country , right now , some program or some institution is succeeding in combating such serious problems as high rates of single parenthood , child abuse , youth violence , school failure , and intergenerational poverty .",liberal
3013,Texas has made great strides in fighting air pollution while absorbing millions more people and supporting the most dynamic economy in the country .,conservative
902,But his agenda has clear class implications : universal health care aimed at helping the uninsured ; stimulus spending heavily oriented toward the unemployed ; and a financial bailout that aided Wall Street while enraging lower-income voters .,liberal
3547,"Buyers would ask whether a car was produced on a Monday or Friday , fearing that either the workers were too exhausted and hungover after the weekends to do a good job or too anxious to leave on Friday to care .",conservative
3776,The degree of risk to New Orleans and to any vulnerable city is a function of two things : the consequences to human health and safety if the system were to fail and the probability of failure .,neutral
2505,"These liberals propagate racist policies that are based on the assumption that we are too stupid and lazy to take care of ourselves and they try to convince us , often successfully , that we need Big Brother to give us handouts .",conservative
4144,"Keynes worried about stock market speculation , because he thought that speculators based their decisions on guesses about the psychology of other investors rather than on which companies had the best prospects and therefore should attract new investment .",neutral
875,"At other times less crude versions of this doctrine , especially ones which promised real hope of reforming the system from within and of gaining power to change power , have had much to recommend them ; this is the foundation for the historic successes of social democracy .",liberal
3504,What Jackson fails to recognize here is one of the fundamental truths of economic history : The reason why cultural products and services are taking up such a large portion of economic activity is that we have become so very productive and efficient at making physical stuff .,conservative
353,"`` Obama mentioned a number of initiatives where foundations have played an important reform-agenda role , ( for example ) Robert Wood Johnson Foundation and Kaiser on health care .",liberal
724,Both plans promote a switch to clean energy and could still ease the impact on workers if the auction of pollution credits is used to create jobs .,liberal
1351,"There is a great deal of truth in that ; but the fact remains that plenty of other only children grew up in lower-middle-class homes in Norbury between the wars without ending , for good or ill , as the wealthy and world-famous fictional voice of their generation .",liberal
1712,"Against the turn-of-the-century backdrop of massive strikes , lynchings of African Americans , class hatred , and government attacks on workers , Addams 's commitment to mediation , conciliation , and cooperation looked wishy-washy , stemming from an investment in her own virtue rather than a realistic assessment of the bitter politics of the day .",liberal
2843,"Feminist scholars spin this as `` the dominant white male ideology behind lynching ... that white womanhood was in need of protection against black men , '' suggesting fantastically that white `` patriarchy '' used rape accusations to break up a progressive political romance developing between black men and white women .",conservative
2927,"Take , for instance , his argument against health care : `` The Founders could have written it in the original Constitution -- they had health care problems back then , too -- but they knew the answer was private , not the government .",conservative
1705,"Today , a sizable and growing number of individuals and institutions have identified the deep chasm of global poverty as their central moral concern and have made significant commitments to overcome the global apathy that leads to massive suffering and death . ''",liberal
3050,"I also recall how the type of liberals Frank lionizes viewed the people who opposed busing with contempt , branding them `` racists '' for resisting the insane social engineering to which they would never expose their own children -- Bill and Hillary Clinton made sure Chelsea attended Sidwell Friends rather than the D.C. public schools .",conservative
808,"This amount could be recouped by rescinding the portion of the 2001 tax cut allocated to the wealthiest 5 percent of U.S. families when fully phased in ( about $ 88 billion a year ) , together with a modest increase in the gas tax or a 25 percent cut in `` corporate welfare . ''",liberal
3305,Just as the Web changed how people communicate -- the tipping point Kremen exploited with Match.com -- he anticipates that solar will break down our system of centralized energy production and create a distributed network of tiny power-producing homesteads .,conservative
2191,"The money for the jobs programs would have to be siphoned out of the economy in the first place and so would result in a loss of jobs in the economy as a whole in order to create other jobs in government-favored sectors , based on the premise that government can allocate resources better than the private sector .",conservative
791,Something changed to make their greed and lack of social concern far more dangerous to our economy and democracy .,liberal
1723,"In Free Lunch , Johnston offers an appalling sampler of the other strategies used by the affluent to win tax breaks and other hidden subsidies at the expense of both the Treasury and the broad public interest .",liberal
2604,"To make matters worse , white anger is rising , too , precisely because of the liberal effort to produce equality of results .",conservative
3838,"If the first resort is to drugs , the doctor could readily miss , and fail to treat , the actual root cause of the problem .",neutral
3190,They will have to confront the disabling impact of economic recession on environmental regulation-almost always seen as an enemy of `` jobs '' - as well as the old canard that they are hopeless romantics standing athwart the thrust of progress .,conservative
4256,"Seattle 's crime rate is indeed low , but the crime rate in San Jose is actually much lower : one-third lower for homicide or violent crime in general and with less than half the robbery rate .",neutral
605,"The dead are victims of free trade and neoliberal economic policies that have destroyed rural communities , causing a virtual forced march to the U.S. and maquiladora sweatshops in a hunt for jobs .",liberal
1526,"Because modern warfare is entirely profit-oriented , mercenaries employed by specialized private military and intelligence companies play a big role in its conduct .",liberal
4244,This concept appeals to the reasonable belief that some adolescents inclined toward violent crime or self-destructive behavior need both strong discipline ( toughness ) and compassion ( love ) .,neutral
4083,( How using Stark 's high-tech weaponry to pillage one mud-brick village in the Hindu Kush gets him closer to world domination is n't explained .,neutral
3214,"As much as the Left wants to depict the Tea Party as an angry mob , it is better described as a multitude of concerned and worried average citizens who have spontaneously banded together because they fear the consequences of massive overspending and debt .",conservative
3403,"The eagerness of radical feminists to see insult in every male action , coupled ( if one dare use that word ) with the spinelessness of the supposedly oppressive patriarchy , has led to so much discomfort and loss of freedom .",conservative
737,"By contrast , the huge social costs are readily apparent -- in terms of direct financial rescues , the fiscal stimulus needed to prevent another Great Depression , and the appalling number of lost jobs ( eight million gone since December 2007 , and still counting ) .",liberal
1997,"Other countries have deliberate policies to link innovation in renewable energy to manufacturing advantage-commercializing the products resulting from subsidized research and development , subsidizing education of skilled workers , and using domestic green-energy requirements to help launch export champions and thereby create domestic jobs .",liberal
3790,"Wars were fought over it , and countries that had lots of salt made out well , while land-locked countries with no salt reserves were forced to sell their natural resources in exchange for it .",neutral
228,It is certain that there is no way to reach a truly harmonious civilization with an economic system in which decisions are made by private individuals based on how much capital will be accumulated as well as personal greed and consumerism .,liberal
3147,The authors provide examples of union influence in what we generally call `` featherbedding '' in the creation of green jobs -- a way to create new jobs by lowering the productivity of existing jobs .,conservative
635,We need so many new solutions and our problems and challenges are so diverse and so difficult that every citizen should feel empowered to challenge the old order and to help develop new solutions .,liberal
3881,"Bullard concludes that `` the conventional wisdom is that Japan has suffered through a ` lost decade ' partially attributable to the fact that the economy has been stuck in the deflationary , low nominal interest rate .",neutral
1129,"Furthermore , the coalition argues , low earnings force drivers to use old diesel engines that pollute the air in port-adjacent communities and along freight routes , resulting in billions of dollars in medical costs to treat lung cancer , heart disease , and asthma .",liberal
2302,"Since they hated knowledge and did not choose to fear the LORD , since they would not accept my advice and spurned my rebuke , they will eat the fruit of their ways and be filled with the fruit of their schemes .",conservative
2037,"Third , it undermines confidence in American workers and businesses , eroding reliance on the hard work of millions of productive citizens to create wealth and opportunity .",conservative
3888,"He repeated my question to the four other journalists at the table , and they offered a grim checklist : increasingly violent tribal conflicts , widespread food insecurity , waves of former exiles returning to their homes eager for jobs in a country with few opportunities to offer them .",neutral
1224,"Using faith traditions to justify a mean-spirited strategy of abandoning people to their own private resources is neither charity nor justice , and it is a practice that has no place in Judaism , Christianity , Islam , or any of the world 's faith traditions .",liberal
4277,"He has also been active in the Middle East peace process serving since 1982 as a board member of the International Center for Peace in the Middle East in Tel Aviv , and on the board of Amercians for Peace Now since 1988 .",neutral
3797,"If a job is truly important to the nation 's future , then you want to make sure that the most able , talented people are doing it -- and doing their best work at all times .",neutral
998,Nothing makes me angrier than to think of the rich folks living in gated communities making money from commercially successful entertainment that ultimately destroys the lives of the most vulnerable children in our nation .,liberal
711,"Think of it this way : Social Security has expanded years of support universally , resulting hi both lower revenues and a lost opportunity to target resources progressively to the disabled , those with low - and moderate - lifetime incomes , and older individuals with greater health needs and fewer capabilities to care for themselves .",liberal
3398,"In doing so , it would be easy for ecological Marxists to garner praise from parochial nationalists , but there is a danger in neglecting the serious problems in socialist China by turning ecological Marxism into a weapon that should be only pointed at foreign capitalist countries . ''",conservative
3122,"We have been generally supportive of the efforts by the slates , spearheaded by Arizona , to draw attention to the federal government 's refusal to secure our borders and to prod the federal government to enforce our immigration laws ; however , `` solutions '' that undermine our liberties are not genuine solutions .",conservative
2125,Our economy is as vital to our national defense as anything and we must treat our economy as a critical national asset .,conservative
1400,"While there are plenty of conservatives who have been singed ( or even burned at the stake ) by the Freak Show , on the whole , these changes have been beneficial for conservatives and bad for liberals , since the New Media overwhelmingly favors conservatives .",liberal
3199,"If there is one thing that business people can not abide , it is uncertainty , because uncertainty makes it virtually impossible for businesses to make plans for the future with any degree of confidence .",conservative
2606,"Yet , Obama has supported federal legislation to supersede the rights of citizens carrying weapons because the laws in those other states are `` threatening the safety of Illinois residents .",conservative
3938,Some of that recent work has earned its favor : The Western Canon and Shakespeare : The Invention of the Human are rich works of popular criticism .,neutral
3120,"According to Gallup , `` World residents ' declining concern about climate change may reflect increasing Skepticism about global warming after Climategate ... , '' and that such skepticism `` demonstrates the obstacles that remain before the world ( read : UN and its supporters like Lester Brown ) can agree on a climate policy .",conservative
537,"Many farmers are also using integrated food\/energy systems and generate their own sources of energy using human and animal labor , biogas , and windmills , in addition to producing biofuel crops such as jatrophaintercropped with cassava .",liberal
3337,"Social justice entails redistribution of wealth , taking from those disproportionally endowed and giving to those who are underprivileged through no fault of their own -- for reasons ranging from past injustices and their lingering contemporary effects to technological changes to globalization to genetic differences .",conservative
409,The policy implication is that better access to health insurance and better prenatal care for low-income women may have significant effects on economic mobility .,liberal
1002,"Sutton noted that , since the Supreme Court has allowed Congress to regulate economic activities that have a far smaller effect on interstate commerce , `` it is difficult to see why Congress may not regulate the 50 million Americans who self-finance their medical care .",liberal
1762,"Because education is so key in changing all the above statistics , to rob low-income families of the one thing that would most liberate their children is especially cruel and evil .",liberal
2013,"His point is very simple : it is unreasonable , even utopian , not to expect people to grow resentful , and desirous of revenge , when your government bombs them , supports police states in their countries , and imposes murderous sanctions on them .",liberal
