ID,Target,Tweet,Stance,Opinion towards,Sentiment
1435,Feminist Movement,To men who make contact with women thinking they are owed a response #patriarchy #SemST,FAVOR,TARGET,NEGATIVE
1654,Feminist Movement,"@ZaraLovesScript A bloke we both know, @BigGoodJohn, asked me to offer congrats for being clever; still seems stunned girls ARE. #SemST",AGAINST,TARGET,POSITIVE
20596,Donald Trump,@whitewolf2226 @mjgranger1 @BurdenoFreedom that's right I agree w/u girl #SemST,NONE,OTHER,POSITIVE
10184,Atheism,The enemy is not #Muslims #Christians or #Judaism. The real enemy is EXTREMISM.  Humans killing humans. #RespectBeliefs #StopWar #SemST,AGAINST,TARGET,NEGATIVE
2114,Hillary Clinton,Can @DavidCornDC help Cuckold Conservatives win in 2016!  More cuckoldry please!  #Christie2016 #DonaldTrump #UniteBlue #p2 #SemST,AGAINST,TARGET,POSITIVE
20489,Donald Trump,If you condone the #SupremeCourt's decision on the marriage issue! You might be a liberal!!  #SemST,NONE,OTHER,NEGATIVE
20278,Donald Trump,"@JudgeMbro Thank you for RT and FAV, judge!!! #USA #OhHillNo #Cuba #TodosMarchamos #Venezuela #SemST",AGAINST,OTHER,POSITIVE
284,Atheism,Why criticise religions? If a path is not your own. Don't be pretentious. And get down from your throne. #peace #worldpeace #SemST,AGAINST,TARGET,POSITIVE
20340,Donald Trump,@realDonaldTrump @PamplinFilmCo We needs some Ballz back in the WH.. #SemST,FAVOR,TARGET,POSITIVE
2075,Hillary Clinton,@AndreaTantaros @3coffeesplez WTF? This just keeps getting crazier! #SemST,NONE,OTHER,NEGATIVE
687,Climate Change is a Real Concern,America is changing faster like speed of the light #ConfederateTakeDown  #LoveWins #SemST,NONE,OTHER,POSITIVE
2704,Legalization of Abortion,In church for a Pro-life meeting. I will be the voice for the unborn. #SaveTheBabiesBumpThemAnimals #GodIsLoveSoLoveWins!! #SemST,AGAINST,TARGET,POSITIVE
10219,Atheism,Where will you be when @NewHorizons2015 flies by Pluto? #NewHorizons #PlutoFlyby #Pluto #EndRacism #EndSexism #EndReligion #Peace #SemST,FAVOR,TARGET,POSITIVE
11075,Legalization of Abortion,"If the Pope gave a flying fuck about the poor on his home continent, he'd let them have abortion and birth control. #SemST",AGAINST,TARGET,NEGATIVE
10544,Feminist Movement,Not catering to a woman that doesn't bring = amount to the table as I do. #equality  #SemST,AGAINST,TARGET,NEGATIVE
11008,Legalization of Abortion,#NothingMoreAmericanThan unjustified homicide of the unborn in #SemST,AGAINST,TARGET,NEGATIVE
1294,Feminist Movement,pls don't h8 me my last tweet was OBVIOUSLY a joke #luv #rightsforall #SemST,NONE,OTHER,NEGATIVE
2109,Hillary Clinton,"RT @HillaryHaikus: #Ready because one day girls will say: I want to be President, too.  #ReadyForHillary #haiku #SemST",AGAINST,TARGET,POSITIVE
1705,Hillary Clinton,"So when all you brave patriots stop Hillary, who you going to replace her with, Jeb Bush? LOL. #losers #SemST",FAVOR,TARGET,NEGATIVE
2089,Hillary Clinton,"So glad @ChrisChristie has announced his candidacy - fits right in with all the other ""qualifies"" republicans on the list. #SemST",AGAINST,OTHER,NEGATIVE
892,Climate Change is a Real Concern,"The #greatman @BarackObama met #greatman David Attenborough & change seems possible, attainable. Listen up! #Attenborobama #SemST",FAVOR,TARGET,POSITIVE
20692,Donald Trump,@majicmahon @seanhannity @RickSantorum Hillary's brand of  experience we do not need! #SemST,NONE,OTHER,NEGATIVE
10321,Climate Change is a Real Concern,@SenSanders Republicans don't care about the environment all together. They deny this fact. #SemST,FAVOR,OTHER,NEGATIVE
1920,Hillary Clinton,@TODAYshow Hillary's emails missing and incomplete? Who'd of thunk it??  JUST TRUST ME!!! #SemST,AGAINST,TARGET,NEGATIVE
2465,Legalization of Abortion,"Preach! 'Black Sheriff Says if  #BlackLivesMatter,  They'd Protest at Abortion Clinics'. #ChooseLIFE #AllLivesMatter #SemST",AGAINST,TARGET,NEGATIVE
10911,Hillary Clinton,you can't bitch at me for donating to Dems.  Only way to get business done with them is to grease the skids #bribe #paytoplay #SemST,AGAINST,TARGET,NEGATIVE
1265,Feminist Movement,@ProteinWorld Don't worry about all these feminists. Any press is good press. I will be ordering products. soon. #SemST,AGAINST,TARGET,POSITIVE
429,Atheism,"Moral landscape of this age = 7 billion reflections, 7 billion personal ideas, 7 billion pleasures & 7 billion comforts. #Bankrupt #SemST",NONE,OTHER,NEGATIVE
2133,Hillary Clinton,@HillaryIn2016 hey I just checked your blog. Kudos! Keep it up! #SemST,AGAINST,TARGET,POSITIVE
2746,Legalization of Abortion,@SaculSacul @GVPrayerWarrior No guarantee she will be destroyed I trust God. #SemST,NONE,OTHER,NEGATIVE
20266,Donald Trump,"#macys ""We have no tolerance for discrimination in any form,"" I thought the left preached tolerance. Not discrimination but truth #SemST",AGAINST,OTHER,NEGATIVE
1979,Hillary Clinton,I always joke about anything political bc if I were serious I'd end up offending people and not realize it. #SemST,NONE,NO ONE,NEGATIVE
1560,Feminist Movement,"Being raised by a feminist in rotting, soiled clothes - ""I'm not your slave! #SemST",AGAINST,TARGET,NEGATIVE
849,Climate Change is a Real Concern,"Obamacare ""Doctors Should Warn Global Warmin cud Make Patients' Health Worse"" #Obama #PresidentObama #WhiteHouse #SemST",FAVOR,TARGET,NEGATIVE
329,Atheism,"Our country always had ""legal"" acts that've been ""illegal"" according to God's law  Keep your eyes & service on the only real judge!  #SemST",AGAINST,TARGET,POSITIVE
10978,Legalization of Abortion,Pray for the Navy yard. God please keep the casualties minimal.   #1A #2A #NRA #COS #CCOT #TGDN #PJNET  #WAKEUPAMERICA #SemST,AGAINST,OTHER,POSITIVE
10404,Feminist Movement,Independence Day is a day where men get wasted and dehumanize women by blowing off fireworks! #endJuly4th #SemST,AGAINST,TARGET,NEGATIVE
2645,Legalization of Abortion,Alright #SCOTUS your next order of business should be overturning #roevwade  #SemST,AGAINST,TARGET,NEGATIVE
1867,Hillary Clinton,#HillaryClinton is hiring #Monsanto lawyers to help her become President. The next president shouldn't be aided by Monsanto #SemST,AGAINST,TARGET,NEGATIVE
20284,Donald Trump,The more I read how NBC and Macy's are cutting ties with @realDonaldTrump the more I'm convinced he should be president.  #SemST,AGAINST,TARGET,POSITIVE
11157,Legalization of Abortion,.@JohnTory since when did Toronto become a weak city? Bullied by stone-age cab companies that block traffic illegally. #TO4Uber #SemST,NONE,OTHER,NEGATIVE
2418,Legalization of Abortion,Watching teen mom and watching Farrah be a bitch makes me believe in abortion that much more. #SemST,FAVOR,TARGET,NEGATIVE
1061,Feminist Movement,Honoured to be followed by the truly inspirational @Kon__K founder of @ASRC1 #realaustralianssaywelcome #thethingsthatmatter #SemST,NONE,OTHER,POSITIVE
2775,Legalization of Abortion,"@LifeNewsHQ I would consider this, to be dispersal of a chemical weapon, one that kills children. #SemST",AGAINST,TARGET,NEGATIVE
10358,Climate Change is a Real Concern,"#Mission:#Climate on the road > Purchase a fuel-efficient, low-greenhouse gas vehicle (by @EPA) #Tip #MissionAccept #SemST",FAVOR,TARGET,POSITIVE
20114,Donald Trump,@realDonaldTrump Go get 'em Mr. Trump!!! #SemST,FAVOR,TARGET,POSITIVE
2431,Legalization of Abortion,Please pray for mercy for #AndrewChan & #MyuranSukumaran #IStandForMercy #KeepHopeAlive #Bali9 #SemST,NONE,OTHER,POSITIVE
10193,Atheism,sing unto the LORD; for he hath done excellent things: this is known in all the earth - Isaiah 12:5 #blessings #SemST,AGAINST,OTHER,POSITIVE
11046,Legalization of Abortion,.@BuhayIpaglaban perhaps you want to go to the fertility clinics & rescue them all. How many can you fit in your womb. #clowncar #SemST,AGAINST,TARGET,NEGATIVE
10901,Hillary Clinton,"I stand with @HillaryClinton I know she is for women, poor,children, middle class and GUN CONTROL. #SemST",FAVOR,TARGET,POSITIVE
540,Atheism,The BHA conference in Bristol was a great success with 470 members in attendance #BHA2015 #SemST,AGAINST,TARGET,POSITIVE
10949,Hillary Clinton,So over 20 million government employees got their private info stolen. Has anyone checked @HillaryClinton server?  #2016 #Fail #SemST,AGAINST,TARGET,NEGATIVE
10660,Feminist Movement,"Since when did #feminists get to decide what men are, and are not, allowed to be turned on by?  #SemST",AGAINST,TARGET,NEGATIVE
20632,Donald Trump,What are your favorite conservative blog sites and why?  #tcot #RedNationRising #CulturalRot #SemST,NONE,NO ONE,NEITHER
20105,Donald Trump,@Colin_McManus7 2016 is the first election I can vote in and I am proudly voting for @realDonaldTrump #trumpforpresident #SemST,FAVOR,TARGET,POSITIVE
10482,Feminist Movement,"The define of feminism clearly states that it is for women and yet feminist still deny it-""it's for everyone""!! #SemST",AGAINST,TARGET,NEGATIVE
11207,Legalization of Abortion,"How can someone be calling for abortion in a speech and end it with ""God bless America""? #righttolife #SemST",AGAINST,TARGET,NEGATIVE
2638,Legalization of Abortion,Since now the LGBT community received equal rights now it's time to give equal rights to the unborn community! #SemST,AGAINST,TARGET,POSITIVE
2412,Legalization of Abortion,Please join us as we pray to end the global holocaust of abortion! #SemST,AGAINST,TARGET,NEGATIVE
10776,Hillary Clinton,Have full faith in @HillaryClinton's campaign. #strategy #politics #SemST,FAVOR,TARGET,POSITIVE
10123,Atheism,"I hope for a time when schools teach 'ethics' instead of 'religion'. Sure - inc faiths bt in a sociocultl, geopoliticl context #SemST",FAVOR,TARGET,NEGATIVE
20253,Donald Trump,"John O'Donnell, former president of Trump Plaza Hotel & Casino ... @realDonaldTrump said ""laziness is a trait in blacks. #SemST",AGAINST,TARGET,NEGATIVE
1643,Feminist Movement,@ActorTrivia let's be pretty and put our tits on full display and then get pissed when people look. #logic #wtf #SemST,AGAINST,TARGET,NEGATIVE
10965,Hillary Clinton,.@HillaryClinton Looking 4ward 2 hearing your Economic Agenda on Monday July13. WOW a candidate talking Specifics & not Rhetoric! #SemST,FAVOR,TARGET,POSITIVE
1807,Hillary Clinton,Students of #BaylorUniversity are y'all ready for #MarcoRubio in #2016 #BU #Baylor #Bears #BaylorBears #NewAmericanCentury #GOP #SemST,AGAINST,OTHER,POSITIVE
10710,Hillary Clinton,"@Breaking911 Probably she made a promise to support gun rights to one citizen, while promising to ban guns to the other #SemST",AGAINST,OTHER,NEGATIVE
2237,Hillary Clinton,"@FoxNews  ""@HillaryClinton can't even manage @billclinton and she wants to be @POTUS"" #lol #WakeUpAmerica #StopHillary2016 #SemST",AGAINST,TARGET,NEGATIVE
766,Climate Change is a Real Concern,.@quinn43 Thanks for the follow. Check out CCL for solutions. #solutions #citizensclimatelobby2015 #SemST,FAVOR,TARGET,POSITIVE
280,Atheism,Therefore confess your sins to each other and pray for each other so that you may be healed. James 5:16 #men #accountability #god #SemST,AGAINST,TARGET,POSITIVE
10406,Feminist Movement,"@CaptHaddock83 oh, that's an easy one: RUN! #spankafeminist #SemST",AGAINST,TARGET,NEITHER
586,Atheism,Be still. Be patient. Watch and let God work. #SemST,AGAINST,TARGET,POSITIVE
1571,Feminist Movement,Seriously can't believe they gave the women heat breaks and not the men #Wimbledon #SemST,AGAINST,OTHER,NEGATIVE
787,Climate Change is a Real Concern,RT @abhinav_khanal: 700 people dead in Pakistan due to heatwave. #SemST,FAVOR,NO ONE,NEGATIVE
1017,Feminist Movement,These pics of #pornstars with/without makeup? Just perpetuating the myth that women need makeup to be considered pretty. #SemST,FAVOR,TARGET,NEGATIVE
2150,Hillary Clinton,Win with the Blacks. Put some of your focus on the racial tension between Blacks and Whites. #SemST,AGAINST,TARGET,NEGATIVE
2241,Hillary Clinton,So thankful for all of the volunteers who joined us at Bliss Studio in Fairfield tonight! #Rockstars #SemST,NONE,OTHER,POSITIVE
10605,Feminist Movement,@PH4NT4M @MarcusChoOo @CheyenneWYN women. The term is women. Misogynist! #SemST,FAVOR,TARGET,NEGATIVE
975,Climate Change is a Real Concern,"Cause and Effect - Dry conditions, wildfires.  #Preventable #HumanCaused #SemST",FAVOR,TARGET,NEGATIVE
20443,Donald Trump,Today & everyday I am proud to be an American. I'm honored to be apart of the best the world has to offer! #4thofJuly #SemST,AGAINST,OTHER,POSITIVE
2800,Legalization of Abortion,"Sweat, killed and cut up his victim, extreme deadbeat parents do the same to innocent babies by abortion, #scotusabortion #SemST",AGAINST,TARGET,NEGATIVE
10631,Feminist Movement,Don't #GiveYourMoneyToWomen. Instead feed a cat or a dog. The animal will like you and show some gratitude.   #SemST,AGAINST,TARGET,NEGATIVE
641,Climate Change is a Real Concern,"@AlharbiF I'll bomb anything I can get my hands on, especially if THEY aren't christian. #graham2016 #GOP #SemST",NONE,OTHER,NEGATIVE
923,Climate Change is a Real Concern,My dogs are #panting to the beat of my music! #SemST,NONE,OTHER,POSITIVE
20595,Donald Trump,#Trump is ruining a party quicker than the police! #gop #SemST,AGAINST,TARGET,NEGATIVE
668,Climate Change is a Real Concern,@jimrome @Daytripper20 Yea Yea Yea Yea #Smackoff #ValKilmer #SeeingWonder #BumSmack #SemST,NONE,NO ONE,POSITIVE
2387,Legalization of Abortion,"Took God, discipline & tobacco out, made ^airtight & filled homes w/^CO2 cuz of energy & climate lies. Evil & energy use soared. #SemST",NONE,OTHER,NEGATIVE
20005,Donald Trump,@HouseGOP we now have one political party. The Socialist party. No more BS. We don't believe you anymore. #SemST,NONE,OTHER,NEGATIVE
20402,Donald Trump,"Ez21:15 I have set the point of the sword against all their gates, that their heart may faint, n their ruins be multiplied: #SemST",AGAINST,OTHER,NEGATIVE
1389,Feminist Movement,"@fdGhtP54 @_Lemaign @kungfuman316 as I said, most friends I made of sex appeal to me, but I do what I must, FOR #SemST",NONE,NO ONE,NEITHER
1626,Feminist Movement,"@abbeysaurusrex_ C) the hell was that video? D) the guy spelled ""break"" wrong. E) if Megalodon is alive maybe it's a she Brewer #SemST",NONE,NO ONE,NEGATIVE
20252,Donald Trump,"Gotta love everyone disliking @realDonaldTrump because he actually makes sense, and may even bring the country back to normal #SemST",AGAINST,TARGET,POSITIVE
2256,Hillary Clinton,@Ered604 welcome 2 Twitter~PROUD to be #UNITEBLUE~  #WarOnWomen  #worldpeace  #tngov #TN #socialjustice #AllLivesMatter #unity #SemST,NONE,OTHER,POSITIVE
20506,Donald Trump,Get the truth from Trump! @realDonaldTrump #SemST,FAVOR,TARGET,POSITIVE
10002,Atheism,"RT @prayerbullets: I remove Nehushtan -previous moves of God that have become idols, from the high places -2 Kings 18:4 #SemST",AGAINST,TARGET,NEITHER
638,Climate Change is a Real Concern,Is the new Pahiatua plant going to be primarily coalfired? Large companies like @Fonterra should be taking the lead against #SemST,FAVOR,TARGET,NEITHER
656,Climate Change is a Real Concern,"@ParvaSaeua not to worry, our real enemy is #Obama #SemST",NONE,OTHER,NEGATIVE
115,Atheism,"Faith sees the invisible, believes the incredible, and receives the impossible! #God #SemST",AGAINST,OTHER,POSITIVE
10190,Atheism,That scriptures Aunt just sent me was clutch!!!!  #SemST,AGAINST,OTHER,POSITIVE
393,Atheism,People keep asking if I'm going to be a vicar so much I'm scared it might actually happen  #christianvocations #theology #help #SemST,AGAINST,TARGET,NEGATIVE
10324,Climate Change is a Real Concern,#Follow @SkyMutual US leader in weather #riskmanagement . Helping the world's #economy adapt to climate change. #SemST,FAVOR,TARGET,POSITIVE
847,Climate Change is a Real Concern,56. Here we see how environmental deterioration and human & ethical degradation are closely linked. #LaudatoSi #environment #SemST,FAVOR,TARGET,NEGATIVE
2849,Legalization of Abortion,Don't see the big deal about all this #SemST,AGAINST,OTHER,POSITIVE
471,Atheism,@antgerrard86 it is. faith means believing in something without evidence and with that you can justify anything. #scary #SemST,FAVOR,TARGET,NEGATIVE
1871,Hillary Clinton,This weekend is the Hillary For America Weekend of Action & I hope you'll participate. -L #California #SemST,FAVOR,TARGET,POSITIVE
158,Atheism,".@AtheistRepublic Where does our morality come from?  < Our innate sense of, and response to, suffering  #atheists #HumanRights #SemST",FAVOR,TARGET,NEGATIVE
20164,Donald Trump,I guess NBC does not like to hear the truth. #SemST,FAVOR,OTHER,NEGATIVE
2017,Hillary Clinton,@Raging_D_RTR @CrimsonHotMess I'm for CHANGE and EQUALITY #SemST,NONE,OTHER,POSITIVE
1370,Feminist Movement,I don't buy a dress that I can't completely zip up and fasten on my own. #SemST,NONE,OTHER,NEITHER
875,Climate Change is a Real Concern,@NaughtyBeyotch He Is psychic 2  Huh #SemST,NONE,OTHER,NEGATIVE
942,Climate Change is a Real Concern,U.S. Should hold referendum prior to Paris talks to gauge American support for dealing (hopefully leading) on #SemST,NONE,OTHER,NEITHER
2768,Legalization of Abortion,@SenTedCruz Great job on @TODAYshow. #Scotus should have been eliminated 41 years ago when they called for the murder of children. #SemST,AGAINST,TARGET,NEGATIVE
10727,Hillary Clinton,@thehill Who's in charge of Hillary's campaign? Please get it under control and on message. #smh #SemST,AGAINST,TARGET,NEGATIVE
2248,Hillary Clinton,"#Putin, #NothingMoreAmericanThan voting based for a politician to lead the country when she can't even handle email. #think #SemST",AGAINST,TARGET,NEGATIVE
142,Atheism,Sometimes God could be protecting you from something when things don't go the way you want them to.  Trust His will. #wisdom #SemST,AGAINST,OTHER,POSITIVE
10449,Feminist Movement,@godlyputhy @jalexus_aames good but the first one is a technically false fact but whatever yay #SemST,AGAINST,TARGET,NEGATIVE
1054,Feminist Movement,"@DaniBChristen Yes,a ""greater"" understanding because ur's is ""superior"" 2 mine LOL #IDontNeedFeminism #SemST",AGAINST,TARGET,NEGATIVE
20573,Donald Trump,@RNRLouisiana @willie_mays24 @RNROklahoma  THIS kind of open defiance is what is needed but on a massive scale #tcot #LNYHBT #SemST,NONE,OTHER,POSITIVE
59,Legalization of Abortion,@AsaSoltan putting abortion in with choices for women just won my heart over. Yaaaaaas! #shahs #SemST,FAVOR,TARGET,POSITIVE
10741,Hillary Clinton,Barrack Obama doesn't care about his own town! Where do you live? Think he cares about you?   #TheFive #NoSanctuaryCities #2A #SemST,NONE,OTHER,NEGATIVE
10617,Feminist Movement,If men and women were equal I could sleep with multiple men and wouldn't be hoe. #IAmAFeminist #SemST,AGAINST,TARGET,NEGATIVE
632,Climate Change is a Real Concern,#Netherlands just taught the rest of the world a very important lesson.  #SemST,NONE,OTHER,POSITIVE
11011,Legalization of Abortion,I'm really pissed off by vaccines mandates. It's not ok to force parents to inject their kids when there might be consequences. #SemST,NONE,OTHER,NEGATIVE
1283,Feminist Movement,@UN_Women @WomenUndrSiege @OSCE_RFoM It should be considered a hate crime if someone makes a threat against a woman. #SemST,FAVOR,TARGET,NEGATIVE
898,Climate Change is a Real Concern,"@rupertmurdoch - feel! I'll bin this one & upload a newer mix in a few days see which version you like better, re's D #peace #SemST",NONE,OTHER,POSITIVE
544,Atheism,"@jeff_hollander Bless Almighty God, Almighty Holy Spirit and the Messiah. #SemST",AGAINST,OTHER,POSITIVE
10570,Feminist Movement,The Hypocrisy of Feminism is integral part of the modern United Orwellian Kingdom.   #GamerGate #SemST,AGAINST,TARGET,NEGATIVE
11083,Legalization of Abortion,Next time just keep the baby   #SemST,AGAINST,OTHER,NEGATIVE
20233,Donald Trump,@Dahat8 @Stonewall_77 The HATE within America is stronger NOW than I remember since 1969? Can't go backwards to such division #SemST,AGAINST,OTHER,NEGATIVE
1526,Feminist Movement,#Weneedfeminism because Twitter has its very own misogynist harassment machine. #YesAllWomen #HeForShe #Feminist #SemST,AGAINST,TARGET,NEGATIVE
20416,Donald Trump,@tommyhubb @JonathanHoenig Obama sees everything through an anti-Colonial prism.Every move he makes degrades our nation.#Cashinin #SemST,AGAINST,TARGET,NEGATIVE
1298,Feminist Movement,"I'd rather share the road with a man who just pulled an all nighter and blew a .2 than a sober, well rested, woman. #Equality #SemST",AGAINST,TARGET,NEGATIVE
20084,Donald Trump,"@MichelleFields ""It's not SCOTUS' job to fix up Congress's mess!"" #Cashinin #SemST",NONE,OTHER,NEGATIVE
10183,Atheism,"..    "" ""So decree whatever thou desirest to decree for thou canst only decree the life of this world #SemST",AGAINST,NO ONE,POSITIVE
2913,Legalization of Abortion,"Equal rights for those 'born that way', no rights for those not yet born. #LiberalLogic #liberalism #life #SemST",AGAINST,OTHER,NEGATIVE
20229,Donald Trump,Hutch_USA Follow ===> sarah_brannick <===  if you want to #FreeAmir #FreeAmirNow  #PJNET #SemST,AGAINST,OTHER,POSITIVE
20347,Donald Trump,Clearly @realDonaldTrump has very good finance people because his shocking racist comments proves he not an intelligent human! #SemST,AGAINST,TARGET,NEGATIVE
10119,Atheism,"By accepting religion, you are pulling a big fuzz ball of superstition into your brain.  #freethinker #SemST",FAVOR,TARGET,NEGATIVE
20537,Donald Trump,"UncommonState: RT Commoncorediva: Title 1 funds/Title 9 funds, IDEA funds...all being distorted 2 serve the CCSS Agenda! #PJ... #SemST",NONE,OTHER,NEGATIVE
570,Atheism,Being a Humanist means trying to behave decently without expectation of rewards or punishment after you are dead. ~ Kurt Vonnegut  #SemST,AGAINST,TARGET,POSITIVE
1981,Hillary Clinton,@dedicated_to_it i think the main problem is having your foot in your mouth in the first place. #SemST,NONE,OTHER,NEGATIVE
323,Atheism,"In other news, this week FoxNews lost half its viewers due to heart attacks. Well, at least they have Obamacare.    #UniteBIue #SemST",NONE,OTHER,NEGATIVE
428,Atheism,You'd be blind not to see that this amazing moment in time is not being celebrated by religious zealots. #LoveWins #SemST,FAVOR,TARGET,POSITIVE
1297,Feminist Movement,"@luisaomielan amazing show in Leicester tonight, best comedy show I've ever seen, incredible! #upgradeyourself #SemST",NONE,OTHER,POSITIVE
20663,Donald Trump,Congrats to the @GOP for having @realDonaldTrump in first place amongst its 2016 candidates. #GOP2016 #Jeb2016 #walker2016 #SemST,FAVOR,TARGET,POSITIVE
10504,Feminist Movement,"I need feminism because ""what were you wearing"" shouldn't be a question when I tell my stepmom I was cat called. #SemST",FAVOR,TARGET,NEGATIVE
1261,Feminist Movement,The statistics show that male victims of rape are more likely to be straight than gay. #SemST,NONE,NO ONE,NEITHER
10840,Hillary Clinton,@ahbrees @TODAYshow  Attack? More like the daily liberal media defend Hillary and her lies!! #SemST,AGAINST,TARGET,NEGATIVE
11134,Legalization of Abortion,"@kingstonpolice @ShowTruth ""Freedom of Expression? Does that mean that I can display pornography in public if I am against it? #SemST",NONE,OTHER,NEGATIVE
20453,Donald Trump,@realDonaldTrump I know I'm not the only person who can't wait to see your name on the presidential ballot and vote for you! #SemST,AGAINST,OTHER,POSITIVE
2819,Legalization of Abortion,ALSO what the fuck gives a man the right to tell a woman what to do with her body? If she wants to get an abortion so be it Texas. #SemST,FAVOR,TARGET,NEGATIVE
1691,Hillary Clinton,"Only in a SEXIST AS FUK world would we question the ""qualifications"" of a former SECRETARY OF STATE. #SemST",FAVOR,TARGET,NEGATIVE
1706,Hillary Clinton,I'm a woman. Can I be President? @StopHillaryPAC #SemST,AGAINST,TARGET,NEGATIVE
190,Atheism,"And We created not the heavens and the earth, and all that is between them, for mere play,  [Quran 44:38]  #athiest  #SemST",AGAINST,OTHER,POSITIVE
10604,Feminist Movement,@shoe0nhead surely it needs both to be side by side? Looks like the woman is now in front. Is that not what u were worried about? #SemST,AGAINST,TARGET,NEGATIVE
966,Climate Change is a Real Concern,Scorching summers for UK by end of the century! Thank Rocks I won't be here to suffer them! :-)  #SemST,FAVOR,TARGET,POSITIVE
606,Atheism,"If children weren't religiously indoctrinated before reaching the age of reason, we'd be living in a completely different world #SemST",AGAINST,TARGET,NEGATIVE
20079,Donald Trump,"@GalaxySojourn until their welfare is cut, their freebies taken away the #plantationparty will always vote dem #SemST",NONE,OTHER,NEGATIVE
529,Atheism,@alomshaha @BHAhumanists will be there with a few friends. Looking forward to it. #SemST,AGAINST,TARGET,POSITIVE
10558,Feminist Movement,HAPPY BIRTHDAY TO ONE OF MY FAV PEOPLE WHO HAS GREAT VIEWS & IS A FELLOW SUPREME COURT CUTIE I LOVE YOU @maddylinder #SemST,NONE,OTHER,POSITIVE
10055,Atheism,"RT @GMHumanistChoir: We're currently looking for new members to join our choir, all welcome, no auditions. #87RT #choir #Manchest... #SemST",AGAINST,OTHER,POSITIVE
10633,Feminist Movement,"Women are murder, abused, raped and etc but what is apparently more important for feminism are #freethenippple and #Manspreading . #SemST",AGAINST,TARGET,NEGATIVE
20421,Donald Trump,"@realDonaldTrump has formed the ""Racistublicans"". The political party for old fat assholes. #Racistublicans  #Republicans  #SemST",AGAINST,TARGET,NEGATIVE
10986,Legalization of Abortion,If u come 2 this country 4 bettwr life fucking adapt 2 USA WAYS #1A #2A #NRA #COS #CCOT #TGDN #PJNET  #WAKEUPAMERICA #SemST,AGAINST,OTHER,NEGATIVE
812,Climate Change is a Real Concern,"Reading: ""The Whale and the Supercomputer. On the Northern Front of Climate Change"" by Charles Wohlforth #arctic #SemST",FAVOR,NO ONE,POSITIVE
2571,Legalization of Abortion,"@LogicOfLife7 No one is advocating ""punishment"". Would you force ppl to give birth against their wills? #rapeculture #SemST",FAVOR,TARGET,NEGATIVE
11168,Legalization of Abortion,I will visit PEI when all women can get a lawful medical abortion on the island. #Cdnpoli #peipoli #womensrights #SemST,FAVOR,TARGET,NEGATIVE
10228,Climate Change is a Real Concern,"5 meta-analyses show 1/2 of species have changed where they live, 2/3 have changed when they live. Camille Parmesan #CFCC15 #SemST",FAVOR,TARGET,NEITHER
1610,Feminist Movement,"my coworker called me gay because i didn't stare at these girls who came in, SORRY but i respect women and this is why i need #SemST",FAVOR,TARGET,NEGATIVE
11194,Legalization of Abortion,There weren't any volunteers outside abortion clinic when she had her abortion bcs there aren't enough of us. Can you join us? 2/2 #SemST,AGAINST,TARGET,NEGATIVE
20374,Donald Trump,"@usnavyjack @RNC When RNC calls, ask them to prove they're conservative. They can't and you'll enjoy it. #RNC #GOP #tcot #SemST",NONE,OTHER,NEGATIVE
2225,Hillary Clinton,"@kin2souls @sunbeltgirl @ChristiChat ""@HillaryClinton can't even manage @billclinton and she wants to be @POTUS"" #lol #SemST",AGAINST,TARGET,NEGATIVE
1324,Feminist Movement,Hate when girls turn into bitches because a guy tells them they look good without make up... THATS A COMPLIMENT ?!!??!???? #SemST,AGAINST,OTHER,NEGATIVE
2632,Legalization of Abortion,"Why do you cry when a dog dies in a movie, but it doesn't seem to phase you that so many babies die because of abortion?  #SemST",AGAINST,TARGET,NEGATIVE
10683,Hillary Clinton,@nytimes But throws a rope around reporters and free speech.  #HillaryInNH #SemST,AGAINST,TARGET,NEGATIVE
166,Atheism,"You are the strength of my life, Lord. #SemST",AGAINST,OTHER,POSITIVE
916,Climate Change is a Real Concern,"Yo if you live in the United States right now, and do not believe in Global Climate Change, you're a fucking idiot. #fact #SemST",FAVOR,TARGET,NEGATIVE
11223,Legalization of Abortion,#ChildrensCentre's in the #UK have stay & play sessions for very young / single parents  #childcare #parenting #SemST,AGAINST,OTHER,POSITIVE
20280,Donald Trump,"We get all the bad #Mexicans...minus the ones whose labor built your empire, of course. #TrumpedFacts #Delusional #GTFOH #SemST",AGAINST,TARGET,NEGATIVE
742,Climate Change is a Real Concern,"For me watching the #ideology of #capitalism at work is like watching a ""train wreck"" in #progress! #Democracy #Goal? #Future #SemST",NONE,OTHER,NEGATIVE
1016,Feminist Movement,So you support unequal pricing based on gender @CamilleBogrand?  Don't you normally call that sexism?  #EqualPayDay #SemST,FAVOR,TARGET,NEGATIVE
272,Atheism,"Let us offer through Jesus a continual sacrafice of praise to God, proclaiming our allegiance to his name.  Hebrews13:15NLT #God #SemST",AGAINST,TARGET,POSITIVE
843,Climate Change is a Real Concern,"It doesn't simply rain in Houston anymore, it storms.  #SemST",FAVOR,TARGET,NEGATIVE
1677,Hillary Clinton,Lets remember #dickcheney is an unindicted war criminal b4 we start yelling #Benghazi day after day. Will we ever see justice? #SemST,NONE,OTHER,NEGATIVE
2029,Hillary Clinton,Apple and Walmart = MADE IN CHINA Why does our country continue to sell us out to China in every way possible? #AppleMusic  #SemST,NONE,OTHER,NEGATIVE
20343,Donald Trump," TY Michael @ASavageNation ""I'd do anything to help him; he's right, he's telling the truth"" @realDonaldTrump #BoycottMacys  #SemST",FAVOR,TARGET,POSITIVE
10962,Hillary Clinton,"The blacks cant admit that O is a failure. No, we dont need another affirmative action president #Obama #communism #SemST",NONE,OTHER,NEGATIVE
255,Atheism,"@skepticpedi I don't trust you performing your ""science-based medicine"" on children.  I don't think it's science, or why reiterate? #SemST",AGAINST,TARGET,NEGATIVE
1774,Hillary Clinton,"Nothing says ""I'm Every Woman"" like 10 Democrat staffers in a machine shop in #Iowa right @HillaryClinton? #NotReadyForHillary #SemST",AGAINST,TARGET,NEGATIVE
1094,Feminist Movement,I'm not sure my schadenfreudes can stand this much tickling. @MT8_9 @prettysing  #SemST,NONE,OTHER,NEGATIVE
450,Atheism,"@narrowwaychurch if u discriminate based on ur religion, be ready to be discriminated against for having that religion. @pookstahr #SemST",FAVOR,TARGET,NEGATIVE
10834,Hillary Clinton,@M_E_Adams if a Demonrat were to win I'd prefer Sanders over Killary. #SemST,AGAINST,TARGET,NEGATIVE
10060,Atheism,The deeper I go with in- The deeper~> the silence- the peace- the healing- the clarity- the vision- the belief- The deeper my  #SemST,AGAINST,TARGET,POSITIVE
10302,Climate Change is a Real Concern,#Asthma is hitting our communities hard in #Chicago says @LVEJO Kim Wasserman  #cleanair4kids #Latinos #SemST,FAVOR,TARGET,NEGATIVE
1049,Feminist Movement,Anyone find it funny that #Feminists use #TakeitLikeAMan when they don't want to understand what it means to be one?  #SemST,AGAINST,TARGET,NEGATIVE
1635,Feminist Movement,"#LikeAFeminist I think any woman who doesn't identify as a feminist has ""internalised misogyny #SemST",FAVOR,TARGET,NEGATIVE
55,Legalization of Abortion,But isn't that the problem then. Not enough faith. #gaystapo #socialism #SemST,NONE,OTHER,NEGATIVE
20597,Donald Trump,"@msnbc @chefjoseandres good riddance to bad rubbish, #SemST",NONE,OTHER,NEGATIVE
10893,Hillary Clinton,"@JoanOfArgghh I won't use the c-word, so I'll just say that everything Clinton does is a ""cunning stunt"". #HillaryonCNN #SemST",AGAINST,TARGET,NEGATIVE
2671,Legalization of Abortion,Everyone who disagrees has always had the right to mind their own damn business!!!! #LoveWins #SemST,NONE,OTHER,NEGATIVE
10590,Feminist Movement,@StacyLGage @mylittlepwnies3 because i need the whole world to validate my vagina #SemST,AGAINST,TARGET,NEGATIVE
10106,Atheism,The greatest tragedy in life is the prayers that go unanswered because they go unasked. #ghlondon #SemST,AGAINST,TARGET,NEGATIVE
678,Climate Change is a Real Concern,@_A___L___I_ well they should! Why do you think people in Karachi r dying? because we don't care about our environment! #SemST,FAVOR,TARGET,NEGATIVE
2398,Legalization of Abortion,@BruvverEccles @Telegraph @David_Cameron I despair! I want grandchildren or are they a 'luxury item' #Catholic #SemST,AGAINST,OTHER,NEGATIVE
10422,Feminist Movement,@ramzaruglia @a_man_in_yellow Just imagine all the semen those women are slurping in the bottom left pic #YesAllWomen #SemST,AGAINST,TARGET,NEGATIVE
2199,Hillary Clinton,If you need me I'll be screaming like a little baby from now until about ten minutes after @HillaryClinton arrives in #PTown. #SemST,AGAINST,TARGET,NEGATIVE
11180,Legalization of Abortion,@eilistweets  Surprised? A poll sponsored by biased @AmnestyIreland was always going to give a pro-abortion result #repealthe8th #SemST,AGAINST,TARGET,NEGATIVE
338,Atheism,I'm so proud of the U.S. Let's keep the momentum going and make more progress for all. #LoveWins #SemST,NONE,OTHER,POSITIVE
10042,Atheism,Watch @Dame_Lillard bring the Blazers to the playoff #Beast #SemST,AGAINST,OTHER,POSITIVE
2885,Legalization of Abortion,@HomunculusLoikm @SawyerAndrew @BryanBroome1 @jstines3 I don't think most women enjoy the experience. #SemST,AGAINST,OTHER,NEGATIVE
2691,Legalization of Abortion,If you planted a garden you don't pull out the plants before they have a chance to bear fruit. #SemST,AGAINST,TARGET,POSITIVE
10501,Feminist Movement,I like girls. They just need to know there place. #SemST,AGAINST,TARGET,NEGATIVE
1170,Feminist Movement,@sammikluber I'm just stating the facts #SemST,NONE,NO ONE,NEITHER
2044,Hillary Clinton,@WNTonight i love bernie because he ain't #SemST,NONE,OTHER,POSITIVE
20512,Donald Trump,@realDonaldTrump  Just registered to Vote Today so I can contribute to help #MakeAmericaGreatAgain #Honesty #SemST,FAVOR,TARGET,POSITIVE
1634,Feminist Movement,Patriarchy Theory - designed to project the prejudice and insecurity of feminists onto men #SemST,AGAINST,TARGET,NEGATIVE
10344,Climate Change is a Real Concern,The countries most likely to survive climate change in one infographic #Survive #Infographic #SemST,FAVOR,TARGET,POSITIVE
1768,Hillary Clinton,"Saudi Arabia imprisons & flogs rape victims. ""Women's champion"" @HillaryClinton has accepted MILLIONS $$$ from Saudi govt #tcot #SemST",AGAINST,TARGET,NEGATIVE
1660,Feminist Movement,Heterosexual male's sexual orientation is not a social/capitalist construct that it can be changed with a blink of an eye.  #SemST,AGAINST,OTHER,NEITHER
20449,Donald Trump,@avocadofact only 2% of illegals work farm jobs #SemST,AGAINST,OTHER,NEITHER
20238,Donald Trump,OMG! .@KirstenPowers Practically states Whites are more racist than Blacks because Whites are oppressing Blacks. WHERE? WTF? #SemST,AGAINST,OTHER,NEGATIVE
20014,Donald Trump,"Honestly I am gonna watch #Univision so much more now, just to support the network against #SemST",NONE,OTHER,POSITIVE
794,Climate Change is a Real Concern,#Mission:#Climate @ home > Purchase green power (if available) (by @EPA) #Tip #SemST,FAVOR,TARGET,NEITHER
446,Atheism,The dominance of #Islam becomes evident when a smartphone types #Ramayana as #Ramadan. Allah hu Akbar! #SemST,AGAINST,TARGET,NEGATIVE
10049,Atheism,Religious holidays should not be public. #RightsAndRecourse #Transformation #SemST,AGAINST,TARGET,NEGATIVE
10512,Feminist Movement,fEminism?? eQual rights??? treating people like HUMANS??nono nooooiscruelty #SemST,AGAINST,TARGET,NEGATIVE
20092,Donald Trump,I really hate these stunts.  We already know how ignorant the post-Reagan generations are.   #SemST,NONE,OTHER,NEGATIVE
93,Legalization of Abortion,U know what isn't funny? Male politicians deciding what women should do with their body's. #SemST,FAVOR,OTHER,NEGATIVE
10560,Feminist Movement,"Religious ""what homosexual men find sexy is wrong""  Feminits ""what heterosexual men find sexy is wrong""  #SemST",AGAINST,TARGET,NEGATIVE
1201,Feminist Movement,Today we watch the United States Supreme Court. #SemST,NONE,NO ONE,NEITHER
1103,Feminist Movement,Courting patriarchal approval condemns your sisters to abuse about their physical appearance #patriarchyisugly #SemST,FAVOR,TARGET,NEGATIVE
874,Climate Change is a Real Concern,@lancet  #climatehealth report says we need ambitious programme like Marshall plan or Apollo mission to tackle climate change #SemST,FAVOR,TARGET,NEITHER
10247,Climate Change is a Real Concern,#Mission:#Climate @ home > Purchase renewable power from your utility (by @AveKathleen) #Tip #ImpactIsReal #SemST,FAVOR,TARGET,POSITIVE
1738,Hillary Clinton,"You can't grow an economy from the bottom up. If she gets in, we're ALL in trouble #SemST",AGAINST,TARGET,NEGATIVE
2855,Legalization of Abortion,Abortion IS NOT a political issue it is a MORAL issue. #Catholic #Christian #Conservative #SemST,AGAINST,TARGET,NEGATIVE
10086,Atheism,"Heb 10:12  this man, after he had offered one sacrifice for sins for ever, sat down on the right hand of God; #bible #SemST",AGAINST,TARGET,POSITIVE
10196,Atheism,The #Church is a hospital but the doctor is one: #Christ!! #SemST,AGAINST,TARGET,POSITIVE
2802,Legalization of Abortion,"@jacelarson He's not concerned about women's health, it's all about control. Stay outta my lady parts, Mr. Patrick! #SemST",FAVOR,TARGET,NEGATIVE
20639,Donald Trump,"@realDonaldTrump Now that you're the leader of the GOP, will you show them what Leadership is? #MakeAmericaGreatAgain #SemST",FAVOR,TARGET,POSITIVE
20230,Donald Trump,Freedom of speech? Yeah right. You are only allowed to say what you want if it lines up with the liberal agenda. Wake up people #SemST,AGAINST,OTHER,NEGATIVE
1214,Feminist Movement,Just been putting the finishing touches to a feminist-themed cryptic crossword... Standard. #crosswords #SemST,FAVOR,TARGET,NEGATIVE
10952,Hillary Clinton,"@billodoux Thanks for the follow, that his by far the cutest avatar I have seen, God bless you all ! #freealfour #SemST",NONE,OTHER,POSITIVE
10269,Climate Change is a Real Concern,"You know things are pretty out of control when you're happy to have ""only"" 30 degrees C indoor and it feels good. #SemST",FAVOR,TARGET,NEGATIVE
1862,Hillary Clinton,RT @Glenn_Hegar: Follow if you stand against Hillary in 2016! #SemST,AGAINST,TARGET,POSITIVE
252,Atheism,God can turn around any situation. #trust #SemST,AGAINST,TARGET,POSITIVE
2798,Legalization of Abortion,Happy to hear the #SCOTUS blocked closing of 10 abortion clinics in TX until an appeal can be heard #safelegalrare #thinkprogress #SemST,FAVOR,TARGET,POSITIVE
717,Climate Change is a Real Concern,@irish0831 Good grief! I can feel the desperation seeping off the page.   GOOD. We've got 'em on the ropes.  #SemST,NONE,OTHER,POSITIVE
1842,Hillary Clinton,If you're not watching @HillaryClinton's speech right now you're missing her drop tons of wisdom. #SemST,FAVOR,TARGET,POSITIVE
1383,Feminist Movement,RT @LeexxxW: So #SpankAFeminist is sooooo horrible but #killallmen is perfectly fine ! I see how it is!! #SemST,AGAINST,TARGET,NEGATIVE
20656,Donald Trump,In Oregon 15 yr olds arent allowed to drive but they can have a sex-change operation withOUT parental consent. When will we #SemST,NONE,OTHER,NEGATIVE
939,Climate Change is a Real Concern,(1/2) Poisoning of the #Biosphere cannot be dealt with by free market economics;  #TaxWallStreet #Environment #GMO #SemST,FAVOR,TARGET,NEGATIVE
10937,Hillary Clinton,"Republican on facebook said :If it comes down to a choice between Donald Trump and Hillary,  I'm not voting! #SemST",AGAINST,TARGET,NEGATIVE
10921,Hillary Clinton,@Westxgal @irisflower33: This money will buy the Anti-American Libs including #SemST,AGAINST,NO ONE,NEGATIVE
20428,Donald Trump,"@CindyReynolds I have to turn the channel, all I can do is stare at that nest on his head. #SemST",AGAINST,OTHER,NEGATIVE
11098,Legalization of Abortion,"@LifeSite Right, where are the pre-born women's rights? #allLivesMatter #equalRights #SemST",AGAINST,TARGET,NEGATIVE
343,Atheism,I am strong because I am wise and full of knowledge -Prov. 24:5 #SemST,AGAINST,TARGET,POSITIVE
11161,Legalization of Abortion,It very simple .. Let women choose.. #repealthe8th #notacriminal #SemST,FAVOR,TARGET,POSITIVE
376,Atheism,"From the fear of being suspected, deliver me, Jesus. #Catholic #SemST",AGAINST,OTHER,POSITIVE
20312,Donald Trump,"Spine, I would like for you to meet the Republican Party.  #SemST",AGAINST,TARGET,NEGATIVE
2071,Hillary Clinton,Gwen being a good leader and training a new volunteer in rock hill.! #FellowsSC #HillaryForSC #SemST,FAVOR,TARGET,POSITIVE
10490,Feminist Movement,Just watched the frickin' awesome interview with @caitlinmoran and @lenadunham ! What a breath of fresh air those two ladies are!! #SemST,NONE,OTHER,POSITIVE
11000,Legalization of Abortion,#FF #Patriot --> PigsWalkUpright.  Thanks 4 following back!! #Truth #Liberty #Justice #ProIsrael #2A #RiseUpAmerica #ProudAmerican #SemST,NONE,NO ONE,POSITIVE
1158,Feminist Movement,you know what's ugly? can't going out with a short skirt without being judged #SemST,FAVOR,TARGET,NEGATIVE
991,Climate Change is a Real Concern,Wish everyone wasn't so pale this season #suntan #babyoil #TheBachelorette #SemST,NONE,OTHER,NEGATIVE
397,Atheism,"I see more and more people each day question God's work and why he does things. If you believe, you shouldn't have any questions. #SemST",AGAINST,TARGET,POSITIVE
1940,Hillary Clinton,Great that @HillaryClinton attended #ClementaPinckney 's funeral today!! #SemST,FAVOR,TARGET,POSITIVE
10343,Climate Change is a Real Concern,#Questiontime Who is more likely to solve problems related to #poverty #sustainability & #government? #religion? #business? #SemST,NONE,OTHER,NEITHER
1683,Hillary Clinton,"I've made my decision, to the shock of no one probably, who I'm supporting  #SemST",NONE,NO ONE,NEGATIVE
10062,Atheism,"James 1:14 (#KJV) But every man is TEMPTED, when he is drawn away of his own LUST, and enticed.  #God #Lord #Christ #Holy #Spirit #SemST",AGAINST,TARGET,NEGATIVE
364,Atheism,Very excited that the #SCOTUS ruled in favor of #MarriageEquaility   #LoveWins  #SemST,NONE,OTHER,POSITIVE
10715,Hillary Clinton,"@HillaryClinton had a duty to preserve ESI Now it's someone's duty to prosecute & sanction her Apparently ""duty"" is irrelevant #SemST",AGAINST,TARGET,NEGATIVE
10613,Feminist Movement,Why do #women take their husban's name?Why not the other way round?Let's start #Itookhername!!!us #gender #genderequity #SemST,FAVOR,TARGET,NEGATIVE
1653,Feminist Movement,Ashamed of my fellow man. Making pigs of ourselves at every given opportunity.  #feminist #ashamed #SemST,AGAINST,TARGET,NEGATIVE
10326,Climate Change is a Real Concern,Why is Stephen Harper or representative not at #costa   Does he not care about the environment?  #cdnpoli #environment #SemST,FAVOR,TARGET,NEGATIVE
11236,Legalization of Abortion,@FactsVsOpinion these poor souls won't be anything in the future @PPact encouraged women to murder babies. #BlackLivesMatter #SemST,AGAINST,TARGET,NEGATIVE
2036,Hillary Clinton,@moser_kristen  I love how you pay more attention to the democratic candidate than you own republican candidates #KnowTheEnemy #SemST,NONE,OTHER,NEGATIVE
11014,Legalization of Abortion,Those who wonder what they would have done had they lived at the time of some terrible injustice now know the answer -P. Hitchens #SemST,AGAINST,OTHER,NEGATIVE
156,Atheism,"The worst day of my life so far is here, setting my Nan to rest. Even as a physicist, times like these make you wonder. #SemST",NONE,OTHER,NEGATIVE
10297,Climate Change is a Real Concern,We blame cities for the majority of CO2 emissions without acknowledging their vulnerability to #CFCC15 #journey2015 #S2228 #SemST,FAVOR,TARGET,NEGATIVE
763,Climate Change is a Real Concern,@realDonaldTrump - You are not very smart Donald #SemST,NONE,TARGET,NEGATIVE
896,Climate Change is a Real Concern,@metaceptive @jmgamerorus gutted I've missed this would have loved to hear this talk. Africa represented #SemST,NONE,OTHER,POSITIVE
2491,Legalization of Abortion,"I will believe the narrative that ""black lives matter"" when ALL black lives matter, all the time. #BlackOnBlackViolence #SemST",NONE,OTHER,NEGATIVE
10890,Hillary Clinton,"You know, when you talk bad about Hillary, in a sense, you're talking bad about me. #SemST",FAVOR,TARGET,NEGATIVE
1244,Feminist Movement,What a wonderful interview with @blakelively in @StylistMagazine. Very refreshing feminist views #SemST,FAVOR,TARGET,POSITIVE
2288,Hillary Clinton,"Why does the "" shit barometer "" always rise when Republicans speak? #USA #July4 #SemST",AGAINST,TARGET,NEGATIVE
1857,Hillary Clinton,"I've been doing my reading and I do have to to say, I'm wildly impressed by Hillary Clinton #SemST",FAVOR,TARGET,POSITIVE
2488,Legalization of Abortion,@Hannah_Warren14 that much more oppressive for women #SemST,NONE,OTHER,NEGATIVE
979,Climate Change is a Real Concern,@kyjl89 it's crazy. Oklahoma is bracing for more flooding rains (4th cycle this year) & Canada is burning. #SemST,FAVOR,TARGET,NEGATIVE
10955,Hillary Clinton,I'm conservative but I must admit I'd rather see @SenSanders as president than Mrs. Clinton. #stillvotingGOP #politics #SemST,AGAINST,TARGET,NEGATIVE
2618,Legalization of Abortion,"@LifeMattersJrnl Once again, whose body do you have a ""right"" to use w/out consent? Still waiting. #rapeculture #SemST",FAVOR,TARGET,NEGATIVE
1503,Feminist Movement,"Heads up, everyone in America benfits from #SemST",AGAINST,OTHER,POSITIVE
10052,Atheism,RT @br_holden: Superstition-based thoughts tend to be wasted thoughts.  #freethinker #SemST,AGAINST,TARGET,NEGATIVE
2343,Legalization of Abortion,You know what's best for you You know what's best for your happiness You know what's best for your well being #SemST,FAVOR,TARGET,POSITIVE
749,Climate Change is a Real Concern,There's a great challenge 4 #leadershhip in #globslopportunity 2search synergetic efforts w/ their fellows to get engaged in #SemST,NONE,NO ONE,POSITIVE
20244,Donald Trump,Remember that story about a charismatic businessman who will lie to get into power from an obscure position? #Revelation #SemST,AGAINST,TARGET,NEGATIVE
502,Atheism,I have a dream ! The end of religion  #AP666 #AtheistRollCall #TeamAtheist #freethinker #freedom #SemST,AGAINST,TARGET,NEGATIVE
1180,Feminist Movement,The moment you know you've won as a wife.  You put out and he gets up to make his own sandwich. #winning #yvrmoms #funny #joke #SemST,FAVOR,TARGET,POSITIVE
20286,Donald Trump,@TPM @realDonaldTrump this is what happens when you open your big mouth. You're out of luck for 2016 at this rate. #Univision #SemST,AGAINST,TARGET,NEGATIVE
434,Atheism,saw @ChemBros at the Essential Festival in Brighton too #khole #SemST,NONE,NO ONE,NEITHER
758,Climate Change is a Real Concern,"Raining again then Im sure, it wi suddenly get warm again right after. #SemST",FAVOR,TARGET,NEGATIVE
72,Legalization of Abortion,@rosaryrevival When we #PrayTheRosary lest we forget to #Prayforpersecutedchurch #PrayForIsrael #PrayForUkraine #SemST,NONE,OTHER,POSITIVE
2146,Hillary Clinton,"All Americans have value to our society, it's called a vote. #LiberalLogic    #InternationalJokeDay #SemST",AGAINST,OTHER,POSITIVE
891,Climate Change is a Real Concern,Water temperature off the Atlantic  coast is in the 80s in June. We are like proverbial frogs in boiling water #climate #SemST,FAVOR,TARGET,NEGATIVE
1676,Hillary Clinton,@StateDept @AmbCathyRussell @AdamSmith_USA @HillaryClinton @HillaryforIA @BarackObama The whole #world is supporting you. #SemST,FAVOR,TARGET,POSITIVE
10475,Feminist Movement,Some men do not deserve to be called gentlemen #SemST,NONE,OTHER,NEGATIVE
2022,Hillary Clinton,"@fuzislippers @KLSouth @gdebenedetti Yeah, she's a real forward thinker! Lol  #MakeAmericaGreatAgain #WhyImNotVotingForHillary #SemST",AGAINST,TARGET,NEGATIVE
10951,Hillary Clinton,@TheAtlantic cause  #Hillary Clinton is a LYING THEIVING CUNT  #SemST,AGAINST,TARGET,NEGATIVE
20590,Donald Trump,@realDonaldTrump Just want to say thank you for not pandering to the pc police! #richforareason #nofear #SemST,FAVOR,TARGET,POSITIVE
20246,Donald Trump,Cancel your Netflix subscription and donate to @realDonaldTrump's campaign for entertainment #Trump #SemST,AGAINST,TARGET,NEGATIVE
10932,Hillary Clinton,"Hillary says people should and do trust her, phew wee I am glad she finally got that issue behind her. #SemST",AGAINST,TARGET,NEGATIVE
20232,Donald Trump,If you think it's fine American car companies send jobs to Mexico while we pay for their welfare you must hate @realDonaldTrump   #SemST,AGAINST,TARGET,NEGATIVE
523,Atheism,I break curses of death spoken against America by people from other nations in the name of Jesus. #SemST,AGAINST,OTHER,NEGATIVE
1161,Feminist Movement,"If you claim nor to be a feminist, you either don't understand what feminism is, or you are a huge societal problem. #SemST",FAVOR,TARGET,NEGATIVE
1539,Feminist Movement,Gender norms my ass: definitely moved a few 40lb boxes in wedges #muscles #SemST,AGAINST,OTHER,NEGATIVE
20006,Donald Trump,Donald Trump isn't afraid to roast everyone. #SemST,FAVOR,TARGET,POSITIVE
850,Climate Change is a Real Concern,"China, I had plans to work on other things today. Rude. #EUChina #SemST",NONE,OTHER,NEGATIVE
20574,Donald Trump,Donald Trump is the man of all men #SemST,FAVOR,TARGET,POSITIVE
1622,Feminist Movement,"@HiddenTara No one wants to see #Feminists naked, so the petty, vindictive bytches want to drag everyone else down to their level. #SemST",AGAINST,TARGET,NEGATIVE
20239,Donald Trump,What's @realDonaldTrump wife's Twitter handle? I need to ask her if his balls are made of brass...I'm certain they are.   #NoHomo #SemST,AGAINST,TARGET,NEGATIVE
20085,Donald Trump,@ericbolling let @MichelleFields loose on @TheJuanWilliams when he makes idiotic unsubstantiated statements. #CashinIn #SemST,NONE,OTHER,NEGATIVE
20127,Donald Trump,@realDonaldTrump we need someone like you who won't back down to ANYONE or ANYTHING #SemST,FAVOR,TARGET,POSITIVE
322,Atheism,"The world was made a better place today, even if it was on a small scale, it was a small step forward. #SemST",NONE,OTHER,POSITIVE
2174,Hillary Clinton,The Kool-Aid drinking leftanistas continue to close ranks with support for Madame Secretary. WTF? Hillary is a fraud full of lies. #SemST,AGAINST,OTHER,NEGATIVE
1167,Feminist Movement,"I've removed the term #feminist from by bio because racist, transphobic, white feminists have fucked it up for everyone. #SemST",AGAINST,TARGET,NEGATIVE
2499,Legalization of Abortion,I can't stand people who are pro life because they had a stillborn or loss.... #SemST,FAVOR,TARGET,NEGATIVE
1366,Feminist Movement,"Even if I didn't love @taylorswift13's music, I'd still be a fan. She's a brilliant young woman. #SemST",NONE,OTHER,POSITIVE
2611,Legalization of Abortion,"Dear #SCOTUS, now that you deemed it constitutional to ""defend the rights of ALL people,"" can we get a ruling to abolish abortion? #SemST",AGAINST,TARGET,POSITIVE
985,Climate Change is a Real Concern,@Revelation1217 @erotao  The Snow is melting? #TCOT #SemST,NONE,OTHER,NEITHER
38,Hillary Clinton,"What are you afraid of @HillaryClinton? If you can't answer questions from the press, why do we want you as POTUS #SemST",AGAINST,TARGET,NEGATIVE
116,Atheism,"Prophet Muhammad said: ""Exchange gift for it will increase your love towards one another."" #islam #world #Quran #SemST",AGAINST,OTHER,POSITIVE
10684,Hillary Clinton,"#IfIhadAdollarFor wondering, was I that stupid when I was a #Democrats? #Obama #2A #NoAmnesty #WakeUpAmerica #SemST",AGAINST,OTHER,NEGATIVE
2354,Legalization of Abortion,"@TheFullBug Dehumanizing? Why are you dehumanizing the pregnant person? They're more than walking incubators, and have rights! #SemST",FAVOR,TARGET,NEGATIVE
1249,Feminist Movement,"M: FEMINISTS NEED TO GROWA SENSE OF HUMOR W: Okay. (sips from ""Male Tears"" mug) M: AAIGH!  MISANDREEEEEEEEEEE  #YesAllWomen #SemST",AGAINST,TARGET,NEGATIVE
20372,Donald Trump,@GreggJarrett @FoxNews @GeekGirl2u @realDonaldTrump will do fine with legal Latino voters. #MakeAmericaGreatAgain #SemST,FAVOR,TARGET,POSITIVE
20414,Donald Trump,Liberalism is the politics of personal destruction! If Liberals can't win- they will lie & demonize! They are paid to attack! #SemST,AGAINST,OTHER,NEGATIVE
1806,Hillary Clinton,"In 2013 Clinton Foundation collected $140M and spent $9M on direct aid, in 2014 they raised $500M and spent $100M on direct aid!  #SemST",AGAINST,TARGET,NEGATIVE
1254,Feminist Movement,I wonder when my feminism top is gonna arrive.. I need a bit of happiness with the stress of studying #collegelife #SemST,FAVOR,TARGET,POSITIVE
10225,Climate Change is a Real Concern,"Boni ""Future Sea level rise will not be uniform & different for coasts"" #CCFC15 #Journey2015 #SemST",FAVOR,TARGET,NEITHER
20562,Donald Trump,@realDonaldTrump I don't care what @NASCAR says! I dont care what the liberals at @espn say.. Keep Speaking The TRUTH!! #SemST,FAVOR,TARGET,POSITIVE
10356,Climate Change is a Real Concern,"$500,000 on flags in 12 months  vs  An Inter-Generational Rot that addresses   #ThingsToSpendMyTaxesOnOtherThanFlags #SemST",NONE,OTHER,NEGATIVE
2332,Legalization of Abortion,I've noticed that everybody that is for Abortion has already been born-Ronald Reagan #LetthemLive #AllLivesMatter #SemST,AGAINST,TARGET,NEGATIVE
20501,Donald Trump,@BillGates Can you reset my Windows 98 password?? #SemST,NONE,OTHER,NEGATIVE
1990,Hillary Clinton,@LaureneDiCillo @NBCNews @dl34l And why are major media outlets not exposing Hillary's blatant flip flopping on this issue. #SemST,AGAINST,TARGET,NEGATIVE
2154,Hillary Clinton,@docdebags @awelab1956 @BuzzFeedAndrew @BuzzFeedNews  It will. Otherwise we're guaranteed GOP in control of all 3 branches. #SemST,AGAINST,OTHER,NEGATIVE
171,Atheism,"@latikia @seangillies Yeah, right? Lol wink wink nudge nudge. The greatest part is how ""God's"" playing along! #religiondoesharm #SemST",FAVOR,TARGET,NEGATIVE
477,Atheism,"How did the crucifixion of #Christ lead the world to #salvation, when the only thing it started was the #DarkAges? #skepticism #SemST",FAVOR,TARGET,NEGATIVE
10585,Feminist Movement,Why are you afraid of me when I open my mouth but not when I open my legs? #SemST,FAVOR,TARGET,NEGATIVE
11070,Legalization of Abortion,There's no place for selfishness when you talk about a human life. Everyone matters! #quotes #truelovewaits #parenting #humanrights #SemST,AGAINST,OTHER,POSITIVE
20130,Donald Trump,I Can't Believe How Many Followers I Gained Today  #SemST,NONE,NO ONE,POSITIVE
10132,Atheism,"@flipflops I can confirm. They also worship #Hitler, the atheist diety and inventor of #SemST",AGAINST,OTHER,NEGATIVE
1419,Feminist Movement,Wow @fernemccann  you are beautiful even make up free! #girlpower #SemST,FAVOR,TARGET,POSITIVE
1145,Feminist Movement,@EverydaySexism .@Rod_McCallum you are a dinosaur and a fool.  Not rising to your antiquated rhetoric.  Bye #SemST,FAVOR,TARGET,NEGATIVE
11038,Legalization of Abortion,CPCs in this town of 5000: 2. #goddamn #SemST,AGAINST,OTHER,NEGATIVE
2716,Legalization of Abortion,There's an undeniable inverse correlation between women's right to choose and crime rates #womensrights #SemST,FAVOR,TARGET,NEGATIVE
1240,Feminist Movement,"#WeNeedFeminism because #NoMeansNo it doesnt mean yes, it doesnt mean try harder!  #YesAllWomen @yesallwomen #RT #SemST",FAVOR,TARGET,POSITIVE
20112,Donald Trump,@Jewtantandproud @TookyMonster the new and cool meme is to post a video of you eating a banana. I will if you will! #bananavideo #SemST,NONE,NO ONE,POSITIVE
1505,Feminist Movement,Why should woman stick together?  I don't like half of you cunts. #SemST,AGAINST,TARGET,NEGATIVE
1440,Feminist Movement,Someone should do a #Meminist Frequency video response highlighting the violence against men portrayed in video games. #SemST,AGAINST,TARGET,NEGATIVE
61,Legalization of Abortion,"FACT: 17% of today's population is equivalent to residents in New York, Florida, and Pennsylvania.  Where's the outrage for this?  #SemST",NONE,OTHER,NEGATIVE
596,Atheism,"It is folly to deny the religious impulse. Just consider Marxism's reliance on its prophet, holy book & promise of future heaven #SemST",AGAINST,TARGET,NEGATIVE
11162,Legalization of Abortion,I cannot believe there are still people in this century who opposed to women having rights over their own bodies! #disgusted #SemST,FAVOR,TARGET,NEGATIVE
20651,Donald Trump,@realDonaldTrump Just watched you on @FoxNews. You are awesome! You have my vote! #MakeAmericaGreatAgain #SemST,FAVOR,TARGET,POSITIVE
1246,Feminist Movement,Contrary to stereotype I see feminists all over social media championing causes that benefit men. #YesAllWomen #HeForShe #SemST,FAVOR,TARGET,POSITIVE
1910,Hillary Clinton,@petefrt this is how GOP needs to be handling campaign not attacking each other but showing all hillary fails. #uniteright #SemST,AGAINST,TARGET,POSITIVE
20326,Donald Trump,@realDonaldTrump You go get em Donald!  The real folks are with you 110% #SemST,AGAINST,OTHER,POSITIVE
10021,Atheism,"Every life is a profession of faith, and exercises an inevitable and silent influence. ~Henri Frederic Amiel #SemST",AGAINST,OTHER,POSITIVE
909,Climate Change is a Real Concern,"I bet as a species, Man farts more today due to: Soda, Carbonated Beverages & Fast Food than any other recorded era before. #SemST",NONE,OTHER,NEGATIVE
10967,Hillary Clinton,"@finneyk Can't stand @msnbc anymore, but hope @HillaryClinton will go on the @maddow Show! This needs to happen!! #SemST",FAVOR,TARGET,POSITIVE
63,Legalization of Abortion,If you believe in its power; then pray. #Nepal #Baltimore #ISIS #Kenya #GenderChange #Injustice #Slavery #Racism #MiddleEast #SemST,NONE,OTHER,POSITIVE
2840,Legalization of Abortion,#Prolife laws kill women. Real #feminists are #prochoice. Calling us #feminazi? Because of course you have no arguments. #fem2 #SemST,AGAINST,TARGET,NEGATIVE
2872,Legalization of Abortion,"Abortionists refused to comply with these constitutional, common-sense standards. #NARAL #SemST",AGAINST,OTHER,NEGATIVE
1664,Feminist Movement,Feminists like you are like religious people who CANNOT understand why Atheists reject their nonsense @linneareithis  #SemST,AGAINST,TARGET,NEGATIVE
2175,Hillary Clinton,"Trump's inauguration speech (God Forbid)!!.....Me-me-me-me-China-me-me,""did i mention me yet!?..where's my hairspray China #SemST",AGAINST,OTHER,NEGATIVE
629,Climate Change is a Real Concern,"Macro problems face us all, but people focus on micro problems because they are within our immediate power to fix #SemST",FAVOR,TARGET,NEGATIVE
20029,Donald Trump,"@realDonaldTrump you know that middle class is Latino's, right? You just shitted all over that working class you claim to need. #SemST",AGAINST,TARGET,NEGATIVE
1916,Hillary Clinton,@tedcruz won't be there. I'm supporting @HillaryClinton for President. #lgbtrights #ACAWorks #SemST,FAVOR,TARGET,POSITIVE
11039,Legalization of Abortion,A prochoice advocate but circumcise ur baby? Fucking hypocrite! #circumcision #humanrights #SemST,AGAINST,OTHER,NEGATIVE
20702,Donald Trump,"They blew up the trade centers to cover their destructive trails, and paved the way for more death, war, and mind control. #SemST",NONE,OTHER,NEGATIVE
1613,Feminist Movement,"Grr! That subject is not allowed to be joked about! - Typical Feminist, regarding every topic of humor #SpankAFeminist #SemST",AGAINST,TARGET,NEGATIVE
837,Climate Change is a Real Concern,Ballot paper posted @timfarron has my vote for leader. Our Liberal voice will be heard #HumanRightsAct #AffordableHousing #SemST,NONE,OTHER,POSITIVE
1252,Feminist Movement,So if I find a woman attractive I'm an objectifying pig. If I don't find her attractive I'm a shallow pig. #SemST,AGAINST,TARGET,NEGATIVE
10850,Hillary Clinton,"@HillaryClinton Wow, #HillaryClinton looks very fat in that pants suit. #liberals #tlot #Democrats #SemST",AGAINST,TARGET,NEGATIVE
1410,Feminist Movement,"Old, insecure females forcing hatred of men on a younger generation of women #SemST",AGAINST,TARGET,NEGATIVE
20004,Donald Trump,"@ABC Stupid is as stupid does! Showedhis true colors; seems that he ignores that US was invaded, & plundered,not discovered #SemST",AGAINST,TARGET,NEGATIVE
20305,Donald Trump,"Well, someone's doing the raping. I get combed and gooped up so much, Donald's the one doing the raping. He never understands. #SemST",AGAINST,TARGET,NEGATIVE
1423,Feminist Movement,"Towie catchup, totally agree with ferne #TOWIE #SemST",NONE,OTHER,POSITIVE
20707,Donald Trump,"@RMConservative @DagnyRed ,P.C. is out of control,stop being offended ,we are a country of free thinkers,#1A #SemST",NONE,OTHER,NEGATIVE
1143,Feminist Movement,feminist: *says something about women to be treated as equal human beings*  some asshole: you're ugly  wow nice okay lmao  #SemST,AGAINST,TARGET,NEGATIVE
1584,Feminist Movement,@prpodcastshow I hope there is a women's size for the #GameofKings championship belt. Or is that just for men? #SemST,AGAINST,TARGET,NEGATIVE
2600,Legalization of Abortion,RT @dave_gosh: Im Prolife and Abortion has and will always be taking a life!  #ChooseLife #Christians #Prolife... #SemST,AGAINST,TARGET,NEGATIVE
11148,Legalization of Abortion,"Not your uterus, not your choice--from conception on, it really is THAT simple! #fem2gen #YesAllWomen #SemST",FAVOR,TARGET,POSITIVE
1925,Hillary Clinton,"A Black President,Healthcare 4 all, Marriage Equality...what's next?..a Woman President?!Damn RIGHT! #SCOTUS #MarriageEquality #SemST",FAVOR,TARGET,POSITIVE
20337,Donald Trump,@gerfingerpoken2 @tomgreen1959 Of course he did. Traitors conspire with #traitors #ImpeachObama #SemST,NONE,OTHER,NEGATIVE
2628,Legalization of Abortion,@_hannahwilhoit @paigem32 I'm done with the convo. But before I go. #SemST,NONE,OTHER,NEGATIVE
11078,Legalization of Abortion,If #Freewill is good enough for your #god it should be good enough for you. #SemST,AGAINST,TARGET,POSITIVE
10499,Feminist Movement,It's incredibly easy to identify shitty females with a poor view on the world and what's important thanks to #SemST,AGAINST,TARGET,NEGATIVE
86,Legalization of Abortion,Today I am grateful to have the right to control my body without govt influence. #antichoice leaders want to stop this. #abvote #SemST,FAVOR,TARGET,POSITIVE
907,Climate Change is a Real Concern,There has never been a better time to get the heck out of California. #vaccines #science #gmo #bees #autism #gmo #sb277 #SemST,NONE,OTHER,NEGATIVE
1976,Hillary Clinton,@HRCSnowShovel it must be hard work burying the @HillaryClinton anti-LGBT rights record #LoveWins #FeelTheBern #SemST,AGAINST,TARGET,NEGATIVE
2902,Legalization of Abortion,"#Love does not delight in #evil, but #rejoices in the #truth ~1 Cor 3:6 #Loving requires always speaking truth #ProtestChildKilling #SemST",AGAINST,OTHER,POSITIVE
10629,Feminist Movement,Been watching a lot of feminist videos in YouTube an all I can say is Are these women for real ?!?! #SemST,AGAINST,OTHER,NEGATIVE
725,Climate Change is a Real Concern,Ocean acidification is the most important scientific crisis that we face today Donna Roberts #CambioClimatico #SemST,FAVOR,TARGET,NEGATIVE
10074,Atheism,Join me on #Periscope M-F @ 8am! #Entrepreneurship #Productivity #ChristianEntrepreneurs #SemST,AGAINST,NO ONE,POSITIVE
1823,Hillary Clinton,"@HillaryClinton Did your rich Saudi donors, who execute gays, join the team? #Hypocrite #WakeUpAmerica  #SemST",AGAINST,TARGET,NEGATIVE
1431,Feminist Movement,DEAR ANTI-PORN FEMINISTS   If you've never eaten popcorn while watching porn you are missing out in life... #GamerGate #SemST,AGAINST,TARGET,NEGATIVE
304,Atheism,Indigenous would lose more than Madhesi if da current trend of constitution making continues- Hachhethu #identity #federalism #SemST,NONE,OTHER,NEGATIVE
10242,Climate Change is a Real Concern,.@vj44 @POTUS Yay! We'd love to convert to solar power! PG&E plan to raise our rates again. #ActOnClimate #p2 #SemST,FAVOR,TARGET,POSITIVE
908,Climate Change is a Real Concern,"Noted climatologist, marine biologist,& oceanographer Ted Danson told us 27 yrs ago that the oceans would be dead in 10 yrs. #SemST",AGAINST,OTHER,NEGATIVE
1175,Feminist Movement,.@cooImemegirl @TC_Stompa So what? It is a man's choice whether he wants to breast feed his children. #SemST,NONE,TARGET,NEGATIVE
20135,Donald Trump,Time for Texas & Oklahoma to think about a no fault divorce from the Divided States of America.   #TCOT #CCOT #tippingpoint #SemST,NONE,OTHER,NEGATIVE
10666,Feminist Movement,Today's roundup of pro-circ trolls: @cbpolis @AnimalRightsJen @ynkutner @DrJohnChisholm @monaeltahawy @hibowardere #i2 #SemST,NONE,OTHER,NEGATIVE
858,Climate Change is a Real Concern,@RBJRON @fedupofpollys @Jolly57La We should worry about the state he's going to leave #Australia in. #NBN Fraudband #refugees #SemST,NONE,OTHER,NEGATIVE
10970,Legalization of Abortion,Need a ProLife R.E. Agent? - Support a ProLife Group (U-choose) at NoCost ProLifeRealEstate@Yahoo.com #SemST,AGAINST,OTHER,POSITIVE
2817,Legalization of Abortion,#DonRients: people aren't just killed by guns.  9 people died and that's sad.  But how many die daily from #abortion? #SemST,AGAINST,TARGET,NEGATIVE
20585,Donald Trump,@FoxBusiness I would have to say that #NYSE would never admit a hack. #SemST,NONE,OTHER,NEGATIVE
157,Atheism,"If you shout ""Almighty #god!"" that's just two claims without proof.  #SemST",FAVOR,TARGET,NEGATIVE
11099,Legalization of Abortion,I will fight for the unborn! #SemST,AGAINST,TARGET,POSITIVE
1075,Feminist Movement,Lol what's so ugly about wanting to be equal? #SemST,FAVOR,TARGET,NEGATIVE
1614,Feminist Movement,@deanesmay @JenMurray41 Bc feminists know everything about being a man. #SpankAFeminist #gamergate #SemST,AGAINST,TARGET,NEGATIVE
20184,Donald Trump,Donald Trump needs to stop embarrassing himself. Racist assholes.... #SemST,AGAINST,TARGET,NEGATIVE
2493,Legalization of Abortion,People who have been pregnant can be pro choice. People who can't have kids can be pro choice. People who have a uterus can be #SemST,FAVOR,TARGET,POSITIVE
11118,Legalization of Abortion,People with a uterus can be pro choice. People who have been pregnant can be pro choice. People who lost a child can be prochoice #SemST,FAVOR,TARGET,POSITIVE
10546,Feminist Movement,He who has authentic power pays the bill & she who has the feminist illusion of power demands the divorce settlement. #SemST,AGAINST,TARGET,NEGATIVE
2278,Hillary Clinton,"over the river and through the woods, and UP WITH HILL WE GO! Yass #HillaryClinton  #Hillary   #SemST",AGAINST,TARGET,POSITIVE
613,Atheism,"AtheistQ ""Men never commit evil so fully and joyfully as when they do it for religious convictions.  -Blaise Pascal #SemST",AGAINST,TARGET,NEGATIVE
1935,Hillary Clinton,@PolitiBunny @Seja75 @hubbit @HillaryClinton I'm voting in the Democrat primary this year...to support @BernieSanders.  #SemST,AGAINST,TARGET,POSITIVE
1264,Feminist Movement,"If you're a feminist, stop whining on the internet and step up your game. Guys in Baltimore riot for their cause. Get shit done. #SemST",AGAINST,TARGET,NEGATIVE
10529,Feminist Movement,Helping getting laws for both patents to get paid maternity leave???!! WHEN WILL THIS MADNESS STOP?!?!?? #feminismiscruelty #SemST,AGAINST,TARGET,NEGATIVE
2725,Legalization of Abortion,@CrimsonHotMess don't need your input but thanks. #womanschoice #controlyourownbody #SemST,FAVOR,TARGET,NEGATIVE
10549,Feminist Movement,@NAFEDUDE @TakedownMRAs It's never a problem until it happens to you =) #SemST,NONE,OTHER,NEGATIVE
10697,Hillary Clinton,"I think marriage is as it has always been, between a man and a woman. - @HillaryClinton  #MarriageEquaility #justsaying #SemST",AGAINST,TARGET,NEGATIVE
10277,Climate Change is a Real Concern,"Today Europe is breaking heat records, while Asia is breaking the lowest temperature records!! Should we not be concerned?!  #SemST",FAVOR,TARGET,NEGATIVE
1295,Feminist Movement,were even is the clifford on a Virginia? #stophidingit #SemST,NONE,OTHER,NEGATIVE
11203,Legalization of Abortion,FYI: Unborn babies diagnosed with a disability in the womb can feel pain just as much as a baby without a diagnosis #theyfeelpain #SemST,AGAINST,TARGET,NEGATIVE
783,Climate Change is a Real Concern,"Oh: Watching the #news re #Greece currently, it's ([all]) #relative re #why I'm here! Re's D #peace #GMS #Democracy #Goal??? #SemST",NONE,OTHER,NEITHER
220,Atheism,"That nagging doubt you keep having about god? Gods not testing u, it's your intellect trying to tell you your beliefs are bullshit. #SemST",FAVOR,TARGET,NEGATIVE
20667,Donald Trump,"@ZekeJMiller @Reince @SharonDay GOP plan to stop Trump? LOL Maybe they can put up loser candidates like Romney, McCain and Jeb! #SemST",FAVOR,TARGET,NEGATIVE
2090,Hillary Clinton,"Hillary claims to be a ""champion"" of the middle class, but @RandPaul tax plan cuts the FICA tax, benefiting the middle class. #SemST",AGAINST,TARGET,NEGATIVE
1022,Feminist Movement,"If you're a feminist AND you hate men, please kill yourself. #SemST",AGAINST,TARGET,NEGATIVE
624,Climate Change is a Real Concern,srsly weirds me out i have to wear #sunscreen for the morning #dogwalk getting a #tan at 9am? #wtf #SemST,FAVOR,TARGET,NEGATIVE
244,Atheism,"Sikhism is not any better either, we have to finish all religions. ;-) @Saimarani13 @BeingHu62727983 @MaheshHindu @Po_st @Swamy39 #SemST",FAVOR,TARGET,NEGATIVE
480,Atheism,"God blessed you with 100 dollars? AIDS and Ebola are ripping through kids in Africa, but yo black ass can pay your cable bill. GAWD #SemST",NONE,OTHER,NEGATIVE
563,Atheism,"Today you and I have no idea what we will be facing, but #God does and, in Christ, has already supplied everything we need. #SemST",AGAINST,TARGET,POSITIVE
2906,Legalization of Abortion,@ghhshirley @WordfactoryQ @LeahNTorres Abortion Workers Charged with Manslaughter After Another Woman Dies From #SemST,AGAINST,OTHER,NEGATIVE
10988,Legalization of Abortion,"Why would I want to make choices about my own body, when a congressman could do it for me?  #ConversationsWithAlex #SemST",AGAINST,TARGET,NEGATIVE
10370,Climate Change is a Real Concern,"Govt announcement on zero carbon homes ""short-sighted, unnecessary, retrograde and damaging"" says @UKGBC #energyefficiency #SemST",AGAINST,TARGET,NEGATIVE
1409,Feminist Movement,"You are not penetrating our vaginas, we,  WE ARE ENGULFING YOUR PENISES!  #insideamyschumer #SemST",FAVOR,TARGET,NEGATIVE
10582,Feminist Movement,"I hate it when ignorant losers say ""another feminist cured."" I don't need to be cured for wanting to be treated like a person. #SemST",FAVOR,TARGET,NEGATIVE
2122,Hillary Clinton,@businessinsider One thing that's painful is the mindless minutiae her strap hanging cling-ons force her to endure. #huma #SemST,AGAINST,OTHER,NEGATIVE
10578,Feminist Movement,"Men are from Earth, women are from Earth. Deal with it.  - George Carlin #QuotesOfTheDay #EqualityForAll #equality #SemST",FAVOR,OTHER,POSITIVE
1770,Hillary Clinton,Go watch America: Imagine A World Without Her. It'll make you realize how lucky we are to live in the best country on Earth #SemST,NONE,OTHER,POSITIVE
1179,Feminist Movement,@Vivvyyy what's so wrong with getting dick? How come when guys do it they're praised for it? YOU SEXIST #SemST,FAVOR,TARGET,NEGATIVE
567,Atheism,"If you are in need of prayer or encouragement, please call my 24/7 prayerline at 772-324-9040. #God bless you! #PrayerChangesThings #SemST",AGAINST,TARGET,POSITIVE
124,Atheism,"The devil is our enemy, and our mind is the battleground he plays in. -Josh Ricketson #RUSH #RUSHSWAG #SemST",AGAINST,OTHER,NEGATIVE
10778,Hillary Clinton,@OutnumberedFNC: Hillary chooses Brianna Keilar for her first interview. What can we expect? #SemST,NONE,OTHER,NEITHER
293,Atheism,"RT @prayerbullets: Lord, bless my latter end more than my beginning -Job 42:12 #SemST",AGAINST,TARGET,POSITIVE
805,Climate Change is a Real Concern,"QT @BarackObama ""I don't have much patience for anyone who denies that this challenge is real."" 1/2 #SemST",NONE,NO ONE,NEGATIVE
1814,Hillary Clinton,Join the Twitter movement! RT or fav for a mention or follow back! #SemST,NONE,NO ONE,POSITIVE
10047,Atheism,"Proud to be #TeamJinnah :) No Bhutto, no Imran's , only Jinnah's Pakistan :) #Inclusive #SemST",AGAINST,TARGET,POSITIVE
2108,Hillary Clinton,@GovChristie can't even run NJ and wants to be president? I'd vote for him before @HillaryClinton #SemST,AGAINST,TARGET,NEGATIVE
10671,Feminist Movement,"Rather be an ""ugly"" feminist then be these sad people that throws hat on people that believes in equality! #SemST",FAVOR,TARGET,NEGATIVE
551,Atheism,Secularism. . .secularism. I'm just gonna say this one more time. Secularism. Learn it. #religiousfreedom #freedomfromreligion #SemST,AGAINST,OTHER,NEGATIVE
2728,Legalization of Abortion,RT @AdvocatesOfLife: RT @ProLifeYouth Adopting a child shouldn't cost more than aborting one.   #adoptionclini... #SemST,AGAINST,TARGET,NEGATIVE
1903,Hillary Clinton,"Donald Trump is a joke. His a simpleminded idiot, and I have nothing else to say about him. He can go FUCK him self. #SemST",NONE,OTHER,NEGATIVE
842,Climate Change is a Real Concern,"So, its 20 degrees celcius in mendoza argentina beginning of winter  #mendoza #SemST",FAVOR,TARGET,NEITHER
20629,Donald Trump,@EWDolan #DoubleBlindJepordy What is you keep my wife out of the GOP Primary and I'll keep your wives out of it too!  #Bam! #SemST,NONE,OTHER,NEGATIVE
451,Atheism,"RT @MarlaMcCarthy: If you know that God's hand is in everything, you can leave everything in God's hand. Rest in Him. #peace #rest #SemST",AGAINST,TARGET,POSITIVE
10823,Hillary Clinton,@CNNPolitics @PoliticalAnt @moody this is beautiful #oops #SemST,NONE,OTHER,POSITIVE
10003,Atheism,@Brainman365 @heidtjj @BenjaminLives I have sought the truth of my soul and found it strong enough to stand on its own merits. #SemST,AGAINST,TARGET,POSITIVE
444,Atheism,Blessed is he who comes in the name of the LORD. From the house of the LORD we bless you. Psalm 118:26 #SemST,AGAINST,TARGET,POSITIVE
2542,Legalization of Abortion,"One, we are pro life Two, a little bit louder Three, I still can't hear you  Four, more more moreYouth #SemST",AGAINST,TARGET,POSITIVE
20530,Donald Trump,"Donald J. Trump, I am voting for you to be our next ""El Presidente""! #trumpforpresident #SemST",FAVOR,TARGET,POSITIVE
941,Climate Change is a Real Concern,Everyone is busy building their bank accounts but one day that paper won't help you during massive natural calamities. #SemST,FAVOR,OTHER,NEGATIVE
10568,Feminist Movement,If women didn't have tits would any of us even really care anymore? #SemST,AGAINST,TARGET,NEGATIVE
11145,Legalization of Abortion,@SenSchumer You sponsored the religious freedom bill. What is this bill that allows killing full term babies in NY? #tcot #SemST,AGAINST,TARGET,NEGATIVE
10035,Atheism,The Best #conspiracy of the world is #Religion. #science #davincisdemons #SemST,AGAINST,TARGET,NEGATIVE
10272,Climate Change is a Real Concern,Will the world place sanctions on #Australia for it's insane pursuit of new massive #coal mines? #UN #auspol #sanctions #SemST,FAVOR,OTHER,NEGATIVE
1174,Feminist Movement,.@cooImemegirl @TC_Stompa Women don't understand men's plight and so shouldn't force men into fatherhood w/o consent. #SemST,AGAINST,OTHER,NEGATIVE
20384,Donald Trump,"Le(a)nin left RT @uss_victory: @realDonaldTrump /#LongLiveLiberty; Better is a ""#Capitalist"" for President than a #Communist. #SemST",FAVOR,TARGET,NEGATIVE
20689,Donald Trump,Guys I'm not feeling well so no #Hannity tweeting for me tonight. Not sure if I'll do #CashinIn in the morning either. Sorry. #SemST,NONE,OTHER,NEGATIVE
2370,Legalization of Abortion,Thank you for another day of life Lord. #Christian #Catholic #TeamJesus #SemST,AGAINST,OTHER,POSITIVE
2402,Legalization of Abortion,Pro-choice is pro-murder couched in liberal rhetoric. #SemST,AGAINST,TARGET,NEGATIVE
2873,Legalization of Abortion,"There is something very sinister, NAZI-esque, about folks who support killing babies. #qanda #auspol #SemST",AGAINST,TARGET,NEGATIVE
2519,Legalization of Abortion,"It's not #yourbody, so it's not your #choice.youthgen #SemST",FAVOR,TARGET,NEGATIVE
770,Climate Change is a Real Concern,@ChelseaMAGOP He's not perfect. Who among us is?  ;-)  #encyclical #SemST,NONE,OTHER,NEGATIVE
2602,Legalization of Abortion,"Every good Christian wants to make sure the unworthy ""those people"" don't have health insurance. Because Jesus. #RedState #tcot #SemST",NONE,OTHER,NEGATIVE
1580,Feminist Movement,#HowToSpotAFeminist?->  7 Feminists compare themselves to successful men & non feminist women to harbor jealousy.  #SemST,AGAINST,OTHER,NEGATIVE
1268,Feminist Movement,@fxckyoustagram u have no reason to need feminism in the 1st world.u are equal. Stop trying to make a case for victimhood. #SemST,AGAINST,TARGET,NEGATIVE
20282,Donald Trump,"I would vote for @realDonaldTrump if he had a hilariously oversized head, I'm talking 2x size of his body #SemST",AGAINST,OTHER,NEGATIVE
2481,Legalization of Abortion,We are the #prolifegen and we will abolish abortion in our lifetime! #prolifefuture #tcot #SemST,AGAINST,TARGET,POSITIVE
1844,Hillary Clinton,YES! Community policing is answer to rebuilding trust in our communities between law enforcement and the people they serve. #SemST,NONE,OTHER,POSITIVE
11036,Legalization of Abortion,"@PrevailChris Sexual Assault is Epidemic.. Not just in Military, Colleges, Universities. Fight 2 Stop this Crime=Less Need 4 #SemST",AGAINST,TARGET,NEGATIVE
10842,Hillary Clinton,@stylistkavin Amazing how much they sound like Republicans! ; ) #ITrustHillary #SemST,FAVOR,TARGET,POSITIVE
1730,Hillary Clinton,I love the smell of Hillary in the morning. It smells like Republican Victory. #TedCruz2016 #MarcoRubio #SemST,AGAINST,TARGET,NEGATIVE
20586,Donald Trump,RT veriphile: Follow #Patriot -->  TheresaMurrano.  Thanks for following!!  #Truth #Liberty #Justice #2A #ProLife #IStandWit... #SemST,NONE,OTHER,POSITIVE
10101,Atheism,Every religion is good that teaches man to be good and I know of none that instructs him to be bad. ~Thomas Paine #SemST,AGAINST,TARGET,POSITIVE
32,Hillary Clinton,"@NaughtyBeyotch @TheRealMadman23  Don't care for #Fiorina, but it seems she taking the #sexist gut punches by the #media. #MSM #SemST",NONE,OTHER,NEGATIVE
10509,Feminist Movement,"Remember men, if a woman hits you, you have no right to defend yourself #DeAndreJohnson #SemST",AGAINST,TARGET,NEGATIVE
2027,Hillary Clinton,Republican candidates continuing to spread hatred and alienating the voters. Hillary wins!  #LoveWins #MikeHuckabee #Rubio2016 #SemST,FAVOR,TARGET,NEGATIVE
1129,Feminist Movement,"Hey first-world country white women bitching about gender inequality, you're going to be fine #killallmen #SemST",AGAINST,TARGET,NEGATIVE
809,Climate Change is a Real Concern,"The same ppl who think Paul spoke ""for God"" when denouncing gays also think the current Pope does not speak for God. #SemST",NONE,OTHER,NEGATIVE
10234,Climate Change is a Real Concern,This halcyon summer is over. Climate is on the move. Doug Kelbaugh #CNU23 #declarationsignee #SemST,FAVOR,TARGET,NEGATIVE
11244,Legalization of Abortion,"@cbrangel so, you support the choice of wether or not you'd like to kill someone? Would you kill a born baby? #SemST",AGAINST,TARGET,NEGATIVE
10142,Atheism,Bethany Hamilton Reveals She is Resting in God's Promises Despite 'Unknow #bible #biblestudy #scripture #Christianity #ChristianNews #SemST,AGAINST,TARGET,POSITIVE
1714,Hillary Clinton,@thehill @evanperez are you kidding me...leave her to focus on issues...the next prez #SemST,FAVOR,TARGET,NEGATIVE
1122,Feminist Movement,#Feminists can now prove Wage Gap... yet no lawsuits have come forward of women paid less... maybe it doesn't exist.  #SemST,AGAINST,TARGET,NEGATIVE
2209,Hillary Clinton,#HILLARY has been lying for so long that her first fib was in morse code #HillNo2016 #SemST,AGAINST,TARGET,NEGATIVE
2392,Legalization of Abortion,"Oh look!!! So not only are antichoice strongly against pregnant people's human rights, they're also homophobic. Shocker. (Not) #SemST",FAVOR,TARGET,NEGATIVE
755,Climate Change is a Real Concern,RT varunkr842: #Please_Save_Trees for our own #Survival to fight #Saveourplanet #SemST,FAVOR,TARGET,POSITIVE
2205,Hillary Clinton,@realDonaldTrump not good when only @AnnCoulter defends you. Your big mouth & giant ego are your downfall #stupidisasstupiddoes #SemST,AGAINST,OTHER,NEGATIVE
1196,Feminist Movement,"I refuse to accept that there is a unbreakable glass ceiling, after all if you hit glass hard enough it will shatter #glassceiling #SemST",FAVOR,TARGET,POSITIVE
11029,Legalization of Abortion,"#rally4life because if they don't want an abortion, then no one can have the choice  #SemST",AGAINST,TARGET,NEGATIVE
1380,Feminist Movement,@Tesco @TescoMedia @TescoFood Disgusted to see you were selling DVDs of 'Fifty Shades of Grey in your Chillingham Road branch #SemST,NONE,OTHER,NEGATIVE
10814,Hillary Clinton,Technology has exposed more bad politicians than bad cops....Where Is Our Server Hillary? #CNN #SemST,AGAINST,TARGET,NEGATIVE
20287,Donald Trump,Hey at @realDonaldTrump I'll vote for you if you adopt me! #SemST,AGAINST,OTHER,POSITIVE
1369,Feminist Movement,@JayAlessandra yeah! I don't need feminism as I like it when my boyfriend chips in on food shops.Also I am too pretty.obvs #SemST,AGAINST,TARGET,POSITIVE
215,Atheism,#Necessity is the mother of #innovation. Our #Deen is complete - there is no need for innovation. #islam #SemST,AGAINST,OTHER,NEGATIVE
10525,Feminist Movement,Why isn't this #Women also being #Charged for attacking #DeAndreJohnson first.#DoubleStandards #Sport #NFL #Abuse #CorruptSystem #SemST,AGAINST,TARGET,NEGATIVE
130,Atheism,Our cause is making definite marks. Never stop.   #Think #SemST,NONE,NO ONE,POSITIVE
20607,Donald Trump,"@weknowwhatsbest White parents warn their kids about cops too: ""If you're stopped by cops, be respectful & do what they say. #SemST",NONE,OTHER,NEGATIVE
10034,Atheism,"Psalm 86:17 Is. 7:14 God will give you a sign. ""Father, within the next 3 days, show me a sign; a token. #SemST",AGAINST,TARGET,POSITIVE
869,Climate Change is a Real Concern,Every human commits original sin with it's first outbreath of CO2. Mankind is fallen. #bible #SemST,FAVOR,TARGET,NEGATIVE
10057,Atheism,"Pushing beyond the absurd The light in darkened minds Railing against ancient words Seeking, honest, open it is truth we find. #SemST",AGAINST,TARGET,NEGATIVE
1914,Hillary Clinton,"I'm in a better place now that I got some coffee, now time to grow these grassroots   #sctweets #SemST",NONE,OTHER,POSITIVE
873,Climate Change is a Real Concern,"#Mission:#Climate @ home > Pass your magazines on to a friend, hospital, library, or nursing home. (by @gaiam) #Tip #SemST",FAVOR,TARGET,POSITIVE
2156,Hillary Clinton,"of lear jets and fax machines...LOL @HillaryClinton ""woman of the people"" HA! #BestTheyveGot #SlushFund #UraniumDeal #SniperFire #SemST",AGAINST,TARGET,NEGATIVE
2585,Legalization of Abortion,"#Abstinence proponent #BristolPalin, pregnant with second child, conceives of #humility.  #MirthControl #BirthControl #SemST",NONE,OTHER,NEGATIVE
11115,Legalization of Abortion,"#antichoice NEVER try to police men over sex, but punishing women puts  them into a frenzy. #SemST",FAVOR,TARGET,NEGATIVE
2130,Hillary Clinton,"@HillaryforNV @MissLynnetteH 2 hours left, let's chip in $5, Nevada! #raisethenewPOTUS #SemST",AGAINST,TARGET,POSITIVE
10755,Hillary Clinton,@AdamSmith_USA Nice video. GOOD Luck WITH it. #SemST,NONE,OTHER,POSITIVE
1827,Hillary Clinton,Hillary Clinton vs. Bernie Sanders primary will be like the brawl over applesauce at the retirement home. #ReadyForHillary #SemST,FAVOR,TARGET,NEGATIVE
10333,Climate Change is a Real Concern,"I understand the rain, but it is only about 60 degrees right now..... It is never 60 degrees in July....  #SemST",FAVOR,TARGET,NEGATIVE
2514,Legalization of Abortion,Praise to District Court Judge Larry Hendricks for blocking that ridiculous anti-abortion law in Kansas #SemST,FAVOR,TARGET,POSITIVE
1063,Feminist Movement,Thanks to the work of people like @everydaysexism they are not only helping women but helping the whole of society #SemST,FAVOR,TARGET,POSITIVE
2831,Legalization of Abortion,On my way to Sweden! @LETAccess #womangolf #letsgooo #SemST,NONE,OTHER,POSITIVE
20440,Donald Trump,"@Newsmax_Media  I bet the @realDonaldTrump does. This man knows how to save our country w/o tiptoeing around, playing games. #SemST",AGAINST,TARGET,POSITIVE
20227,Donald Trump,Not an American but I'll def be following the circus of the 2016 presidential running unfold. #Christie2016   #SemST,AGAINST,OTHER,NEGATIVE
75,Legalization of Abortion,"@mrprolife You would force a woman to risk her health, sanity, and life, to continue a doomed pregnancy. Against her will. No. #SemST",FAVOR,TARGET,NEGATIVE
10781,Hillary Clinton,@OutnumberedFNC: Hillary chooses Brianna Keilar for her first interview. What can we expect? Disgusting slobbering over her. #SemST,AGAINST,TARGET,NEGATIVE
11209,Legalization of Abortion,"@irritatedwoman I don't know about you, but I didn't vote for the GOP to capitulate to the Dems. #AllLivesMatter #SemST",AGAINST,OTHER,NEGATIVE
20101,Donald Trump,The whole Latino community will not be voting for #SemST,NONE,OTHER,NEGATIVE
740,Climate Change is a Real Concern,loud ass thunder and three seconds of rain here #thanksobama #SemST,FAVOR,TARGET,NEGATIVE
20096,Donald Trump,"@ericbolling ""I'm suffering from a severe case of racial fatigue. #SemST",NONE,OTHER,NEGATIVE
106,Atheism,"If we are unsure whether something is halal or haram, we should leave it - this will #safeguard our #deen #rule #SemST",AGAINST,OTHER,NEITHER
20066,Donald Trump,"If my only impression of the US was Donald Trump, I think I would hate it. #SemST",AGAINST,TARGET,NEGATIVE
11112,Legalization of Abortion,Oh you dont like that Im Pro-choice.  Pftt. Dont try to force me to be pro-life. Fuck off   #sorrynotsorry #SemST,FAVOR,TARGET,NEGATIVE
886,Climate Change is a Real Concern,"It's ""mindblowing"" to me to watch this, #SirDavidAttenborough. #SemST",NONE,OTHER,POSITIVE
1497,Feminist Movement,men suck. women suck. everybody sucks #SemST,AGAINST,OTHER,NEGATIVE
2770,Legalization of Abortion,Another SCOTUS decision I do not agree with. It's time to do away with the death penalty all together. #SemST,NONE,OTHER,NEGATIVE
2128,Hillary Clinton,#Christie2016 you can't claim #Bridgegate wasn't your fault when you were the man behind the wheel. #GOP  #TeaParty #TCOT #DEM #SemST,AGAINST,OTHER,NEGATIVE
648,Climate Change is a Real Concern,RT @victoriaswatson: @WhiteHouse @POTUS What a wonderful exchange between two of the world's greatest men! Really touching. # #SemST,NONE,OTHER,POSITIVE
10552,Feminist Movement,"@OliveStuff @douchefuck @redheadtart @nascar_jesus mice are intelligent animals, and should not be mocked #SemST",NONE,OTHER,NEGATIVE
2046,Hillary Clinton,@foxandfriends How could we support it if it was secret??? #NoHillary2016 #SemST,AGAINST,TARGET,NEGATIVE
11183,Legalization of Abortion,I can think of a thousand things more important than Keith Olbermann. #SanctuaryCities #IRSscandal #Benghazi #Bergdahl #USDebt #SemST,NONE,OTHER,NEGATIVE
11215,Legalization of Abortion,RT DavidHarris707: MathewsJeanne Thank you 4 your very #kind RT. God Bless You #Patriot. #babies matter #SemST,AGAINST,OTHER,POSITIVE
1156,Feminist Movement,.@cooImemegirl Damn that wage gap! Sneaky men work longer hours in dangerous jobs and get paid for it! #SemST,AGAINST,TARGET,NEGATIVE
1872,Hillary Clinton,"It's good that after 30 years in public service (with zero accomplishments), Hillary is finally ready 2 serve the public! Lolol #SemST",AGAINST,TARGET,NEGATIVE
10682,Hillary Clinton,@CNNSotu @jaketapper - Can we get back to the issues? That's what #Bernie2016 wants to talk about. Not about #SemST,AGAINST,OTHER,NEGATIVE
2665,Legalization of Abortion,"Because as long as we're ending innocent lives, love has won nothing. #SemST",AGAINST,TARGET,NEGATIVE
957,Climate Change is a Real Concern,"Without a place for feeding, mating and giving birth, there is no future for polar bears :( #SemST",FAVOR,TARGET,NEGATIVE
10608,Feminist Movement,Feminism is a hate group!! - anti fem Twitter user that does nothing but harass and spread hate. #SemST,AGAINST,TARGET,NEGATIVE
2279,Hillary Clinton,"I am a big HILLARY Clinton supporter. My plan is working, poor Donnie doesn't even know. #Trump2016 #SemST",AGAINST,TARGET,POSITIVE
10241,Climate Change is a Real Concern,We don't inherit the earth from our parents we borrow it from our children #Conservation #Perspective #SemST,FAVOR,TARGET,POSITIVE
240,Atheism,"There is POWER in the name of JESUS! Jesus, may the people of north India call upon your name! #missions #SemST",AGAINST,OTHER,POSITIVE
10746,Hillary Clinton,"@Camilian1Sabel Amen to that, everybody has to pay their way, no welfare either.  #freeallfour #SemST",NONE,OTHER,POSITIVE
10584,Feminist Movement,The shaming we do around celebrity choices in photoshoots is highly related to the principles behind #SemST,NONE,OTHER,NEGATIVE
2808,Legalization of Abortion,#BlackLivesMatter Protesters wd'rather spray paint #Confederate symbols than concern themselves w/ Millions of Black Lives Lost to #SemST,NONE,OTHER,NEGATIVE
10536,Feminist Movement,"Growing up, getting told ""no let your brother do that it's too heavy"" is why we need feminism #SemST",FAVOR,TARGET,NEGATIVE
10745,Hillary Clinton,Dana made this shirt w/ lots of #glitter! #awesome #decoration #SemST,NONE,OTHER,POSITIVE
2582,Legalization of Abortion,@prolife_wife Yup. The women in the womb are as precious as those who are outside of it. #ProLifeYouth #AllLivesMatter #SemST,AGAINST,TARGET,POSITIVE
10294,Climate Change is a Real Concern,"avg house in US consumes 10,656 kWh per year 2006, Gore devoured nearly 221,000 kWh more than 20 X the nat average. #onpoli #SemST",FAVOR,TARGET,NEGATIVE
20467,Donald Trump,What happens first? Yellowstone blows or GOP prez candidate calls Trump racist? #SemST,AGAINST,OTHER,NEGATIVE
10448,Feminist Movement,Really great to see people cheering for Hope Solo even though she has been involved in domestic abuse #equality #SemST,AGAINST,OTHER,POSITIVE
485,Atheism,Don't wait. The time will never be just right. #thoughtoftheday #JUSTDOIT #SemST,NONE,OTHER,POSITIVE
2216,Hillary Clinton,"@HillaryforIA come on, Iowa! For better USA and the ROW #SemST",FAVOR,TARGET,POSITIVE
10480,Feminist Movement,"I still cannot get over how much women are degraded in media, sports, and the business world simply because of who we are #SemST",FAVOR,TARGET,NEGATIVE
10434,Feminist Movement,Ironic how the anti- feminist intimidation machine has drowned out the voices of those trying to civilly critique feminist ideas. #SemST,AGAINST,OTHER,NEGATIVE
307,Atheism,All the  you've given. All the ways you've made. The fact that I'm still living!! How dare I wear  on my face. I'll  #LyricTweet #SemST,NONE,NO ONE,NEGATIVE
20245,Donald Trump,"@realDonaldTrump suing Univision & NBC because they cut you off. UGH great political move, because we need a greedy President! #SemST",AGAINST,OTHER,NEGATIVE
10860,Hillary Clinton,@TajMagruder  Facetious much? Had me going there. #SemST,NONE,OTHER,NEGATIVE
2062,Hillary Clinton,Is there a Govt restart button? Someone needs to push that thing. #RememberBenghazi2016 #PatriotsWillRise #SemST,NONE,OTHER,NEGATIVE
2454,Legalization of Abortion,Meme on like it's the last Reddit thread on Earth. #AgeofUltron #lifeadvice #protip #propeller #propane #andpropaneaccessories #SemST,NONE,OTHER,POSITIVE
1897,Hillary Clinton,"#CarlyFiorina on #hannity, very impressive. A serious presidential candidate vs. A bad actress. #SemST",AGAINST,TARGET,POSITIVE
10492,Feminist Movement,"You are NOT a feminist if you are a racist. If you don't stand for all girls of every color, shape, size then u ain't a feminist #SemST",FAVOR,TARGET,NEGATIVE
20407,Donald Trump,"@ProfessorF You have plenty of phones, internet access, cars, TVs, houses, etc. all courtesy of taxpayers.. er.. government! #SemST",AGAINST,OTHER,NEGATIVE
1623,Feminist Movement,"CREATIONIST OK, you clearly don't know what the word of God is!  FEMINIST OK you clearly don't know what feminism is!  #SemST",AGAINST,TARGET,NEGATIVE
10812,Hillary Clinton,.@thehill umm.  Yyyeaaaaah. Sure they do. #SemST,NONE,OTHER,NEGATIVE
163,Atheism,True education and a free mind is the best weapon against any obstacle. #SAHD  #freethinkers  #homeschooling  #SemST,FAVOR,TARGET,POSITIVE
10082,Atheism,"Jesus, you are my helper. Help me to rest and trust in you and your finished work at the Cross. Amen. #SemST",AGAINST,TARGET,POSITIVE
2650,Legalization of Abortion,We are people who believe every child is entitled to life and liberty.... -@BarackObama  Yet abortion is still legal. #SemST,AGAINST,TARGET,NEGATIVE
435,Atheism,Growing up watching David Attenborough is part of the reason I feel the way I do about our planet and my despising of religion. #SemST,FAVOR,TARGET,NEGATIVE
1164,Feminist Movement,Women in Hollywood are still getting paid less. It is 2015. #SemST,FAVOR,TARGET,NEGATIVE
258,Atheism,Zubair Ibn Awwam accepted #Islam at the age of 15 and dedicated his #life to protecting and promoting the #BlessedTen #SemST,AGAINST,NO ONE,POSITIVE
817,Climate Change is a Real Concern,"We need to work with confidence, transparence and guided by consensus @manupulgarvidal at @UN_PGA event on #action2015 #SemST",NONE,TARGET,POSITIVE
18,Hillary Clinton,"It's a miracle, suddenly #Democrats don't mind having someone who voted for war. #SemST",AGAINST,TARGET,NEGATIVE
10610,Feminist Movement,Expel them_ #male millionaires from society!  All Rights for women and children!  Stop #children #women trafficking! #SemST,FAVOR,OTHER,NEGATIVE
1673,Hillary Clinton,RT @GunnJessica: Because I want young American women to be able to be proud of the 1st woman president #SemST,FAVOR,OTHER,POSITIVE
10286,Climate Change is a Real Concern,@MAPSProgramme tackles difficult challenges of growth needs and unemployment alongside #CFCC15. #SemST,FAVOR,TARGET,POSITIVE
2851,Legalization of Abortion,@helenantanova Turning it into a racial thing kek #SemST,AGAINST,OTHER,NEGATIVE
13,Hillary Clinton,"@readyforHRC @HillaryClinton #HillaryClinton, the US presidency is a testament to the success of #women their role in the world #SemST",FAVOR,TARGET,POSITIVE
14,Hillary Clinton,@CiaraAntaya cuz you know I'm such a feminist  #SemST,NONE,OTHER,NEITHER
649,Climate Change is a Real Concern,"I love this Pope. I don't care what religion you are, this guy is awesome. #SemST",NONE,OTHER,POSITIVE
1796,Hillary Clinton,Hillary is on her way to #Baltimore to be their champion. #BaltimoreRiots #SemST,FAVOR,TARGET,NEGATIVE
1471,Feminist Movement,Reading a mag that has endless pages about how to look on holiday but holidays are the time not to give a fuck. That's the point! #SemST,NONE,OTHER,NEGATIVE
20462,Donald Trump,@blackrepublican only if we stop allowing them 2 work & stop welfare they will self-deport #tcot #SemST,AGAINST,OTHER,NEGATIVE
2293,Hillary Clinton,"I support Bernie on account USA needs a new direction but, if he loses in primary ,I'll support Hillary Clinton. #Sanders2016 #SemST",AGAINST,TARGET,POSITIVE
748,Climate Change is a Real Concern,"I'm blowing AC with the top off, in the middle of the night, in Oregon.. #SemST",FAVOR,TARGET,NEITHER
20406,Donald Trump,Trump and his comb over are gonna take over America #IndependenceDay #SemST,AGAINST,OTHER,NEGATIVE
1109,Feminist Movement,"@rimmedlarry Actually, the tag was made by feminists so they can narcissistically post selfies to prove they're not ugly. #SemST",AGAINST,TARGET,NEGATIVE
819,Climate Change is a Real Concern,#Equity #financial #solidarity and #transparency is what #2015text needs says #Fabius at #UN #GA #SemST,NONE,NO ONE,NEGATIVE
830,Climate Change is a Real Concern,#SEBAMM #SEB2015: Prtner explains the work of the #IPCC #SemST,NONE,NO ONE,NEITHER
1025,Feminist Movement,"MRAs just tried to ""enlighten"" me, which went about as well as the flight of the Hindenburg. #SemST",FAVOR,OTHER,NEGATIVE
10387,Climate Change is a Real Concern,If we touch #Antarctica for one more #reason other than to #research the #impact of us we would be #insane! #Democracy #Goal? #SemST,FAVOR,TARGET,NEGATIVE
2324,Legalization of Abortion,"RT @ProLifeYouth: ""It seems to me clear as daylight that abortion would be a crime."" -Ghandi  #ProLifeYouth #SemST",AGAINST,TARGET,NEGATIVE
797,Climate Change is a Real Concern,Good luck @solarimpulse for #Flight8. You will do it @andreborschberg ! #solar #solarimpulse #ActOnClimate #SemST,FAVOR,TARGET,POSITIVE
20691,Donald Trump,@AnnCoulter @realDonaldTrump The Media will try to discredit him. Democrats and GOP will attack him. America will Stand with him. #SemST,FAVOR,TARGET,NEITHER
1195,Feminist Movement,"This always infuriates me. If I was male would I be asked these questions? would I be stereotyped as a 'bitch', 'cold hearted' or #SemST",FAVOR,TARGET,NEGATIVE
650,Climate Change is a Real Concern,"Appropriate that I'd watch the Futurama episode ""Crimes of the Hot"" before the hottest weekend so far this summer. #futurama #SemST",NONE,NO ONE,NEITHER
10088,Atheism,Religious moderation is the product of secular knowledge and scriptural ignorance. - @SamHarrisOrg  #SemST,AGAINST,TARGET,NEGATIVE
20604,Donald Trump,he was getting divorced & filing bankruptcies @robin182zz #Trump #bankrupt #Election2016 #SemST,AGAINST,TARGET,NEGATIVE
20001,Donald Trump,"@2014voteblue @ChrisJZullo blindly supporting political parties is willfull ignorance, repub or dem. #SemST",NONE,OTHER,NEGATIVE
1508,Feminist Movement,I will say it again: only a low self esteem person will be oppressed by bikini/models ads. Get help #SemST,AGAINST,TARGET,NEGATIVE
20103,Donald Trump,"@realDonaldTrump You have a real shot at POTUS Mr. T, the debates will be the true litmus test. #SemST",FAVOR,TARGET,POSITIVE
1681,Hillary Clinton,Bill Clinton just wants to be the first dude to be President and bang one. #SemST,NONE,OTHER,NEGATIVE
10284,Climate Change is a Real Concern,"It's July and its 57 degrees, can't imagine what winter is going to feel like this year. #ChicagoWeather #SemST",FAVOR,TARGET,NEGATIVE
20471,Donald Trump,@realDonaldTrump You are absolutely right on the border! Bush and company are afraid to address it! #MakeAmericaGreatAgain #SemST,AGAINST,TARGET,POSITIVE
2407,Legalization of Abortion,@NoMoreTeaForMe He said he would do it if he weren't a Christian. So he's also a coward.#RepKevinCalvey #p2 #LibCrib #UniteBlue #SemST,NONE,OTHER,NEGATIVE
161,Atheism,"For the Lord is the Spirit, and wherever the Spirit of the Lord is, there is freedom. (2 Corinthians 3:17 NLT) #Freedom #SemST",AGAINST,OTHER,POSITIVE
303,Atheism,"If current trend of constitution making continues, Indigenous peoples would more than Madhesis- Hachhethu #identity #inclusion #SemST",NONE,OTHER,NEGATIVE
2828,Legalization of Abortion,They know what's best for their safety. #SemST,FAVOR,TARGET,POSITIVE
210,Atheism,"8 years ago today my son was taken from me. If there's a god, fuck you, fuck you very much. #SemST",FAVOR,TARGET,NEGATIVE
20083,Donald Trump,Of course @TheJuanWilliams is completely wrong on the @SCOTUS ruling on #obamacare . @MichelleFields is right! #SemST,NONE,OTHER,NEGATIVE
466,Atheism,"It is our choices that show who we truly are, far more than our abilities. - Albus Dumbledore, Harry Potter  #humanist #SemST",NONE,OTHER,POSITIVE
20612,Donald Trump,Donald Trump please shut the eff up forever! To think I liked your men's suits at Macy's! You suck! #andersoncooper #CNN #SemST,AGAINST,TARGET,NEGATIVE
1690,Hillary Clinton,"RT @NicolaSturgeon: ""It's official: Hillary's running for president,"" says her campaign chief. Excellent! #SemST",FAVOR,TARGET,POSITIVE
2586,Legalization of Abortion,"Your life, your body, your choice.  #womenshealth #womensrights #SemST",FAVOR,TARGET,POSITIVE
1538,Feminist Movement,@stephspickle they make me smile :) #SemST,AGAINST,OTHER,POSITIVE
10156,Atheism,"I have my work and my faith... If that's boring to some people, I can't tell you how much I don't care. ~Madonna Ciccone #SemST",AGAINST,TARGET,NEITHER
251,Atheism,Ali Al Amin #Lebanon Shia' it Leader: from 70s we rejected #Iran regime's conduct W #SemST,NONE,OTHER,NEGATIVE
10540,Feminist Movement,Putting the air conditioners in while wearing a sundress because #SemST,NONE,OTHER,NEITHER
2466,Legalization of Abortion,"@gvandersee 100,000 (estimated) ozzie abortions of vulnerable, unwanted ""unlife""  right there. Value & Respect life. #deathpenalty #SemST",AGAINST,TARGET,NEGATIVE
10650,Feminist Movement,I still take pride in calling myself Goswami. And I would take strong exception to anyone who told me I wasn't entitled to use it! #SemST,NONE,OTHER,NEGATIVE
20209,Donald Trump,@NBCUniversal maybe you could have a reality show trying to find a new host of celebrity apprentice #YoureFired #SemST,AGAINST,TARGET,POSITIVE
20202,Donald Trump,"I'm sure the white Euro people who moved to America when the land belonged to Native Americans were not good people either, #SemST",AGAINST,OTHER,NEGATIVE
2085,Hillary Clinton,@TIMENOUT Is there anything about the Clintons that is not fraudulent? #SemST,AGAINST,TARGET,NEGATIVE
20441,Donald Trump,@DannoHollister @D2243 @BreitbartNews It might be time for WE THE PEOPLE to declare Independence From the Federal Government! #SemST,AGAINST,OTHER,NEGATIVE
10235,Climate Change is a Real Concern,@soundofideas we Have to talk about new normals #SemST,NONE,OTHER,NEITHER
67,Legalization of Abortion,We live in a world where people care more about religious rights than consent & reproductive rights.... #SemST,FAVOR,TARGET,NEGATIVE
1411,Feminist Movement,@E__Strobel @rsmccain @instapundit @CHSommers @CathyYoung63 @AsheSchow @mensrightsrdt @Anneeliz1 That's right. All sex is rape. #SemST,NONE,TARGET,NEGATIVE
41,Hillary Clinton,@NBCNews including repealing the first amendment. Way to go #SemST,AGAINST,TARGET,NEGATIVE
10871,Hillary Clinton,It bugs me when some people seek to invalidate centrist Democrats. I prefer a bigger tent. #SemST,NONE,OTHER,NEGATIVE
744,Climate Change is a Real Concern,"The + 1 is a #democratic dip in ""deeper waters"" & no more re #why I'm here, regards Dion #peace #Democracy! #Goal? #Future??? #SemST",NONE,OTHER,NEGATIVE
10689,Hillary Clinton,"@LVNancy @incessantpatrio @bcwilliams92 Yes! #SoMuchUgly in #HillaryClinton, Hollow Acts Are Infamous! #WhyImNotVotingForHillary #SemST",AGAINST,TARGET,NEGATIVE
10820,Hillary Clinton,"SUCCESS:  @HillaryClinton said she's receiving a constant barrage of attacks from ""the Right.""  Great job, guys. Keep it up! #SemST",AGAINST,TARGET,POSITIVE
10388,Climate Change is a Real Concern,Wind power helped stabilize Texas' power grid during a 2014 cold snap that suddenly increased demand. #ClimateHope #Climate #SemST,FAVOR,TARGET,POSITIVE
11028,Legalization of Abortion,Wish I could be at the #rallyforlife counter protest. Women are people. Fetuses are clumps of cells. End of story. #ireland #SemST,AGAINST,TARGET,NEITHER
1628,Feminist Movement,"DEAR LYING FEMINIST JOURNALISTS  If candy crush saga is ""hard core gaming"" then masturbation is marriage.  #GamerGate #SemST",AGAINST,TARGET,NEGATIVE
607,Atheism,"We are what we are. Nothing more, nothing less. #spirituality #SemST",AGAINST,TARGET,POSITIVE
2403,Legalization of Abortion,Like ya'll can try and push your views on me anyway but I will remain #SemST,NONE,OTHER,POSITIVE
1607,Feminist Movement,Misogynist abuser @NickRinke whining that feminists are blocking him. Let's make his day and all bock him. #YesAllWomen #SemST,FAVOR,TARGET,NEGATIVE
470,Atheism,#WhatIKnowAboutIslam helped me 2 find The Truth in other religions #Christianity #Buddhism #Judaism & in #SemST,AGAINST,OTHER,POSITIVE
2592,Legalization of Abortion,"My body, my life. You fuck it up in a way I'm not prepared for and I will kill you. #SemST",FAVOR,TARGET,NEGATIVE
10927,Hillary Clinton,"Didn't take long for Clinton lackey @PaulBegala to play the ""crazy"" card. So predictable #SemST",AGAINST,TARGET,NEGATIVE
20448,Donald Trump,The more Big&Rich hates @realDonaldTrump The more Little&Poor follows him 3103K  @HillaryClinton 3810K #Election2016 #Hillary2016 #SemST,AGAINST,TARGET,NEGATIVE
20470,Donald Trump,@realDonaldTrump @Virginia4USA @ArtistdeeDd @HowardKurtz We all Mr. Trump. #usa  #SemST,AGAINST,TARGET,POSITIVE
2292,Hillary Clinton,Since #SNL ain't that funny anymore please @JoeBiden run for president.. if even just for the hilarious debates between you & #SemST,AGAINST,OTHER,NEGATIVE
20435,Donald Trump,Donald Trump is only saying what ALL the other 2016 GOP Presidential candidates are thinking! Bad things!! #GOP #Trump #POTUS #SemST,AGAINST,TARGET,NEGATIVE
10787,Hillary Clinton,@kwrcrow Probably for the same reason bho has not ...& @SpeakerBoehner is one of them @GOP @HouseGOP @seanhannity  #StopBush #SemST,NONE,OTHER,NEGATIVE
1349,Feminist Movement,I think if Australia had a female PM n female majority MPs #MarriageEquaility would be legal here now #auspol #SemST,FAVOR,OTHER,NEGATIVE
20592,Donald Trump,@SuzieQt154320: Just Curious Do You Follow @HahnAmerica Or @Montel_Williams? #SemST,NONE,NO ONE,NEITHER
2871,Legalization of Abortion,Do nothing at all unless you begin with prayer. -St Ephraem the Syrian #SemST,AGAINST,TARGET,POSITIVE
20308,Donald Trump,"Finally a highly intelligent, economically competent contender for The President. TRUMP #Trump #realdonaldtrump #SemST",AGAINST,OTHER,POSITIVE
1093,Feminist Movement,"@optimist216 What a load of crap. Dressing appropriately for the office is ""sexist""? Grow up. #YesAllWomen #SemST",FAVOR,TARGET,NEGATIVE
20356,Donald Trump,@DrakeKing15your gay agenda will be met with the wrath of god #SemST,NONE,OTHER,NEGATIVE
107,Atheism,"Papa God, i pray that You shower me with more patience.  #worththewait #SemST",AGAINST,OTHER,POSITIVE
1645,Feminist Movement,Why do feminists hate @Lauren_Southern so much? Because she's one thing none of them are:  Beautiful.  #GamerGate #SemST,AGAINST,TARGET,NEGATIVE
401,Atheism,Keep the faith. The most amazing things in life tend to happen right at the moment you're about to give up hope. #SemST,AGAINST,TARGET,POSITIVE
2421,Legalization of Abortion,@SteveStfler too many people are taking this to seriously #SemST,NONE,OTHER,NEGATIVE
2014,Hillary Clinton,When you fav supports the wrong candidate  (@ladygaga)  #Bernie2016 #SemST,NONE,OTHER,NEGATIVE
1512,Feminist Movement,There is nothing more inspiring that the drums at the beginning of #RunTheWorldGirls by @Beyonce... It feels like the rise of #SemST,AGAINST,OTHER,POSITIVE
1522,Feminist Movement,Speaking from the heart is rarely wise especially if you have a retarded heart like most feminists.   #GamerGate #SemST,AGAINST,TARGET,NEGATIVE
2865,Legalization of Abortion,@UberFacts because a good percent utilized that wonderful gift of choice (#proChoice). #SemST,AGAINST,OTHER,POSITIVE
10547,Feminist Movement,Lol feminist don't complain about how men get less clothing options at stores. (When they say there for gender equality) #SemST,AGAINST,TARGET,NEGATIVE
20550,Donald Trump,AngryNIdaho: ScottGrafRadio THAT'S WHAT THEY WANT YOU TO BELIEVE! #lamestream #chemtrails #TYRANNY #staywoke #JadeHelm #SemST,NONE,OTHER,NEGATIVE
2452,Legalization of Abortion,"Today, AB 775 passed out of Committee on Judiciary 3-7. We will let you know how to help! #SemST",NONE,NO ONE,POSITIVE
1518,Feminist Movement,@abbystew292 @gogreen18 If you buy into this brainwashing I hope you never get selected for jury duty involving a sex crime #SemST,AGAINST,OTHER,NEGATIVE
2539,Legalization of Abortion,Do to others whatever you would have them do to you. This is the law and the prophets.  Mt 7:12  #ProLifeYouth #SemST,AGAINST,TARGET,POSITIVE
2674,Legalization of Abortion,"@web_rant No, it shows that liberals should start thinking about the consequences of their actions #polygamy #gaymarriage #SemST",NONE,OTHER,NEGATIVE
1130,Feminist Movement,"Hey, all you #prolife-ers, if Socrates was born mortal, and his mother thus doomed him to die, is she a murderer? #SemST",NONE,TARGET,NEGATIVE
2717,Legalization of Abortion,I wonder if America will like focus on real issues now #starvingchildren #abuse #nationaldebt #terrorism #SemST,NONE,NO ONE,NEGATIVE
952,Climate Change is a Real Concern,"Evening @algore, any #democratic thoughts as yet? I get #bored easy re the #politics of it all hop hop, regards D #peace #GMS #SemST",NONE,OTHER,NEGATIVE
2490,Legalization of Abortion,RT @FrCharles: .@giannaberettamo @GiaMolla @sphcs_news Happy feast of St. Gianna Beretta Molla! May she pray for us! #SemST,NONE,NO ONE,POSITIVE
513,Atheism,"Don't be fooled, the prayers of the wicked are useless. #User #SemST",AGAINST,OTHER,NEGATIVE
1760,Hillary Clinton,@46drhouse - Be interesting to see how Hillary defends same when questioned.  She will eventually have to answer questions. #SemST,AGAINST,TARGET,NEGATIVE
1536,Feminist Movement,"Their other complaints are just fake shit they made up, this on the other hand is amazingly controlling and entitled 2/ #SemST",AGAINST,OTHER,NEGATIVE
20093,Donald Trump,"And ask for handouts @jjauthor: When your family is short of money, do you take Lib option to increase spending? #racism #SemST",NONE,OTHER,NEGATIVE
1949,Hillary Clinton,@occupycorruptDC she ain't no ways tired of being a dumbass #SemST,NONE,OTHER,NEGATIVE
10289,Climate Change is a Real Concern,"#Obama said ""can't prevent oil exploration completely"" in the Arctic, is ""setting the highest possible standards=BS #shellno #SemST",FAVOR,TARGET,NEITHER
1067,Feminist Movement,@BruiseAurora i'm advocating men to stop loving women. Just have sex with them . #everydaysexism #SemST,AGAINST,TARGET,NEGATIVE
1002,Climate Change is a Real Concern,We need integrated #science with #indigenous knowledge to understand & adapt to  #CFCC15 #SemST,FAVOR,TARGET,POSITIVE
634,Climate Change is a Real Concern,Go Dutch New meaning: citizens take their governments to court to make them act on climate promises #Hague #Hope #COP21 #SemST,FAVOR,TARGET,POSITIVE
581,Atheism,Yes Islam is the mother load of bad ideas!  Christianity is not far behind!  #athiest #SemST,FAVOR,TARGET,NEGATIVE
2584,Legalization of Abortion,A nation that kills its own children is a nation without hope. -Pope Saint John Paul II #ProLifeYouth #AllLivesMatter #SemST,AGAINST,TARGET,NEGATIVE
11049,Legalization of Abortion,"@BuhayIpaglaban @blueskies366 The culture of death is ""#prolife"" who deny pregnant people healthcare. #SemST",AGAINST,OTHER,NEGATIVE
20185,Donald Trump,"@MarioLopezExtra @nbc fires Trump, but maintains strong ties with @BWilliams @TheRevAl #LAUGHABLE #JOKE #LIARS #NBC GO #SemST",FAVOR,TARGET,NEGATIVE
10575,Feminist Movement,The feds are still planning to put a woman on the $10 dollar bill #abouttime #equalityforall #historychanged #SemST,FAVOR,TARGET,POSITIVE
1494,Feminist Movement,Omfg... definition of first world problems. #FuckFeminism #SemST,AGAINST,TARGET,NEGATIVE
1603,Feminist Movement,"If Feminism is not hypocritical fake ""equality"" then manure sprayed in pink is not fecal.   #GamerGate #SemST",AGAINST,TARGET,NEGATIVE
2388,Legalization of Abortion,"deep-seated cultural codes, religious beliefs and structural biases have to be changed No, @HillaryClinton now what? #SemST",NONE,OTHER,NEGATIVE
20013,Donald Trump,"Considering the fact that Bush was a president of this country, I don't see it a joke that Trump is running ! #Election2016 #SemST",FAVOR,TARGET,NEGATIVE
20395,Donald Trump,Top 10 Questions at Declaration of Independence signing  8. Are all Mexicans rapists and murderers? #4thjuly #SemST,AGAINST,OTHER,NEGATIVE
208,Atheism,"The framers of our Constitution meant we were to have freedom of religion, not freedom from religion. - Billy Graham #quote #SemST",AGAINST,TARGET,NEGATIVE
2528,Legalization of Abortion,It is a #poverty to decide that a #child must #die so you may live as you wish. -Mother Teresa #prolifeyouth #prolifegen #SemST,AGAINST,TARGET,NEGATIVE
20325,Donald Trump,@TIMENOUT @TIB2016 @AlanColmes is a prime example of a #LobotomizedLiberal. #SemST,AGAINST,OTHER,NEGATIVE
416,Atheism,"Verily, verily, I say unto you, The servant is not greater than his lord...  John 13:16 KJV   #LordOfLords  #KingOfKings #SemST",AGAINST,OTHER,NEGATIVE
330,Atheism,"IDC what the bible says, constitution says you can take it and shove it right back where it came from .. We aren't a theocracy. #SemST",FAVOR,TARGET,NEGATIVE
595,Atheism,"Enough w/living off outdated guidelines, suppression, and insecurities. We're capable of making well informed decisions #SemST",NONE,OTHER,NEGATIVE
10563,Feminist Movement,How to oppress a strong and independent woman? Sit in a certain way... #manspreading #SemST,AGAINST,TARGET,NEGATIVE
2049,Hillary Clinton,@HillaryClinton R U desperate or what? 3rd Hillary tweet on my timeline 2day. NOT gonna vote 4 U! #SemST,AGAINST,TARGET,NEGATIVE
10089,Atheism,"Remember, #God has it all worked out. #SemST",AGAINST,TARGET,POSITIVE
20057,Donald Trump,Been slacking on my @realDonaldTrump retweets.. had some catching up to do .. #Trumpforpresident #SemST,FAVOR,TARGET,POSITIVE
1148,Feminist Movement,The length of time I take in the bath directly relates to what's happening on Twitter #MondayMotivation  #Worlds2015 #SemST,NONE,OTHER,NEITHER
10307,Climate Change is a Real Concern,Jared likes child porn now .... Is that what happens if you eat all your meals at Subway? Must be either that or #SemST,NONE,OTHER,NEGATIVE
10227,Climate Change is a Real Concern,Camille Parmesan: 2/3 of species have changed #habitat because of #H12 #CFCC15 #SemST,FAVOR,TARGET,NEGATIVE
686,Climate Change is a Real Concern,@ClimateCentral @ChristineMilne Some people r so guilt free #SemST,NONE,OTHER,NEGATIVE
736,Climate Change is a Real Concern,Fossil fuel divestment won't necessarily stop climate change but it is a step in the right direction. #keepitintheground #SemST,FAVOR,TARGET,POSITIVE
20011,Donald Trump,@USAlivestrong @scottscameron @ljmljm55 @blondygirl1 @eavesdropann @autumkat @texasflutegal 100% Support #Trump.. #SemST,FAVOR,TARGET,POSITIVE
10040,Atheism,"I am addicted to your light.  Everywhere I look you are there. I can feel your Halo, I pray you won't fade away.   #SemST",AGAINST,OTHER,POSITIVE
445,Atheism,"BIBLE EXPO! here at  TRUTHCASTER,COM  Please come. Thanks! #Bible #Expo #Truths #SemST",AGAINST,TARGET,POSITIVE
10389,Climate Change is a Real Concern,"It's so cold and windy here in Sydney, I just saw a climate scientist fly past my window #auspol #ClimateChangeIsReal #SemST",FAVOR,TARGET,NEITHER
2675,Legalization of Abortion,I'll always put all my focus and energy toward keeping people alive instead of deciding who gets to marry. #SemST,AGAINST,TARGET,POSITIVE
10312,Climate Change is a Real Concern,#Mission:#Climate @ home > Run your dishwasher only if it's full. (by @gaiam) #Tip #ActOnClimate #SemST,FAVOR,TARGET,NEITHER
10898,Hillary Clinton,@AC360 asked @realDonaldTrump the tough questions.  Too bad @CNN didn't ask @HillaryClinton the tough questions.  #SemST,AGAINST,TARGET,NEGATIVE
789,Climate Change is a Real Concern,"At what point do we rename summer ""The Rainy Season""? #Cdnpoli #SemST",FAVOR,TARGET,NEITHER
10348,Climate Change is a Real Concern,@Myrmecos Still a larval theory. Still poorly modelled. Still unquantified. Still multi-factor. Still flummoxed by albedo. #SemST,AGAINST,TARGET,NEGATIVE
1,Hillary Clinton,"@tedcruz And, #HandOverTheServer she wiped clean + 30k deleted emails, explains dereliction of duty/lies re #Benghazi,etc #tcot #SemST",AGAINST,TARGET,NEGATIVE
20046,Donald Trump,"@AC360 @barbarastarrcnn Erasing history will not cure the hatred heart, it only takes one person to stir the fires #CCOT #SemST",NONE,OTHER,NEGATIVE
1429,Feminist Movement,"Of course ugly feminists hate sexy porn stars, rhinos hate the fact they they will never be a unicorn.  #GamerGate #SemST",AGAINST,TARGET,NEGATIVE
2502,Legalization of Abortion,@EmilyBeaulieu1 maybe that's what he wants #SemST,NONE,NO ONE,NEITHER
10836,Hillary Clinton,"#WhatILearnedToday @HillaryClinton already admitted to having at least 2 devices, more lies, it never stops #SemST",AGAINST,TARGET,NEGATIVE
1836,Hillary Clinton,Hillary Clinton makes Nixon look like an amateur schoolboy #ClintonCash #ClintonFoundation #Clinton #SemST,AGAINST,TARGET,NEGATIVE
2215,Hillary Clinton,Was asked by @HillaryClinton to help with her campaign. Gladly (excitedly) accepted! #SemST,FAVOR,TARGET,POSITIVE
10748,Hillary Clinton,Rhodham Hood: It takes a village to  community organize wealth redistribution Obama-style.   #SemST,NONE,OTHER,NEGATIVE
10318,Climate Change is a Real Concern,The biggest terror threat in the World is climate change #drought #floods #SemST,FAVOR,TARGET,NEGATIVE
516,Atheism,@leedanielsent come on I'm waiting for you to discover me #suppertalented #dreamer #golds #EmpireFOX #Humble #motivation  #SemST,AGAINST,TARGET,POSITIVE
1633,Feminist Movement,"With or without this farmer's tan, I bang bare bitches #MisogynistColloquialisms #DontSayBitch #SemST",NONE,OTHER,NEGATIVE
1944,Hillary Clinton,@thegirlwithfood though. But there are people saying they just aren't going to vote at all which is ridiculous so #SemST,NONE,OTHER,NEGATIVE
10271,Climate Change is a Real Concern,@Gwillaumau @timpoliti @ABCthedrum @whelan60 @chrisberg NEVER KNEW INCONVENIENT FACTS WARRANTED A SHRINK!!! ROTFLMAO #auspol #SemST,NONE,OTHER,NEGATIVE
2681,Legalization of Abortion,Part of our celebration will be dancing our butts off to a LGBTQIA pride inspired playlist. What songs should we add to our list? #SemST,NONE,OTHER,POSITIVE
674,Climate Change is a Real Concern,The best call still and will always be Matt in Cleveland. #KirstieAllie #ValKilmer #SemST,NONE,OTHER,POSITIVE
10338,Climate Change is a Real Concern,Someone send some chicken soup or some '80s Conan comics to @jamesbobier4 he's under the weather & noone wants to be there #SemST,NONE,OTHER,NEGATIVE
492,Atheism,"Angels of God pray for us, direct our steps, and protect us from all evil as we strive to do God's will in our daily lives. #SemST",AGAINST,OTHER,POSITIVE
938,Climate Change is a Real Concern,"@Reince #GOPClownCar a shame #gop considers ""HRC emails"" more disconcerting than #jobs #infrastructure #education #SemST",NONE,OTHER,NEGATIVE
1594,Feminist Movement,Feminism is Radical Islam painted in pink.   #GamerGate #SemST,AGAINST,TARGET,NEGATIVE
20378,Donald Trump,There is no scarcity. There is no lack. No need for poverty. We are only victims of robbery by our leaders. #LiberateYourself #SemST,NONE,OTHER,NEGATIVE
2115,Hillary Clinton,Chris Christie for President? HAHAHAHAHA!  I don't think so!  @HillaryClinton #Clinton #Hilary #SemST,AGAINST,TARGET,NEGATIVE
11072,Legalization of Abortion,@FaceTheNation @nytimes where is #SilencedDiscourse for @TheDemocrats #Divisions on #SchoolChoice #Taxes #DoubleStandard #Biased #SemST,AGAINST,TARGET,NEGATIVE
1160,Feminist Movement,This feminist supports gender equality because some people believe a woman's value lies in her physical beauty. #SemST,FAVOR,TARGET,POSITIVE
1980,Hillary Clinton,My dad told me he's voting for Hillary. I'm so proud. LOL #SemST,FAVOR,TARGET,POSITIVE
2648,Legalization of Abortion,@MeghanMcCain so because #SCOTUS ruled fors you think everyone just threw their hands up and supported #LoveWins #SemST,NONE,OTHER,POSITIVE
20333,Donald Trump,Dear Republicans: Please nominate Donald Trump. The reminder that people like him exist will do wonders for the progressive cause #SemST,AGAINST,OTHER,NEGATIVE
1376,Feminist Movement,Downvoting my youtube videos is hateful and sexist! #gamergate #femfreq #radicalbytes #videogame #gaming #SemST,FAVOR,TARGET,NEGATIVE
10126,Atheism,"Enough sneaking around, bringing in religious groups into #abed public #schools to access our kids in secrecy. #parents #SexED #SemST",FAVOR,TARGET,NEGATIVE
654,Climate Change is a Real Concern,@worldfarmersorg congress. @BartoliniMatteo :Dutch way in reducing greenhouse gasses agriculture is excellent example combat #SemST,FAVOR,TARGET,POSITIVE
691,Climate Change is a Real Concern,When U think about #GOP positions on #MarriageEquality #EqualPay #Guns & #Marijuana its no surprise they don't believe in #SemST,NONE,OTHER,NEGATIVE
1062,Feminist Movement,Feminists don't even understand what feminism is. #SemST,AGAINST,TARGET,NEGATIVE
10360,Climate Change is a Real Concern,Incredibly moving as a scientist weeps on @BBCRadio4 for the #ocean & for our grandchildren's future ttp://bbc.in/1G9uil5 #SemST,FAVOR,TARGET,POSITIVE
1575,Feminist Movement,DEAR FEMINISTS  Start asking for accountability from man-haters instead of shielding them for convenient concealment.  #SemST,AGAINST,TARGET,NEGATIVE
1876,Hillary Clinton,#ThingsYouDontSayAsAPolitician  I don't feel no ways tired. Go to the back of the line. What difference does it make?  #SemST,NONE,OTHER,NEGATIVE
10835,Hillary Clinton,@jschau11 wow!!! i can halp too!! #OBAMASUCKS #BLOWUPISIS #NOIRS #NOSHARIAUSA #NOAMNESTY #DAMNTHAT140  #USARULES...#ILOVETHIS #(:) #SemST,NONE,OTHER,NEGATIVE
20097,Donald Trump,@ericbolling Sorry you got shut down during the Factor last night by a useless news break. The portion you aired was potent. #SemST,NONE,OTHER,NEGATIVE
779,Climate Change is a Real Concern,Amazing interview with @POTUS and David Attenborough #SemST,NONE,NO ONE,POSITIVE
10090,Atheism,What we are is what we define the world to be. #existentialism #spirituality #SemST,AGAINST,TARGET,POSITIVE
1197,Feminist Movement,@carly_senatore Also im assuming you claim to be one...yet you just called me an idiot and you dont even know me. Nice. #SemST,NONE,OTHER,NEGATIVE
1804,Hillary Clinton,Obama:  climate change or bush?  Who to blame...?  Hillary:  right wing conspiracy in Baltimore. #BalitmoreRiots #SemST,AGAINST,TARGET,NEGATIVE
1391,Feminist Movement,The cutting and mutilation of my and my daughters' genitals is an expression of my #SemST,FAVOR,TARGET,NEGATIVE
1523,Feminist Movement,@TheSun @George_Osborne Innocent men should NOT be convicted of domestic violence! #SayNoToFeminism #SemST,AGAINST,TARGET,NEGATIVE
988,Climate Change is a Real Concern,The #MNTwins game is going really fast tonight. More proof of #SemST,NONE,OTHER,POSITIVE
1219,Feminist Movement,@foxtrotjames I can kind of see myself doing what she's doing #Femalepower #yolo #SemST,FAVOR,TARGET,POSITIVE
20241,Donald Trump,@ChrisleyChase think your adorable. Remind me of my nephew. Stay young. The new comb over you're sporting is aging you. #SemST,AGAINST,OTHER,POSITIVE
133,Atheism,What I see in the natural will not stop what God is getting ready to release in the supernatual. #SemST,AGAINST,OTHER,POSITIVE
159,Atheism,"No matter what you are going thru, I assure you somewhere in the world somebody has it 10x worse.  #bethankful #hope #SemST",NONE,OTHER,POSITIVE
11051,Legalization of Abortion,Happy July 4th- freedom day! Let liberty ring out! #freedom #Faith #Jesus #REVIVAL #Life #tcot #SemST,AGAINST,OTHER,POSITIVE
201,Atheism,Calling all Angel. The angels will sing for the innocent. May God bless you. #MaryJaneVeloso #SemST,AGAINST,OTHER,POSITIVE
2546,Legalization of Abortion,Abortion is legal all nine months in Canada and in some parts of the USA. #ProLifeYouth #SemST,AGAINST,TARGET,NEITHER
60,Legalization of Abortion,Last meeting of the year tonight! 7:00 pm in Case Hall room 334A. Come one come all! Pizza and pop will be provided! #SemST,NONE,NO ONE,POSITIVE
1236,Feminist Movement,Let's fight for Women's Equality!! Read the blog below and join the cause for woman's rights and gender equality for all!! #SemST,FAVOR,TARGET,POSITIVE
20022,Donald Trump,Donald Trump inhaled so much air spray & started to believe he is the title holder for the United States. #SemST,AGAINST,TARGET,NEGATIVE
2254,Hillary Clinton,So excited to hear @HillaryClinton speak here at @dartmouth in #Hanover #HillaryinNH @HillaryforNH #SemST,FAVOR,TARGET,POSITIVE
927,Climate Change is a Real Concern,@osteomath @capitalweather Funny how you all of a sudden refer to him as a weatherman now  #climatechange...weather. #SemST,FAVOR,TARGET,NEGATIVE
20568,Donald Trump,The line between innovation and effrontery becomes evident through consequence. #CultureShift #awaken #rise #AriseChurch #SemST,NONE,OTHER,NEGATIVE
2351,Legalization of Abortion,"I know what's best, for my health. You don't know anything about me.  #SemST",FAVOR,OTHER,NEGATIVE
1745,Hillary Clinton,RT @MaxTollensJr: One-percenter lied about being #DeadBroke No more lies. NO to #SemST,NONE,OTHER,NEGATIVE
2689,Legalization of Abortion,I'm gonna fuck @CaitlynGuyerXOX Next weekend  #SemST,NONE,NO ONE,NEGATIVE
11017,Legalization of Abortion,Every1 needs 2 c @Rick_Reyna & @rallysforchrist's movie #TheRallyLA. It's life transforming. #drugs #forgive #SWBC2015 #Salvation #SemST,AGAINST,OTHER,POSITIVE
10160,Atheism,"Surely the Sovereign LORD does nothing without revealing his plan to his servants the prophets"" #Amos3v7 #SemST",AGAINST,TARGET,POSITIVE
2589,Legalization of Abortion,"Bristol Palin doesn't want any lectures, you guys. That's her job. #hypocrisy #15minutes #SemST",NONE,OTHER,NEGATIVE
20219,Donald Trump,America: Isn't it time we ignored Donald Trump? He's not a serious person. @NYPD should revoke his gun permit. #Immigration #NBC #SemST,AGAINST,TARGET,NEGATIVE
20676,Donald Trump,Hillary: -Assad is a reformer -Putin is re-settable -Libya Jihadist are allies -Iran not building Nukes -Strom is right #tcot #SemST,NONE,OTHER,NEGATIVE
279,Atheism,@POTUS sweet! Congratulations to a rational decision. #SemST,NONE,OTHER,POSITIVE
223,Atheism,We believe the #Bible to be the word of God; ... we also believe the Book of #Mormon to be the word of God. - Joseph Smith #Prophet #SemST,AGAINST,TARGET,POSITIVE
884,Climate Change is a Real Concern,#TonyAbbott hope you're watching President Obama talking about #SemST,NONE,OTHER,POSITIVE
10500,Feminist Movement,You think its hard to give birth? Bitch have u ever tried to shave a pair of balls? #SemST,AGAINST,TARGET,NEGATIVE
2377,Legalization of Abortion,like i really need to walk past a bunch of aborted babies to get into the union. get out of my peripheral #SemST,AGAINST,TARGET,NEGATIVE
1753,Hillary Clinton,@WhiteHouse @BarackObama @HillaryforIA @BarackObama The whole #world is supporting you. #SemST,FAVOR,TARGET,POSITIVE
1035,Feminist Movement,When is it ok for a married 49-year-old CEO to use his power and influence to shag his 22-year-old intern? #AskHillary #SemST,FAVOR,TARGET,NEGATIVE
11123,Legalization of Abortion,"Yea, let's make a woman suffer 18 years and raise a child with an unfit parent who hates it because of ""morality"". #SemST",FAVOR,TARGET,NEGATIVE
1812,Hillary Clinton,@HillaryClinton @BarackObama The whole #world is supporting you. #SemST,FAVOR,TARGET,POSITIVE
11110,Legalization of Abortion,@laurawrpie @ProWomanChoice d real question is. do u even research d side effects of abortion and contraceptives? #KnowYourFacts #SemST,AGAINST,TARGET,NEGATIVE
10548,Feminist Movement,Unlike cancer treatments marriage risks outweigh the benefits. If oncologists married people everybody would be single #SemST,NONE,OTHER,NEGATIVE
10829,Hillary Clinton,.@thedailybeast such a waste of space #CrackingCeilings #SemST,NONE,OTHER,NEGATIVE
113,Atheism,"RT @prayerbullets: Let the righteousness, peace, and joy of the kingdom be established in my life -Rom. 14:17 #SemST",AGAINST,OTHER,POSITIVE
1407,Feminist Movement,"IF FEMINISTS WERE HONEST   ""I know men don't have the right kind of thoughts.""   #GamerGate #SemST",AGAINST,TARGET,NEGATIVE
11068,Legalization of Abortion,"Compromising on #sin gets easier as time goes on. Oh yeah, it didn't just start! #sexual-impurity #WakeUpAmerica #SemST",AGAINST,OTHER,NEGATIVE
11071,Legalization of Abortion,@Jizismyname can't wait to see you on @heyqweentv #JizIsMyName #ElectronicaDrugDealer #Jiz  #SemST,AGAINST,TARGET,POSITIVE
1546,Feminist Movement,All mascots in women's world Semi-final are girls?... #Equalityforall #SemST,AGAINST,OTHER,NEITHER
2643,Legalization of Abortion,"@SuePalmers @LSDsr Nothing to do with me.  It's not my choice, nor is it yours, to dictate what another woman chooses. #feminism #SemST",FAVOR,TARGET,NEGATIVE
1881,Hillary Clinton,"Hillary has lied, deleted Benghazi emails, and betrayed the trust of Americans scandal after scandal. #SemST",AGAINST,TARGET,NEGATIVE
57,Legalization of Abortion,Rise & Shine its a new day & you're alive. Thank God 4 another day of precious life. #Christian #Catholic #TeamJesus #SemST,AGAINST,TARGET,POSITIVE
20059,Donald Trump,"American's, do you think we are headed in a positive direction? #USAGuard #OPACT #SemST",NONE,NO ONE,NEITHER
10332,Climate Change is a Real Concern,"the water hole time to drink! RT""@vicenews #SemST",NONE,NO ONE,POSITIVE
10304,Climate Change is a Real Concern,@ILuvCO2 @UNGeneva @WMOnews @ParisCOP21 U love CO2 so I can only understand your point of view.But u n I know the trigger of #SemST,FAVOR,TARGET,NEGATIVE
1835,Hillary Clinton,Too far @realDonaldTrump. That's just too fucking far. #BaltimoreUprising #Obama #SemST,NONE,OTHER,NEGATIVE
1263,Feminist Movement,RT @WeNeedFeminism: My school taught us about the penis but never mentioned the clitoris #SemST,FAVOR,TARGET,NEGATIVE
625,Climate Change is a Real Concern,RT @GreenLivingGB: @earthhour Looks like a great event. Green is the way forward! #SemST,FAVOR,TARGET,POSITIVE
1416,Feminist Movement,"My feminist heart is so angry right now, wish I could scream my hate for inequality right now. At the top of my lungs. #SemST",FAVOR,TARGET,NEGATIVE
10462,Feminist Movement,@RepubGirlLife But if I said this about how hot Hope Solo is..... Feminists would go ape shit #screwfeminism #SemST,AGAINST,TARGET,NEGATIVE
10704,Hillary Clinton,"Congratulations to our Women Soccer Team for just winning the World Cup against Japan 5-2, women rule ! #freeallfour #SemST",AGAINST,OTHER,POSITIVE
2251,Hillary Clinton,"So we're to believe that ""Santa"" is a hairstylist?   Um... okay. You often need code for that. #Lies #SemST",NONE,OTHER,NEGATIVE
10918,Hillary Clinton,I BLOCKED 2 Liberals Today!..A Very Good Thursday! #GODBLESSTHEUSA #HardCoreAmericanConservative #2A #NRA #ArticleV  #NoMoreBushes #SemST,AGAINST,OTHER,NEGATIVE
439,Atheism,"#U2ieTour Wish the lads would've matured past Christianity, like I did. But I got a science education. They didn't. SoTheyR stuck. #SemST",FAVOR,TARGET,NEGATIVE
268,Atheism,Struggling with identity is very real. Christians need to look in #Christ. He has your #identity and #destiny. tweeters #SemST,AGAINST,OTHER,POSITIVE
10915,Hillary Clinton,hey @HillaryClinton when you LIED about the lack of a subpoena...you REALLY thought you wouldn't get caught? #LIAR #Corruptocrat #SemST,AGAINST,TARGET,NEGATIVE
828,Climate Change is a Real Concern,The ruling by @Scotus is a major setback for @EPA & the environment.  #dirtycoal #SemST,FAVOR,TARGET,NEGATIVE
11195,Legalization of Abortion,#HDR - top set up in the Warm up area @HuddsCriterium ... Chilling and chatting with @GabzCullaigh before the racing. #Topriders #SemST,NONE,OTHER,POSITIVE
801,Climate Change is a Real Concern,John Watterson is attending IPPC meeting to help shape the future of international greenhouse gas emission estimation methods #SemST,FAVOR,TARGET,POSITIVE
20111,Donald Trump,I like many entries in the 2016 Presidential race; but no one is more accomplished than Donald Trump. His cabinet will be full. #SemST,FAVOR,TARGET,POSITIVE
10013,Atheism,Let my house be built by wisdom and become strong through good sense -Prov. 24:3 #SemST,AGAINST,TARGET,POSITIVE
1313,Feminist Movement,"DEAR FEMINISTS  The problem with abortion is not "" too many rapes"" it is too much fucking WITHOUT condoms   #GamerGate #SemST",AGAINST,TARGET,NEGATIVE
11045,Legalization of Abortion,"@BuhayIpaglaban @blueskies366 thank you again to show that you are AGAINST CONTRACEPTION. ""#Prolife"" = a code word for #misogyny. #SemST",AGAINST,OTHER,NEGATIVE
178,Atheism,There's no religion but sex and music. ~Sting #SemST,FAVOR,TARGET,NEITHER
10357,Climate Change is a Real Concern,Climate deniers is a term used to silence those pointing out the hypocrisy in the fanatical zeal on  #climatetruth #SemST,AGAINST,TARGET,NEGATIVE
2829,Legalization of Abortion,Do you know anything about the right of bodily autonomy? Describe it then if you don't think the fetus takes it away from her  #SemST,FAVOR,TARGET,NEGATIVE
10793,Hillary Clinton,@kasie I do! And I had an invitation to their beta test before they even officially launched. #HillaryLies #SemST,AGAINST,TARGET,POSITIVE
469,Atheism,"Because He has inclined His ear to me, therefore I will call upon Him as long as I live Ps 116:2 #SemST",AGAINST,OTHER,POSITIVE
10853,Hillary Clinton,".@HillaryClinton blames her lack of trust among the populace on @GOP, forgetting that she's a lying, conniving, murderous, cheat. #SemST",AGAINST,TARGET,NEGATIVE
11147,Legalization of Abortion,@JonathaASwift @TomAdams9999 They  are BOTH alive & human from conception Just earlier phase of life's continuum! @chooseliferacer #SemST,AGAINST,TARGET,POSITIVE
2896,Legalization of Abortion,There's a gray area when it comes to abortion. We discuss the #legal & #ethical #dilemmas that #doctors & #patients face regarding #SemST,AGAINST,OTHER,NEITHER
1833,Hillary Clinton,How many poor kids could $2.5 billion feed? #SemST,NONE,OTHER,NEGATIVE
2212,Hillary Clinton,Cruz-- Perry 2016 @tedcruz @GovernorPerry It's the only win-win choice #SemST,AGAINST,OTHER,POSITIVE
574,Atheism,Its #gamenight w @BostonOasis @HughONeillsPub n Malden 2night @ 730 @geekswhodrink #freethought #humanist #none #Community #SemST,AGAINST,OTHER,NEITHER
949,Climate Change is a Real Concern,When did CO2 become a dangerous pollutant that must be curtailed? What do you exhale again? #Iwantanswers #SemST,AGAINST,TARGET,NEGATIVE
165,Atheism,"I look around and find fear, I look up with my Father and find faith. #toGodbetheglory #SemST",AGAINST,OTHER,POSITIVE
10556,Feminist Movement,Who said Feminists Standard is THE STANDARD of how a woman should be? #SemST,AGAINST,TARGET,NEGATIVE
1841,Hillary Clinton,"@_Poli_Ana_ No, she's got the #BlackLivesMatter vote w/o even talking to them.  Most blacks are brainwashed by @TheDemocrats #SemST",AGAINST,TARGET,NEGATIVE
2232,Hillary Clinton,"@realDonaldTrump ""@HillaryClinton can't even manage @billclinton and she wants to be @POTUS"" #lol #WakeUpAmerica #StopHillary2016 #SemST",AGAINST,TARGET,NEGATIVE
1309,Feminist Movement,"@MrRepzion This lady on yt is right, Radical feminist have the loudest voices while normal,logical feminist are being outspoken. #SemST",FAVOR,TARGET,NEGATIVE
2666,Legalization of Abortion,It's a good day to be alive :) everyone deserves to have the choice to marry the person they love! #LoveWins #EqualityForAll #SemST,NONE,OTHER,POSITIVE
661,Climate Change is a Real Concern,"With no rain in the next 5 days, it would have been the driest June in #Santiago de #Chile in morden history. #SemST",FAVOR,TARGET,NEITHER
2434,Legalization of Abortion,Gov Brownback visits cities in #Kansas 2 sign new #bill  #woman #SemST,NONE,NO ONE,POSITIVE
1917,Hillary Clinton,"@GideonHenry First SCOTUS reaffirms Obamacare, then it legalize gay marriage. Your world is crumbling! #SemST",NONE,OTHER,NEGATIVE
10994,Legalization of Abortion,it's not that i don't want to be at work. it's that i rather be asleep. #SemST,NONE,OTHER,NEGATIVE
20510,Donald Trump,Greece is our future.  Pay attention.  #GreekCrisis #SemST,NONE,OTHER,NEGATIVE
408,Atheism,@moealqadi Why #buddhism works! We except ALL as they R. No judgement Mexican-American #socialjustice #worldpeace #happy #freedom #SemST,AGAINST,TARGET,POSITIVE
440,Atheism,"Light is not called into Light, its called into Darkness! Why fear if Christ is leading you? #chicago #newyork #miami #SemST",AGAINST,TARGET,POSITIVE
2311,Hillary Clinton,@akawhit1 ITS TIME TO ROPE OFF KILLARY @FoxNews DELETE HER OFF YOUR BALLOT SHE IS A CLONE OF SODOM  INSANE OBAMMAD #WakeUpAmerica #SemST,AGAINST,TARGET,NEGATIVE
20156,Donald Trump,Trump: Chicago is a great city. I love spending time in my building. #SemST,NONE,OTHER,POSITIVE
2033,Hillary Clinton,@WestonMartinez @crazytas62 Cruz needs to autograph bomb #SemST,NONE,OTHER,NEITHER
10104,Atheism,Life's just like a test to sort out the best from the unfit rest. #adversity #evolution #Heaven #Nirvana #Valhalla #SemST,NONE,OTHER,POSITIVE
10566,Feminist Movement,Women shouldn't be topless! Oh shit and here I thought my breasts were for feeding babies and not the male gaze. My bad #SemST,FAVOR,TARGET,NEGATIVE
11119,Legalization of Abortion,"You can't give the ""death penalty"" to something not living sentient or autonomous #WarOnWomen #roe42 #reprohealth #SemST",FAVOR,TARGET,NEGATIVE
20074,Donald Trump,"So gays can get married, but I still can't legally own a pet monkey in the USA -.- #thisiswhatswrongwiththeworld #SemST",NONE,OTHER,NEGATIVE
20330,Donald Trump,@McAndles1 @OldRowRumors Hoobastank goes against Christ. Shame #SemST,AGAINST,OTHER,NEGATIVE
10236,Climate Change is a Real Concern,Citizens have a right to access information that would protect their lives against #risk #CLIMWARN #CFCC15 #vulnerability #SemST,FAVOR,TARGET,POSITIVE
413,Atheism,"Happy Sun's day my friends. if any of you find god, sit down,breathe deeply and count to 10,you're having a delusion,it'll pass. #SemST",FAVOR,TARGET,NEGATIVE
1650,Feminist Movement,#sex male caste general religion Hindu. None of these were in my hand!!! Gurrr  #feminazis pseudo #SemST,AGAINST,TARGET,NEGATIVE
20437,Donald Trump,"We need a man that will do the tough negotiations, say what needs to be said and forget the words politically correct.  #thanks #SemST",AGAINST,OTHER,POSITIVE
20212,Donald Trump,"@MikeBates @BI_RetailNews Sickening, Children are at the Parades! BHO has turn this Country tolongest 6.6yrs of my Life! #SemST",NONE,OTHER,NEGATIVE
20701,Donald Trump,Watching what Donald Trump said about Mexicans was shocking! Let's not give this appalling man a platform. #SemST,AGAINST,TARGET,NEGATIVE
1569,Feminist Movement,Never settle for anything less than your are worth. #SemST,AGAINST,OTHER,POSITIVE
10303,Climate Change is a Real Concern,The extreme humidity and heat right now might kill me  and it's only 10a.m. #FloridaProblems #SemST,FAVOR,TARGET,NEGATIVE
1400,Feminist Movement,DEAR FEMINIST SUPPORTERS People like you with your endless concessions to feminists just prevent their accountability. #SemST,AGAINST,TARGET,NEGATIVE
572,Atheism,"dear @asadowaisi if you r really concerned with Maha Govt decision, go to court and let them decide. #SemST",AGAINST,OTHER,NEITHER
328,Atheism,"Now, let's get SCOTUS to rule that ""Under God"" on the currency violates the Establishment Clause.  #freethinker #SemST",FAVOR,TARGET,NEGATIVE
10071,Atheism,Let Your fear come upon every soul in my city -Acts 2:43 #SemST,AGAINST,TARGET,NEGATIVE
1608,Feminist Movement,Abusive Misogynist  @NickRinke whining that feminists are blocking him. Let's make his day and all bock him. #YesAllWomen #SemST,FAVOR,TARGET,NEGATIVE
10200,Atheism,when you get distinctions for half your modules but started studying the day before for each because of shoots. Thank You Father!!! #SemST,NONE,OTHER,POSITIVE
188,Atheism,"Every time I arrive at my home, I'm n constant awe of how much my God loves me .My family is better than urs. I LOVE MY LIFE #Blessed #SemST",AGAINST,OTHER,POSITIVE
2581,Legalization of Abortion,@bethanyshondark do you mean Bristol? She was just being honest about her feelings - many can relate - hope they choose life too! #SemST,AGAINST,TARGET,POSITIVE
455,Atheism,Peace I leave with you; my peace I give to you. | John 14:27a | #SemST,AGAINST,TARGET,POSITIVE
2066,Hillary Clinton,@GOP Of course @HillaryClinton is silent. That insures she doesn't have 2 stand 4 ANYTHING & less chance of offending voters #SemST,AGAINST,TARGET,NEGATIVE
2518,Legalization of Abortion,The right to #choose? Thats a #lie! #babies don't choose to #die! Prolifeyouthgen #SemST,AGAINST,TARGET,NEGATIVE
1524,Feminist Movement,In reading the #BeingFemale tweets I realized how fortunate I am to be able to rent and live in an apartment alone. #rights #fight #SemST,AGAINST,OTHER,POSITIVE
10147,Atheism,"Husbands, love your wives, as Christ loved the church and gave himself up for her, (Ephesians 5:25 ESV) #marriage #Christian #SemST",AGAINST,TARGET,POSITIVE
1483,Feminist Movement,What a real #Patriarchy and #RapeCulture looks like. #BeingFemaleInNigeria  #pjnet #GamerGate #SemST,AGAINST,TARGET,NEGATIVE
1020,Feminist Movement,RT @isocynic: I support whatever team buck supports #truefan #socceroos #bodypositive #SemST,NONE,OTHER,POSITIVE
20531,Donald Trump,"If a liberal brings up Immigration, hit em with the ""TRUMP"" card! #trumpforpresident #Trump #tcot #SemST",FAVOR,TARGET,POSITIVE
20058,Donald Trump,Healthcare in America must be fixed. Women are everything.  #TeamJason  #SemST,NONE,OTHER,POSITIVE
735,Climate Change is a Real Concern,Is there a breeze i can catch Lakefront or will I die of a heat stroke there as well? #heatstroke #SemST,FAVOR,TARGET,NEGATIVE
10189,Atheism,"IF GOD BROUGHT YOU TO IT , HE'LL BRING YOU THROUGH IT. #GODKNOWS #WHATHEDOING #BEPATIENT #TRUSTANDBELIEVE #SemST",AGAINST,OTHER,POSITIVE
20126,Donald Trump,@Rene_gadeCowboy @danoroadblade yes but if a cop bust a bunch of people having a riot it is a hate crime #SemST,NONE,OTHER,NEGATIVE
10649,Feminist Movement,"If we have a ticker tape parade for the women, then who's going to clean it up? #WorldCup #thinkofthechildren #SemST",AGAINST,TARGET,NEGATIVE
1595,Feminist Movement,"DEAR FEMINISTS IN GAMING  Respect is earned with hard work, not playing the victim.  #GamerGate #SemST",AGAINST,OTHER,NEGATIVE
1106,Feminist Movement,"Contempo Qiwaamah:longer paid maternity leave,flexi working hours,on-site childcare,breastfeeding/breastpumping rooms,equal pay #SemST",FAVOR,TARGET,POSITIVE
885,Climate Change is a Real Concern,How did the #GreatBarrierReef look to you compared to when you dived it 60 years ago? @POTUS #Attenborough @ForeignOfficial #SemST,FAVOR,TARGET,NEITHER
2804,Legalization of Abortion,The Supreme Court justices are on fire this week #LoveWins #SemST,NONE,OTHER,POSITIVE
1455,Feminist Movement,feminists be like: don' judge a book by its cover! unless the cover is a straight white male. #SemST,AGAINST,TARGET,NEGATIVE
1286,Feminist Movement,Woman: you see me as a sex object! Me: you see me as an atm. #SemST,AGAINST,TARGET,NEGATIVE
2527,Legalization of Abortion,Since #roevwade 1/3 of my #generation has been #aborted. Where were their #rights?youthgen #SemST,AGAINST,TARGET,NEGATIVE
10346,Climate Change is a Real Concern,What's next after 2 years? :) #thinkbig #world #solution #water #SemST,FAVOR,TARGET,POSITIVE
2834,Legalization of Abortion,RT @Paul71: Who's yer man in the #dail talking about bullying? The only bullying was Fine Gael bullying their own members! #SemST,NONE,OTHER,NEGATIVE
1076,Feminist Movement,"You want to hear something really ugly, 1 in 5 women will be sexually assaulted in their time in college #MisogynyIsUgly #SemST",FAVOR,TARGET,NEGATIVE
867,Climate Change is a Real Concern,".@RobSilver What are the chances, @irbrodie? #Kyoto #CPC? #cdnpoli #SemST",NONE,OTHER,NEITHER
20661,Donald Trump,@ouchinagirl @TrumpNY2016 @GOP TRUMP FOR PRESIDENT AS HE DOESN'T MINCE WORDS!!!! #SemST,FAVOR,TARGET,POSITIVE
2201,Hillary Clinton,Leader of free world. Global navigating. Interacting with the international community. Beyond big crowds. Learned lesson. #SemST,AGAINST,TARGET,POSITIVE
398,Atheism,"St. Philomena, invincible champion of chastity, pray for us. #Catholic #SemST",AGAINST,OTHER,POSITIVE
20304,Donald Trump,Radical Islam is still a threat to the Western World!!!! #awareness #PATRIOT #UnitedWeStand #SemST,AGAINST,OTHER,NEGATIVE
1913,Hillary Clinton,My vote is definitely for Hillary. I don't want Bush's dumb ass. Don't want Trump either.  #HillaryClinton #SemST,FAVOR,TARGET,NEITHER
671,Climate Change is a Real Concern,Dear #seattleweather please stay exactly how you are right now. #thismorning #okaythanksbye #SemST,NONE,OTHER,POSITIVE
2631,Legalization of Abortion,The only solution I see against the #POTUS #SCOTUS #Tyranny is #ArticleV #FederalistPapers #SCOTUScare #GayMarriage #wtf #SemST,NONE,OTHER,NEGATIVE
1877,Hillary Clinton,Laughing at the Republican Party. The BEST they can offer is #DonaldTrump and #JebBush?   #HillaryClinton has got this! #SemST,FAVOR,TARGET,NEGATIVE
2404,Legalization of Abortion,"@ProWomanChoice Exactly, no apologies needed to any #fundamentalist of any kind.  Stop apologies for rights. #p2 #SemST",FAVOR,TARGET,NEGATIVE
754,Climate Change is a Real Concern,I'm burnin up baby where u at? #hangin #hanginpls #SemST,NONE,OTHER,NEGATIVE
313,Atheism,"I bind and cast out every spirit of the desert owl, fox, dragon, hyena, and vulture in the name of Jesus -Isa. 34:1115 #SemST",AGAINST,TARGET,NEGATIVE
11106,Legalization of Abortion,@BuhayIpaglaban @laurawrpie @JaxLeSigh Like I said I'm glad this medical procedure is around so that pregnant people stay healthy. #SemST,NONE,OTHER,POSITIVE
10059,Atheism,God gives us the right to do what we want; as long as we understand the outcomes of our actions. #spiritual #SemST,AGAINST,TARGET,POSITIVE
1578,Feminist Movement,#HowToSpotAFeminist?-> 3 Feminists believe in rape culture instead of their erotomania + delusions of persecution.   #SemST,AGAINST,TARGET,NEGATIVE
2060,Hillary Clinton,"Last week = Life (Obamacare, gay marriage)  Today = Death (air pollution, lethal injection)  Elections matter, y'all. #SCOTUS #SemST",NONE,OTHER,NEGATIVE
95,Legalization of Abortion,You can't kill someone cause you claim you made a mistake. If true nobody would go to jail for killing their spouse. #SemST,AGAINST,TARGET,NEGATIVE
1206,Feminist Movement,@oakleyftgaga you should be nice to me anyways #NicerInternet #SemST,NONE,OTHER,POSITIVE
147,Atheism,It's Ask an Atheist Day! Have a question?   #askanatheist #SemST,FAVOR,TARGET,POSITIVE
1549,Feminist Movement,@kimiyyye nah bitch I'm a fucking savage obviously . You just gonna suck dick and make sandwiches for some man who beats you daily #SemST,AGAINST,TARGET,NEGATIVE
11170,Legalization of Abortion,@WBCBowie NY pastors need to call their State Senators and stop this barbaric bill!istorture #SemST,AGAINST,OTHER,NEGATIVE
2023,Hillary Clinton,@LibtardLimbaugh @Mex38Tex @NRO Thanks so much for this article! #SemST,NONE,NO ONE,POSITIVE
1824,Hillary Clinton,"Also, I finally moved to @FDCITY today! Will be much easier to get around going forward! #moving #SemST",NONE,OTHER,POSITIVE
391,Atheism,Nothing lies beyond the reach of prayer except that which lies outside the will of #God. ~Unknown #Quote #TeamJesus #SemST,AGAINST,OTHER,POSITIVE
10709,Hillary Clinton,"Beware of #Kochtrolls bashing our candidates. I will not bash #Hillary. She's my plan B, for gosh sakes. #Bernie2016 #SemST",AGAINST,TARGET,NEGATIVE
10376,Climate Change is a Real Concern,If you dont have the capacity to take it in and act-what can you do to increase your capacity for connection and compassion? #SemST,NONE,OTHER,NEGATIVE
2654,Legalization of Abortion,"Any asshat ""protesting"" against #SofiaVergara is a disgrace to the entire Women's Rights movement. Live and let live. #SemST",NONE,OTHER,NEGATIVE
11056,Legalization of Abortion,I just unfollowed someone because they tweeted about being pro-life #SemST,AGAINST,TARGET,NEGATIVE
10738,Hillary Clinton,@politicalmath @BoboFromTexas doesn't matter. Nobody cares if the Clintons make mistakes as long as the checks keep coming. #SemST,AGAINST,TARGET,NEGATIVE
2409,Legalization of Abortion,"@ShowTruth No. It's absurd to refer to healthcare that saves pregnant people's lives as ""killing. #SemST",FAVOR,TARGET,NEGATIVE
10016,Atheism,#ILoveIslamBecause and v should love Islam because its a Deen instead of just a #SemST,AGAINST,TARGET,POSITIVE
10397,Feminist Movement,@kdeleon how many were young women? Were there any black young women? #SemST,AGAINST,OTHER,NEITHER
1636,Feminist Movement,RT @SteveOortcloud: My dream in life is to fuck a Canadian slut in her eye-socket.  #YesAllWomen #ThisFuckingGuy #SemST,NONE,NO ONE,NEGATIVE
1617,Feminist Movement,God did not want you to have the same opportunity as men so are you saying God is wrong? #SemST,AGAINST,TARGET,NEGATIVE
20302,Donald Trump,"@PoliticalLaughs Meanwhile, derelicts, deviants, and bedlam thrive under Obama. #SemST",AGAINST,OTHER,NEGATIVE
851,Climate Change is a Real Concern,"Went for a run, now I can't feel my legs and my brain feels like it's boiling. #SemST",NONE,NO ONE,NEGATIVE
2614,Legalization of Abortion,Of mothers advising their daughter's to abort are insane! It's unacceptable!! #Condoms #ItsNotOnItsNotSafe #SemST,AGAINST,TARGET,NEGATIVE
1555,Feminist Movement,"@marieclaire Pretty sure most of us are A-okay without having her on our team. And it's aaaalll about #choice, anyway. #feminists #SemST",AGAINST,TARGET,POSITIVE
138,Atheism,"#Save your people, Lord, and bless those who are yours. Be their #shepherd, and take care of them forever. (Psalm 28:9 GNT) #SemST",AGAINST,OTHER,POSITIVE
1655,Feminist Movement,Shut up and go back to the kitchen bitch #SemST,AGAINST,OTHER,NEGATIVE
11088,Legalization of Abortion,"Some babies die by chance, none should die by choice! #SemST",AGAINST,TARGET,NEGATIVE
2755,Legalization of Abortion,We are surprised at #SCOTUS ruling on marriage? Isn't this the the same government agency that legalized murder? #SemST,AGAINST,TARGET,NEGATIVE
1398,Feminist Movement,Staying silent after being raped so as not to get charged with adultery is an expression of my #SemST,FAVOR,OTHER,NEGATIVE
2252,Hillary Clinton,"Jimmy Fallon music playing. Thank you .... #DonaldTrump  ... for driving Latinos and Gays out to vote by the millions.  Love,  #SemST",NONE,OTHER,NEGATIVE
11102,Legalization of Abortion,@thejournal_ie sad this is what has to be done for women in need #SemST,NONE,OTHER,NEGATIVE
20442,Donald Trump,@HuffingtonPost He probably DOES have facts! #SemST,AGAINST,OTHER,POSITIVE
417,Atheism,A pair of hands working 2gether is far better than a thousand hands clasped in prayers..!! #FreedomFromReligion #SemST,FAVOR,TARGET,POSITIVE
700,Climate Change is a Real Concern,"This just in: Republican Primary Debates are down to topic of ""Who Wore It Better?"" #LoveWins #MarriageEquaility #Obamacare #SemST",NONE,OTHER,NEGATIVE
10285,Climate Change is a Real Concern,Adaptation is something that reduces the negative impact or enhances the positive impact of #CFCC15 #Journey2015 #SemST,FAVOR,TARGET,POSITIVE
10657,Feminist Movement,RT @ReformedSamurai: I have yet to meet one #feminist that isn't a racist or sexist. #GamerGate #WomenAgainstFeminsim #sup... #SemST,AGAINST,TARGET,NEGATIVE
491,Atheism,Hallelujah! You have overcome! You have overcome! Jesus has overcome the world! @DarleneZschech had 'Victor' in my heart all day!  #SemST,AGAINST,OTHER,POSITIVE
806,Climate Change is a Real Concern,SA has played an instrumental role in rallying other BASIC countries to strengthen South-South cooperation on matters around #SemST,NONE,NO ONE,POSITIVE
750,Climate Change is a Real Concern,#seattle 72 degrees. Trying to sleep with industrial fan--sounds like choppers are circling the house. #HeatWave #SemST,FAVOR,TARGET,NEGATIVE
20693,Donald Trump,@moonlightnstars @RichardFLopes @edmontalbans you're right and I didn't vote for Obonzo and not voting for #Hillary #SemST,NONE,OTHER,NEGATIVE
2322,Legalization of Abortion,RT @GrumpyOldGuy2: #DebbieWashermanSchultz the woman has a voice the doctor has a voice. Who speaks for the baby? I'm just askin. #SemST,AGAINST,TARGET,NEGATIVE
2485,Legalization of Abortion,@abc13houston Don't Let Obama Control Your Actions. Progressives have destroyed the Black Community #LBJ #Clintons #Drugs #SemST,NONE,OTHER,NEGATIVE
1271,Feminist Movement,"One time I said girls don't like being called sluts to a guy and he said ""you can't speak for everyone #SemST",FAVOR,TARGET,NEGATIVE
2574,Legalization of Abortion,In Ireland the unborn child has constitutional protection. Long may this continued.Youth #SemST,AGAINST,TARGET,POSITIVE
2474,Legalization of Abortion,@shaniaajaee I still love you no matter who you love  #SemST,NONE,NO ONE,POSITIVE
609,Atheism,Be Amazed.....a real unicorns among us #narwhals #SemST,AGAINST,TARGET,POSITIVE
925,Climate Change is a Real Concern,There are a lot of things that need to be done. But first should be changing our mindset.  #WaterManagement #SemST,FAVOR,OTHER,NEGATIVE
1885,Hillary Clinton,"@GOP Obamacare stays and the Confederate flag goes. You guys have had quite the shitty week, haven't you? #SemST",NONE,OTHER,NEGATIVE
10655,Feminist Movement,@Cernovich lets hang our heads in shame that men have become so feminized #SemST,AGAINST,TARGET,NEGATIVE
2626,Legalization of Abortion,Just owned a woman who works for planned parenthood. #factsonly #SemST,AGAINST,TARGET,NEGATIVE
20484,Donald Trump,Who doesn't love @SheriffClarke! A man who doesn't mince words!He's not going to sugarcoat it for you folks! #alllifematters #SemST,NONE,OTHER,POSITIVE
2168,Hillary Clinton,LOOKING FORWARD TO #CUBA EXPANDING MAJOR EXPORTS OF PICK UP TRUCKS CONVERTED INTO RAFTS!! SO EXCITING! #tcot #SemST,AGAINST,TARGET,POSITIVE
2313,Legalization of Abortion,Let's agree that it's not ok to kill a 7lbs baby in the uterus @DWStweets #DNC #Clinton2016 @HillaryforIA #ProCompromise #SemST,AGAINST,TARGET,NEGATIVE
20375,Donald Trump,Political correctness should be an automatic disqualifier for all #GOP candidates in 2016. #tcot #DefeatCommunism #SemST,NONE,OTHER,NEGATIVE
20397,Donald Trump,"@seanhannity @BobbyJindal He would be great Vp for Trump.. 2 of  kind,#MakeAmericaGreatAgain , #SemST",AGAINST,TARGET,POSITIVE
1120,Feminist Movement,"Wives who dislike cooking mk husbands diet, saying they'll stay fit Actually they want to avoid cooking ;) MCP #WomensProgress2015 #SemST",FAVOR,TARGET,NEGATIVE
1239,Feminist Movement,Whether you label yourself a feminist or not I think it's important that we address equal rights.-Taylor Swift. #SemST,FAVOR,TARGET,POSITIVE
10672,Feminist Movement,iamNovaah: RT ChrzOC: Bitches be running wild...  # # # # #   #feminazi  #feminonsence   #brosb4hos #F4F #R... #SemST,AGAINST,TARGET,NEGATIVE
1396,Feminist Movement,So now I'm sexist for saying that if a women can't deal with a bad joke she's going to suffer when it comes to adv maths  #SemST,AGAINST,TARGET,NEGATIVE
1463,Feminist Movement,"We are 51% of the population and only 17% of Congress. The #WarOnWomen is absolutely a real thing. Wake up, America. #SemST",FAVOR,TARGET,NEGATIVE
1053,Feminist Movement,@FudgieeBuddiee ARE YOU SAYING ALL GIRLS ARE SENSITIVE BECAUSE OF GENDER ROLES? YOU SEXIST SWINE #SemST,FAVOR,TARGET,NEGATIVE
1637,Feminist Movement,"'Half victims, half accomplices, like everyone else' Simone De Beavoir #SemST",NONE,NO ONE,NEGATIVE
2783,Legalization of Abortion,It is a poverty to decided that a child must die so that you may live as you wish. -Mother Teresa #SemST,AGAINST,TARGET,NEGATIVE
11229,Legalization of Abortion,"I was an accidental baby and as far as I know, my parents were happy to have me. #thanksmom #SemST",AGAINST,TARGET,POSITIVE
20382,Donald Trump,@realDonaldTrump Favorites and retweets keep piling up for Trump! He's killing the other candidates! #SemST,FAVOR,TARGET,POSITIVE
20536,Donald Trump,"I'm developing my own version of Arya's kill list, but for asshole celebrities #BillCosby #PaulaDeen #JaredFromSubway #GOT #SemST",NONE,OTHER,NEGATIVE
10295,Climate Change is a Real Concern,Please will someone at @BBCRadio4 clarify what Osbourne said about oil and renewables energy?  #budget2015 #futureoftheplanet #SemST,FAVOR,TARGET,POSITIVE
1597,Feminist Movement,"IF FEMINISTS WERE HONEST  ""Be careful, if you use logic in this conversation I will somehow drag it into rape""  #SemST",AGAINST,TARGET,NEGATIVE
10361,Climate Change is a Real Concern,Following the invitation only Climate Summit of the Americas online via twitter #CSOTA #Toronto #environment #COP21 #climate #SemST,FAVOR,TARGET,POSITIVE
20072,Donald Trump,Tyranny in full bloom with legislative editor and @ChiefJusticeJR court freedom hanging by thread @RedNationRising #Liberty #SemST,NONE,OTHER,NEGATIVE
10457,Feminist Movement,"Other people may hate #feminists, but at least they don't hate the opposite sex.   #feminist #sexism #SemST",AGAINST,TARGET,NEGATIVE
1886,Hillary Clinton,Come visit me at the Jefferson County Fair! Representative Curt Hanson will tell a joke and I'll tell a story about why vote #SemST,NONE,NO ONE,POSITIVE
10438,Feminist Movement,"I can get women not being feminists,  sort of. But women being meninists/MRAs? What the actual fuck #MRA #SemST",AGAINST,TARGET,NEGATIVE
906,Climate Change is a Real Concern,Artic Ice highest in 10 years for the month of June..yet no headlines.. #scam #SemST,AGAINST,TARGET,NEGATIVE
807,Climate Change is a Real Concern,Do #Catholics follow #God's word or this #Pope's ramblings?  #SemST,NONE,OTHER,NEGATIVE
10528,Feminist Movement,"EEWWW! Drawing attention to women's health issues like breast, ovarian, and uterine cancer?!!? #feminismiscruelty #SemST",AGAINST,TARGET,NEGATIVE
2625,Legalization of Abortion,I refuse 2comply w/Bad laws. Just Because #SCOTUS forced laws on us does NOT make them right. They force bad laws on us: #SemST,NONE,OTHER,NEGATIVE
1792,Hillary Clinton,@rebeccalipson  #freedom_justice_equality_education for innovation and development to make #happy_life i Utopia #SemST,NONE,OTHER,POSITIVE
2047,Hillary Clinton,"Why is HRC so popular?  This deceptive socialist accomplished nothing. Is only wife of an impeached President, who enabled UBL.   #SemST",AGAINST,TARGET,NEGATIVE
904,Climate Change is a Real Concern,[Man] cannot change the climate of any country; he adds no new element to the soil ~ Charles Darwin #anthropocene #SemST,AGAINST,TARGET,NEGATIVE
10788,Hillary Clinton,#HillaryClinton just cannot accept the fact that #America does not like her. #HillaryonCNN #BernieSanders #SemST,AGAINST,TARGET,NEGATIVE
20688,Donald Trump,"@KarenMonsour12 Thanks Karen, love this idea! #SemST",NONE,NO ONE,POSITIVE
2198,Hillary Clinton,"Folks, this is what happens when Liberals are in control! All hell breaks loose! Had enough yet? #SemST",AGAINST,TARGET,NEGATIVE
1954,Hillary Clinton,@JerseyKidPicks thank you sir. It's an honor to hear it. USA for life. Spread this for me. #RememberBenghazi2016 #SemST,NONE,OTHER,POSITIVE
2161,Hillary Clinton,"Dude, why can't Hillary run a fax machine?   #SemST",AGAINST,TARGET,NEGATIVE
2185,Hillary Clinton,@msnbc @Lawrence @JoeBiden @SenSanders  we love Joe and Bernie--but they ARE too OLD--they would end up a #OneTerm President #SemST,AGAINST,OTHER,NEGATIVE
715,Climate Change is a Real Concern,Observations on the atmosphere and oceans reflect the human influence in climate change via Dr. Dimitra Founda #rengreece #SemST,FAVOR,TARGET,NEITHER
10087,Atheism,Sometimes it's the broken heart that finds the truest path to love. #SemST,NONE,OTHER,POSITIVE
1547,Feminist Movement,"there's someone once told me - girls have to be quiet -, i've told him: really? . and i never been quiet since then. #SemST",AGAINST,TARGET,POSITIVE
1973,Hillary Clinton,@realDonaldTrump WHY IS IT THAT YOUR CLOTHING LINE IS MADE IN CHINA? Can U say Lier pants on fire? #morningjoe #unitedblue #SemST,NONE,OTHER,NEGATIVE
10447,Feminist Movement,Too bad the women carrying the trophies look like they're in the Robert Palmer Video. #FIFAWWCFinal #USAvJPN #SemST,AGAINST,TARGET,NEGATIVE
20521,Donald Trump,@OutFrontCNN @CNN u cant lift sanctions & then slap then back on right away. Who's that foolish? Or deceitful? #IranTalks #SemST,NONE,OTHER,NEGATIVE
2353,Legalization of Abortion,"RT @pari_passu: Dear Religious Right: I keep my uterus out of your church, so keep your church out my uterus. #SemST",FAVOR,TARGET,NEGATIVE
2170,Hillary Clinton,#AskPOTUS Would you fire the #GOP congress for not doing their job if you could? #GOPFail #SemST,AGAINST,OTHER,NEGATIVE
20541,Donald Trump,Muslim community chips in to help rebuild burned down churches #AllPeopleMatter #Globalist/ElitesVsThePeople  #SemST,NONE,OTHER,POSITIVE
2303,Hillary Clinton,/#Leftest #Hippocratic #Domecrats won't vote for #FineLady #MichellBachmann but will vote for #EmailScandal #Benghazi #Killary #SemST,AGAINST,TARGET,NEGATIVE
2786,Legalization of Abortion,#SCOTUS blocking part of our Texas Anti-Abortion law.  Maybe we should call them the Supreme Tyrant.  #tcot #tgdn #SemST,AGAINST,TARGET,NEGATIVE
10291,Climate Change is a Real Concern,A Very Good Discussion:Ruth Valerio @ARochaUK and Premier Radio's @revcindy1 on key issues affecting us in #Pope #Encyclical #SemST,NONE,OTHER,POSITIVE
2416,Legalization of Abortion,@ProWomanChoice forcing women to change their body's normal function is the epitome of controlling women. #SemST,AGAINST,TARGET,NEGATIVE
2455,Legalization of Abortion,"@WildChild69 Now you are not even sense. And, once again, abortion is not healthcare. With every abortion at least one human lies. #SemST",AGAINST,TARGET,NEGATIVE
2676,Legalization of Abortion,"@BarackObama celebrates ""equality"" while 3000 unborn babies were killed today. Let's talk about a real inequality sir #LifeEquality #SemST",AGAINST,TARGET,NEGATIVE
2637,Legalization of Abortion,They made same sex marriage legal but they won't make abortion illegal. What is wrong with this world?  #adamandevenotadamandsteve #SemST,AGAINST,TARGET,NEGATIVE
505,Atheism,DID YOU KNOW: The 2nd Amendment is in place 'cause politicians ignore the #CONSTITUTION. #PJNET #SOT #tcot #bcot #ccot #2ndAmendment #SemST,AGAINST,OTHER,NEGATIVE
1439,Feminist Movement,@staacy_weedy @levithekid2 @alexaa_Mccune that is true I can't compete with you #SemST,NONE,OTHER,NEGATIVE
11095,Legalization of Abortion,@meamhere It isn't going to happen. The LW and the RW have too many differences. #ForeignPolicy #HealthCareLegislation #Economics #SemST,NONE,OTHER,NEGATIVE
10935,Hillary Clinton,@HillaryClinton @TheDemocrats How many Xanax does this wretched bitch need to sleep at night? #SemST,AGAINST,OTHER,NEGATIVE
1382,Feminist Movement,Communists can relate to how we feel. #communist #faith #karlmarx #SemST,NONE,OTHER,NEITHER
10972,Legalization of Abortion,I get several requests with petitions to save whales but never to stop the slaughter of babies in the wombs of mothers. #abortion. #SemST,AGAINST,OTHER,NEGATIVE
20589,Donald Trump,#ExtremistProgressives are so #Focused on their #Agenda that they believe a #Inanimate #FlagKills but #MultitimeDeporteesDont #SemST,NONE,OTHER,NEGATIVE
382,Atheism,RT @IntrovertAngry: Too much #MinorityAppeasement in India. No room for #SemST,NONE,OTHER,NEGATIVE
2333,Legalization of Abortion,Follow #Patriot --> @Enuffis2Much.  Thanks for following back!!  #Truth #Liberty #Justice #ProIsrael #WakeUpAmerica #FreeAmirNow #SemST,NONE,OTHER,POSITIVE
199,Atheism,"10 Holy Mary Mother of God, pray for us sinners now and at the hour of our death. Amen. #rosary #teamjesus #SemST",AGAINST,OTHER,POSITIVE
761,Climate Change is a Real Concern,.@BlissTabitha I'm sure this Eco-Friendly Pope will remember to Turn-Off-the-Lights on his way out #LastPope  #PopeForPlanet  #SemST,FAVOR,TARGET,POSITIVE
2019,Hillary Clinton,@lbush34 @HillaryClinton just defending my girl Hillary! #SemST,FAVOR,TARGET,POSITIVE
924,Climate Change is a Real Concern,"A high emissions scenario would be a disaster for marine life, as well as for ourselves - Dr Williamson #SemST",FAVOR,TARGET,NEGATIVE
1284,Feminist Movement,Women who falsely accuse men of rape DO NOT care about exploting the suffering of real rape victims.  #GamerGate #SemST,AGAINST,TARGET,NEGATIVE
20181,Donald Trump,#TheFive Geraldo is an ass and when he spews his leftist BS he makes me sick TURNING OFF THE FIVE #TheFive #SemST,NONE,OTHER,NEGATIVE
1465,Feminist Movement,"*watching house of cards with my dad* ""I could be First Lady."" ""Why not president?"" ""YEAH DAD! Next woman president right here!""  #SemST",FAVOR,TARGET,POSITIVE
20322,Donald Trump,Honestly though @Macys you dumped Trump so now I'm dumping you. And I shop at your store A LOT. NOT ANYMORE BYE #SemST,AGAINST,OTHER,NEGATIVE
10626,Feminist Movement,"Now, I understand your a feminist and think that's adorable, but this grow up time and I'm the man here so run along. #SemST",AGAINST,OTHER,NEGATIVE
20299,Donald Trump,"crazy-speak & how often/many times it's repeated are NOT mutually exclusive; c'mon chris; don't YOU be lazy, too...  @chrislhayes #SemST",AGAINST,OTHER,NEGATIVE
10140,Atheism,What is the deal with #Christian people always needing to feel like they are persecuted? #ReligiousFreedom #tcot #SemST,FAVOR,TARGET,NEGATIVE
1759,Hillary Clinton,@TX_1 @politicalmath Then you know how slippery snakes slither over shards of glass! #SemST,NONE,OTHER,NEGATIVE
2687,Legalization of Abortion,Can we make sure #lovewins for babies too? Or nah... #SemST,AGAINST,TARGET,NEGATIVE
10164,Atheism,My prayer is that you live as long as you want and not want as long as you live. #longlife #SemST,AGAINST,OTHER,POSITIVE
424,Atheism,Thoughts go out to family who have lose someone in Tunisia shooting . So glad they shot him down on the spot! #terrorist #Tunisia #SemST,NONE,OTHER,POSITIVE
10729,Hillary Clinton,Education should not be a debt sentence! -Former State Representative Patricia Harper  #FellowsIA #SemST,NONE,OTHER,NEGATIVE
961,Climate Change is a Real Concern,Great meeting @balboalice and @CTwigg1 today to discuss Future Cities and how UK expertise can be shared & applied in #China #SemST,NONE,OTHER,POSITIVE
10665,Feminist Movement,"@fuckboyusagi : ATTENTION ALL FEMINISTS, FOLLOW #TumblrPosts #yesallwomen #THANKYOUELLENPAO #reddit #GamerGate #KILLALLMEN #LGBT #SemST",FAVOR,TARGET,POSITIVE
785,Climate Change is a Real Concern,We support Australia's Climate Roundtable which is providing a framework for sensible debate ahead of Paris @COP21 #SemST,FAVOR,TARGET,POSITIVE
20447,Donald Trump,"......and some, I assume, are good people. #SemST",AGAINST,OTHER,POSITIVE
10661,Feminist Movement,We celebrate the company of 50 great people & organisations. From #fiji-lovers #perfumers #ecowarrior #vegan #humanrights #healers #SemST,NONE,OTHER,POSITIVE
818,Climate Change is a Real Concern,"Road to #Paris2015 ""#ADP2015 co-chairs' new tool will be presented on July 24th"" @manupulgarvidal at @UN_PGA event on #SemST",NONE,NO ONE,POSITIVE
11027,Legalization of Abortion,"As a man, the only body I should have a say in is my own. #repealthe8th #rally4life #SemST",AGAINST,TARGET,NEGATIVE
10402,Feminist Movement,1 thing I learned from my job: doors leading 2 opportunity have a cover fee only the #privileged can afford #sadtruth #SemST,AGAINST,OTHER,NEGATIVE
2013,Hillary Clinton,@HillaryClinton Will #pervert #BillClinton be there if winner is teen girl? #HillaryClinton #Democrats #liberals #tlot #GOP #SemST,AGAINST,TARGET,NEGATIVE
427,Atheism,"On balance, religion does more harm than good.   #freethinker #SemST",FAVOR,TARGET,NEGATIVE
705,Climate Change is a Real Concern,It's hotter in Oregon then it is in California right now. #SemST,FAVOR,TARGET,NEITHER
20668,Donald Trump,@thehill it's called an ad hominem attack & it's used by people who know they can't win on the merits we r onto u congressman #SemST,NONE,OTHER,NEGATIVE
65,Legalization of Abortion,It is not progressive to try to resolve problems by eliminating a human life. - #PopeFrancis #SemST,AGAINST,TARGET,NEGATIVE
2565,Legalization of Abortion,The world is waking up to the fact that killing babies is wrong. No matter what. #ProLifeYouth #SemST,AGAINST,TARGET,NEGATIVE
20064,Donald Trump,"@mtngma @Crossbearer1956 @CarmineZozzora aren't they, though #SemST",NONE,NO ONE,NEITHER
20466,Donald Trump,Anybody figure out yet that Money don't make you happy #GOD does....if our Politicians would just listen to our Lord! #SemST,AGAINST,OTHER,POSITIVE
2832,Legalization of Abortion,"If 'tis not human beings in the womb, how do we harvest and transplant their organs onto human beings? #SemST",AGAINST,TARGET,NEGATIVE
449,Atheism,"@SWiSS is proud to announce @ShelleySegal will be guest of honor at this year's Halloween party, and Hunger Task Force food drive. #SemST",NONE,NO ONE,POSITIVE
2669,Legalization of Abortion,Equality in the states is a nice step forward to a better America. #ProudToLove #SemST,NONE,OTHER,POSITIVE
2173,Hillary Clinton,"Take it easy Ed, #BernieSanders is a side show. Democrats are having some fun before getting back to reality in Nov 2016.  #SemST",AGAINST,OTHER,NEGATIVE
10847,Hillary Clinton,@Levee_Breaks  The stench of low tide.is lasting NO! ===> #SemST,NONE,OTHER,NEGATIVE
2264,Hillary Clinton,"#SOCIALMEDIA is NOT for #sociopaths & #psychopaths. If you insult people u don't know, you are the above. Resign. #feelthebern #SemST",NONE,OTHER,NEGATIVE
2395,Legalization of Abortion,@mrsdrjim did you know #wrp @BrianJeanWRP tried to get personhood going via federal #motion312. #SemST,NONE,NO ONE,NEITHER
2074,Hillary Clinton,@HillaryClinton Yes! I am chipping in 5$ because we have faith in you. #SemST,FAVOR,TARGET,POSITIVE
10975,Legalization of Abortion,I do not want to bring a child into this dangerous patriarchy. But I want to feel pregnancy as an experience #PregnancyForAll #SemST,AGAINST,OTHER,NEITHER
1662,Feminist Movement,feminism appeared for ray rice domestic violence but disappear for hope sole's #doublestandards #SemST,AGAINST,TARGET,NEGATIVE
271,Atheism,RT @prayerbullets: Let the gates of my life and city be opened for the King of glory to come in -Ps. 24:7 #SemST,AGAINST,OTHER,POSITIVE
9,Hillary Clinton,"#StopHillary2016 @HillaryClinton if there was a woman with integrity and honesty I would vote for such as woman president, NO #SemST",AGAINST,TARGET,NEGATIVE
521,Atheism,I take of the water of life freely -Rev. 22:17 #SemST,AGAINST,TARGET,POSITIVE
10920,Hillary Clinton,@JessicaAndSandr I have 2 words for u  #Benghazi  #whitewater. She's morally questionable. We as women should demand better #SemST,AGAINST,TARGET,NEGATIVE
2202,Hillary Clinton,Those aren't pantsuits. They are camouflage outfits carefully tailored to minimize silhouette. Think stealthsuits.Very high tech. #SemST,AGAINST,OTHER,POSITIVE
58,Legalization of Abortion,Lmao my school thinks giving women the right to an abortion is against feminism. They don't know feminism #wtf #SemST,FAVOR,TARGET,NEGATIVE
1879,Hillary Clinton,"Just met an awesome supporter on the CX bus! He said ""Hillary is one strong woman and we need that for our country."" #FellowsNV #SemST",FAVOR,TARGET,POSITIVE
854,Climate Change is a Real Concern,"@DalydeGagne @2010redmittens Canada alone needs 2 invest $60 billion a year, paid for by efficiency #cdnpoli #environment #SemST",FAVOR,TARGET,NEITHER
287,Atheism,Religious leaders are like political leaders - they say what they think people want to hear.  #freethinker #SemST,FAVOR,TARGET,NEGATIVE
10436,Feminist Movement,"Welp. I just saw the infamous Radfem ""Protests"" at a Toronto MRA speech for the first time. Disgusting. #feminismiscruelty #SemST",AGAINST,OTHER,NEGATIVE
10677,Hillary Clinton,The white male vote is solidly GOP. The black vote is solidly DEM.  That leaves white females and brown ppl. #FeelTheBern #SemST,AGAINST,OTHER,NEGATIVE
20182,Donald Trump,Go back to focusing on brainless beauties... Oh wait you can't cuz you've been fired #NBC #youlose #sorrynotsorry #SemST,AGAINST,TARGET,NEGATIVE
1870,Hillary Clinton,RT @putterrod: @IngrahamAngle Republicans everywhere are looking for someone to lead. A leader not a liar. #SemST,AGAINST,TARGET,NEGATIVE
11191,Legalization of Abortion,@bradfischetti just wanted to say that I appreciate the pro life stance. A lot of celebrities are afraid to show a bold stance #LFO #SemST,AGAINST,TARGET,POSITIVE
108,Atheism,"Now that the SCOC has ruled Canadians have freedom from religion, can someone tell Harper to dummy his 'god bless Canada'. #cdnpoli #SemST",FAVOR,TARGET,NEGATIVE
1330,Feminist Movement,The meaning of peace is the absence of opposition to socialism. #GamerGate #SemST,NONE,OTHER,NEGATIVE
20548,Donald Trump,@realDonaldTrump keep it up Trump we love you #MakeAmericaGreatAgain #BoycottMacys #boycottnbc #SemST,FAVOR,TARGET,POSITIVE
20272,Donald Trump,@gbennettpost @jamiedupree No  #asstards!  America is dumping you! Trump's gonna put your dicks in the dirt! #SemST,AGAINST,TARGET,NEGATIVE
2772,Legalization of Abortion,@StevenWHawkins @AmnestyOnline & yet Amnesty advocates child murder! #SemST,AGAINST,TARGET,NEGATIVE
2183,Hillary Clinton,@AutumnNAlston @JonathanDKF @_sarah_babb_ @McCollumMike @HillaryClinton @HillaryforSC Inaugural tweet from our new account! Go #SemST,AGAINST,OTHER,POSITIVE
10564,Feminist Movement,The Dunhams would be the only reality show that would be a literal horror show. And the feminists would still watch it. #SemST,AGAINST,TARGET,NEGATIVE
11136,Legalization of Abortion,"I'm kind of scared for the elderly in our country. In a few years, we'll be aborting them too. #americathesocialist #SemST",AGAINST,TARGET,NEGATIVE
10533,Feminist Movement,"@NormaniKordei hi, can u pls rt this people need to know about this!!!!! #feminist #SemST",FAVOR,TARGET,POSITIVE
897,Climate Change is a Real Concern,"Everywhere we look, moderate weather seems to be going extinct. #robertredford #UN #SemST",FAVOR,TARGET,NEGATIVE
2619,Legalization of Abortion,"Why would a mother advice her daughter to abort?? Shame, responsibility, but truly is that the best advice?? #ItsNotOnItsNotSafe #SemST",AGAINST,TARGET,NEGATIVE
1222,Feminist Movement,"Well maybe if more men learned to take ""no"" as an answer, women wouldn't have to say as much #fnm231 #SemST",FAVOR,TARGET,NEGATIVE
10691,Hillary Clinton,Does #hillaryclinton lie and engage in cover-ups to do damage to the country or does she do it out of habit?  #tcot #uniteblue #SemST,AGAINST,OTHER,NEGATIVE
10342,Climate Change is a Real Concern,People need to wake up & realize what's happening to our earth  #hello #SemST,FAVOR,TARGET,NEGATIVE
1728,Hillary Clinton,"@Bluesaloon Women are not a demographic, we are at least 50% of the nation. So a woman is no more symbolic than a man #SemST",NONE,NO ONE,NEGATIVE
11109,Legalization of Abortion,Women ARE capable of making decisions #SemST,FAVOR,OTHER,POSITIVE
66,Legalization of Abortion,"RT @TheKeyisPrayer: ""No law can give me the right to do what is wrong.""  -Abraham Lincoln #SemST",AGAINST,TARGET,NEITHER
10352,Climate Change is a Real Concern,"Humanity is making #mother earth angry, that angriness is the reason for #SemST",FAVOR,TARGET,NEGATIVE
2692,Legalization of Abortion,WORLDWIDE R.E. Agents! - Support a ProLife Group (U-choose) at NoCost ProLifeRealEstate@Yahoo.com #SemST,AGAINST,TARGET,POSITIVE
10620,Feminist Movement,"The concept of #RapeCulture is a puerile, intellectually dishonest glorification of a crime by feminists.  #SemST",AGAINST,TARGET,NEGATIVE
10680,Hillary Clinton,"@RushetteNY @TwitchyTeam Hillary to press: ""Curtsy while you're thinking what to say, it saves time"" #throughthelookingglass  #SemST",AGAINST,TARGET,NEGATIVE
796,Climate Change is a Real Concern,A Dutch court has ruled that the gov must cut emissions under human rights law! Interesting. #climatejustice2015 #SemST,FAVOR,TARGET,POSITIVE
20353,Donald Trump,"If there was such a thing as the ""American"" Hitler. Donald Trump would probably be that guy. #nationalism #SemST",AGAINST,TARGET,NEGATIVE
10472,Feminist Movement,Having fabulous feminist conversations with Naoise Wheelan. #SemST,FAVOR,TARGET,POSITIVE
20546,Donald Trump,Liberals are winning the battle of the mind by indoctrinating low IQ & youth of #America through #MSM & social media #SemST,NONE,NO ONE,NEGATIVE
1253,Feminist Movement,"@Agratha Feminist logic:  ""Be awesome or you're a piece of shit"".  Nice.  You should learn what patriarchy means, dumb shit.  #SemST",AGAINST,TARGET,NEGATIVE
2820,Legalization of Abortion,@OnlineForLife thank you for the way you beautifully communicate the pro-life message. You all consistently blow me away. #SemST,AGAINST,TARGET,POSITIVE
743,Climate Change is a Real Concern,#Technology is a sign of how far we have come! The #ideology of #capitalism is a sign of how far we have to go! #Methodology #SemST,NONE,NO ONE,POSITIVE
1291,Feminist Movement,Women should come with a money-back guarantee. If this doesn't work out because you're a dumb bitch I should get my money back. #SemST,AGAINST,TARGET,NEGATIVE
20329,Donald Trump,Oreo frappie from Mcdonalds is the morning beverage of Champions.#wakeandbake #McDonalds #SemST,AGAINST,OTHER,POSITIVE
20630,Donald Trump,No you see Donald Trump was saying Mexican immigrants are all *rappists* like with the hip hop y'all  #Trump #SemST,FAVOR,TARGET,NEGATIVE
10188,Atheism,"God is good all of the time. All of the time, God is good! #YHWH #Yeshua #God #SemST",AGAINST,TARGET,POSITIVE
2096,Hillary Clinton,@Logan_RTW I agree with her previous stance; and I'm sure she still believes in what was said before. #SemST,AGAINST,TARGET,POSITIVE
11037,Legalization of Abortion,The #rally4life  shows yet again what little support these people have.  #repealthe8th #SemST,AGAINST,TARGET,NEGATIVE
103,Atheism,I am not conformed to this world. I am transformed by the renewing of my mind. #ISpeakLife #God #2014 #SemST,AGAINST,OTHER,POSITIVE
10989,Legalization of Abortion,Does the Gay Community support Abortion? #ProLifeYouth #LGBTPrideMonth #SemST,AGAINST,OTHER,NEITHER
10211,Atheism,"8 Holy Mary Mother of God, pray for us sinners now and at the hour of our death. Amen. #rosary #teamjesus #God #SemST",AGAINST,TARGET,POSITIVE
1368,Feminist Movement,Pop quiz: Whats the greatest fear of the oppressor? #humanrights #BlackLivesMatter #SemST,NONE,OTHER,NEGATIVE
10832,Hillary Clinton,@csham21 @EstadodeSats Thank you so much for supportive #Freedom4Cuba RTs! #WakeUpAmerica #Cuba #TodosMarchamos #SemST,NONE,OTHER,POSITIVE
10027,Atheism,"#JaganNathAzad, a #Hindu, was asked by founder of #Pakistan to write the first National Anthem. #SemST",AGAINST,TARGET,NEITHER
162,Atheism,True community is being able to disagree and still love one another. #roadtolife #SemST,NONE,NO ONE,POSITIVE
20472,Donald Trump,"@NBC to #Trump: ""HOW DARE YOU POINT OUT THAT OBAMA CAUSES 1000 GIRLS TO BE RAPED EVERY MONTH CROSSING INTO USA!""  #ccot #tcot #SemST",AGAINST,TARGET,NEGATIVE
10794,Hillary Clinton,@CNN @jimsciutto Good i'view #Brianna. #Hillary NOT responsible 4 slander/libel-lies r indefensible. WILL be next #POTUS. #SemST,AGAINST,TARGET,POSITIVE
20555,Donald Trump,"@GOP If you can not debate Trump, you should not be running for president. #backurbase. #SemST",FAVOR,TARGET,NEGATIVE
2605,Legalization of Abortion,"you have to live with that murder I am speechless with rage , hurt and complete disgust.Finding it V.hard to hold my tongue here #SemST",AGAINST,TARGET,NEGATIVE
269,Atheism,"As bad as it looks. As chaos reeks havoc. As dark as the days grow. God still and forever will ever be, always in control. #PHN #SemST",AGAINST,OTHER,POSITIVE
11030,Legalization of Abortion,"@MikeDury And don't forget, now ""Private clubs"" and organizations. AKA ~> #GirlScouts & #SemST",AGAINST,TARGET,NEITHER
20194,Donald Trump,I write separately to call attention to this Court's threat to American democracy - #ObergefellvHodges #AmericaIsScrewed #SemST,NONE,OTHER,NEGATIVE
895,Climate Change is a Real Concern,What can young people do about climate change? @ChangeAgentSA @Gen_Earth @EllaBellaC @missearth_sa  #youth #SemST,FAVOR,TARGET,NEITHER
105,Atheism,"And stay in your houses and do not display yourselves like that of the times of ignorance."" [Quran 33:33].#islam #SemST",AGAINST,OTHER,NEGATIVE
10078,Atheism,#KCA #VoteJKT48ID premierdigi: Are Facebook and Twitter good places to defend your faith? How do you communicate?   #christianity #d... #SemST,AGAINST,OTHER,NEGATIVE
2301,Hillary Clinton,@theblaze  Heaven forbid anyone invade the space of the Queen of Lies. -_- #SemST,AGAINST,OTHER,NEGATIVE
20511,Donald Trump,Dick Bove joins @ericbolling now to discuss the Greece financial crisis. #Hannity #SemST,NONE,OTHER,NEITHER
259,Atheism,@robeddy24: @NurseRatchets @ATHE1STP0WER Certainly...both Matthew and John were eyewitnesses  Liar   #lyingforjesus #SemST,FAVOR,TARGET,NEGATIVE
10632,Feminist Movement,@N4G that's what she gets for not knowing her place #KnowYourPlaceWomen   #FreeSpeech #SemST,AGAINST,TARGET,NEGATIVE
10675,Hillary Clinton,#mtp @meetthepress How is deleting emails -part of the government record -different from erasing parts of a tape? #nixon #p2 #SemST,AGAINST,OTHER,NEGATIVE
1333,Feminist Movement,Keep the fight going for justice in all our communities #LGBTRights #BlackLivesMatter #JusticeForMuslims #HispanicGirlsUnited #SemST,NONE,OTHER,POSITIVE
664,Climate Change is a Real Concern,@shalyn67 religion / race have already been disproven by reason and science. I wonder what we can do about politics #drought #SemST,NONE,OTHER,NEGATIVE
2824,Legalization of Abortion,The Constitution of Kenya 2010 is clear that abortion on demand is illegal.  #FIDA #SemST,AGAINST,TARGET,NEGATIVE
2462,Legalization of Abortion,RT @PinkGypsySoul: The single most important factor for women's advancement in society is our ability to control our fertility. #SemST,FAVOR,TARGET,POSITIVE
73,Legalization of Abortion,#cogar @RefCom_ie get more #questions on #d #ballott! #ireland's #dail is stuck. We'll #help! #drugswar #landwar #etc. #tanks #SemST,NONE,OTHER,POSITIVE
11001,Legalization of Abortion,"How many location-efficient, #affordablehousing units could the NYC metro (pop. 23M) create if it built over all of its cemeteries? #SemST",NONE,NO ONE,NEITHER
2214,Hillary Clinton,@CBSThisMorning Bernie Sanders had record crowds in Madison wis why no mention from you guys you talked about trump #Trump #SemST,NONE,OTHER,NEITHER
11060,Legalization of Abortion,@violencehurts @WomenCanSee The unborn also have rights #defendthe8th #SemST,AGAINST,TARGET,POSITIVE
10068,Atheism,I am human. I look forward to the extinction of humanity with eager anticipation. We deserve nothing less. #SemST,AGAINST,OTHER,POSITIVE
10102,Atheism,@godless_mom I like how Jesus is reduced to appearing on toast and photoshopped images and they still praise it. #SemST,FAVOR,TARGET,NEGATIVE
10983,Legalization of Abortion,Those who deny women who've been raped abortion are the same ppl who tell rape victims they asked for it. #rape #SemST,AGAINST,TARGET,NEGATIVE
2658,Legalization of Abortion,Why do we think we can outsmart #satan when he has been at it for over thousands of years? #scotus #marriage #isis #LoveWins #SemST,NONE,OTHER,NEGATIVE
126,Atheism,"When it comes to scientific discoveries, the #religious call them bullshit until their texts already knew it. #SemST",FAVOR,TARGET,NEGATIVE
10648,Feminist Movement,"Its true that not all radical feminists are ugly, however i'm sure their personalities make up for it.  #compensatingmuch #SemST",AGAINST,TARGET,NEGATIVE
1528,Feminist Movement,"@cathhayden ya but you said it ""sexily"" #yoga #sjw #vegan #SemST",AGAINST,OTHER,POSITIVE
2210,Hillary Clinton,EVERYDAY AMERICANS AND THEIR FAMILIES NEED A CHAMPION AND HILLARY WILL BE THAT CHAMPION.   #SemST,FAVOR,TARGET,POSITIVE
10354,Climate Change is a Real Concern,UK homes & buildings need to be adapted to higher temperatures Daniel Johns @theCCCuk #weetfEvents #adaptation #SemST,FAVOR,TARGET,NEITHER
2838,Legalization of Abortion,@wendydavis Pray?? You want me to PRAY that abortions and dangerous facilities remain unchecked?? #facepalm #SemST,AGAINST,TARGET,NEGATIVE
1267,Feminist Movement,@Fashionopolis You just gained a new follower! The #misogynist #maritalrapedebate views has got me outraged! #SemST,FAVOR,TARGET,POSITIVE
1535,Feminist Movement,RT @MandaReneK: Feminism: the belief that men and women should have equal rights and opportunities. #feminist #lovetheladies #sor... #SemST,AGAINST,TARGET,POSITIVE
1080,Feminist Movement,"I take some solace in knowing that, at least, it means they don't know who that useless hack is... @thehiredmind  #SemST",NONE,OTHER,NEGATIVE
708,Climate Change is a Real Concern,@theresa_beh I'm just happy he's telling the @gop to wise up RE: #SemST,NONE,OTHER,POSITIVE
731,Climate Change is a Real Concern,I Like learning in depth about nutrition/health @TEDTalks @NetflixUK #Disease #westerndiet  #Health   #agriculture  #SemST,NONE,OTHER,POSITIVE
2088,Hillary Clinton,It's official. Every single #GOP member is now a candidate for #POTUS. Who needs #leadership when you have a #soapbox? #SemST,AGAINST,OTHER,NEGATIVE
2030,Hillary Clinton,if Hillary wins the election there's a chance we might move to Australia. #HILLARY4PRES #SemST,AGAINST,TARGET,NEGATIVE
2076,Hillary Clinton,"Apparently, @BernieSanders fans don't like to see Hillary's name even implied.  #SheWhoShallNotBeNamedBecauseShesWinning #SemST",FAVOR,TARGET,NEGATIVE
10819,Hillary Clinton,A lot of #GOPHaters for #Hillary - so funny because she is beating them all at 40% #SemST,FAVOR,TARGET,POSITIVE
2884,Legalization of Abortion,If #BlackLivesMatter why not black babies in the womb? Somehow their lives don't matter.... puzzled with that one. #catholic #SemST,AGAINST,TARGET,NEGATIVE
1583,Feminist Movement,feminist response people wearing meninist clothes-  mock them or call them derogatory names? NOT A HATE GROUP ??? #SemST,AGAINST,TARGET,NEGATIVE
11202,Legalization of Abortion,@notmuchelse NO new human individual formed at conception! Full complement of human chromosomes unique individual DNA and alive. #SemST,AGAINST,TARGET,NEGATIVE
710,Climate Change is a Real Concern,Why is there no #CaptainPlanet movie??? Rt if u want one. #environment #planet #earth #SemST,NONE,OTHER,NEITHER
20054,Donald Trump,"You can change the laws of America, but you can never change the Law of God. Marriage is between a man and a woman. #SemST",NONE,OTHER,NEGATIVE
10642,Feminist Movement,@AmandaMarcotte do you love your cats more than you love men? Of course #SemST,AGAINST,TARGET,NEGATIVE
295,Atheism,RT @prayerbullets: I command all spirits of addiction to come out of my appetite in the name of Jesus. #SemST,AGAINST,OTHER,POSITIVE
716,Climate Change is a Real Concern,#Mission:#Climate @ home > Opt for reusable bags instead of plastic bags (by @gaiam) #Tip #ActOnClimate #SemST,FAVOR,TARGET,POSITIVE
20107,Donald Trump,RT @_CFJ_: RT @bcwilliams92 Let's get this CLEAR! I DID NOT I REPEAT DID NOT vote on TPP  ~ Ted Cruz #CruzCrew... #SemST,NONE,OTHER,NEGATIVE
1433,Feminist Movement,"History is ""his story;"" we need ""her story"" too! #SemST",FAVOR,TARGET,NEGATIVE
20610,Donald Trump,Trump's comments show he cannot be taken seriously. The fact he's polling high shows the party should not be taken seriously. #SemST,AGAINST,TARGET,NEGATIVE
10223,Climate Change is a Real Concern,@climasphere Stocker: Fish catch potential could drop by as much as 50% in some areas due to #oceanacidification. #CFCC15 #SemST,FAVOR,TARGET,NEGATIVE
1083,Feminist Movement,so i guess the new definition of ugly is believing in equal rights... LET ME BE UGLY THEN #SemST,FAVOR,TARGET,NEGATIVE
11219,Legalization of Abortion,"Hail (Mary), full of grace! The Lord is with you. (Luke 1:28) #SemST",AGAINST,OTHER,POSITIVE
20090,Donald Trump,"@ericbolling Juan says status quo is not working. Remember ""Detente or MAD? They worked! #SemST",NONE,OTHER,NEGATIVE
10253,Climate Change is a Real Concern,Eager to learn at the Modern Prosperity event at the @hfxpublib hosted by  @EcologyAction #carbonpricing #jobsjusticeclimate #SemST,FAVOR,TARGET,POSITIVE
2762,Legalization of Abortion,@nice_euna Its not only safe but contrally to the ten commandments... Thy shall not kill #ItsNotonItsNotSafe #SemST,AGAINST,TARGET,NEGATIVE
2138,Hillary Clinton,So you're used to the @AP calling for your approval before running a story @davidaxelrod?   #LikeHillary #HillaryEmails #SemST,AGAINST,TARGET,NEGATIVE
11077,Legalization of Abortion,if truth is a micro aggression 2 the left Why is name calling by the left not a mega hypocrisy? #UniteBlue #LibCrib #maddow #SemST,AGAINST,TARGET,NEGATIVE
1829,Hillary Clinton,Too many women in too many countries speak the same language  of silence. HILLARY CLINTON #HillaryCliton #Hillary4Women #SemST,FAVOR,TARGET,POSITIVE
10437,Feminist Movement,What's red and something all feminist should bite into? A brick now stfu #SemST,AGAINST,TARGET,NEGATIVE
584,Atheism,I receive Your lovingkindness every morning -Ps. 143:8 #SemST,AGAINST,TARGET,POSITIVE
2870,Legalization of Abortion,@Esmerald_Kiczek  Rock on girl!  We all know #AbortionIsMurder.   #SemST,AGAINST,TARGET,POSITIVE
20250,Donald Trump,Just watched @realDonaldTrump speech. How embarrassing for his family! Like that's a really bad dad moment  #SemST,AGAINST,OTHER,NEGATIVE
20030,Donald Trump,I am not sure who is coming from other countries but I will assume they must be bad cause I am rich. #SemST,NONE,TARGET,NEGATIVE
11069,Legalization of Abortion,AntiChoice laws say women can't make their own decisions  #SemST,AGAINST,TARGET,NEGATIVE
10325,Climate Change is a Real Concern,"#CSOTA is trending at #3 in Canada on Twitter Now w/ 3,800 Tweets from the #Climate Summit of the Americas! #sm #socialmedia #SemST",FAVOR,TARGET,POSITIVE
2125,Hillary Clinton,How can we expect u to make good financial decisions for the US if u can't manage ur own multimillion $ salary so ur not broke #SemST,AGAINST,OTHER,NEGATIVE
10887,Hillary Clinton,@HillaryClinton had a Legal obligation to prevent the destruction (preserve) Gov't & related documents (email). She didn't. #SemST,AGAINST,TARGET,NEGATIVE
2559,Legalization of Abortion,I can tell women what to do with their bodies  #ThingsYouDontSayAsAPolitician #SemST,AGAINST,TARGET,NEGATIVE
765,Climate Change is a Real Concern,@RileyRoder And yet James Inhofe tells us that global warming isn't real. #SemST,FAVOR,TARGET,NEGATIVE
2826,Legalization of Abortion,@FoxNews @BristolsBlog Not possible. #BristolPalin doesn't believe in #SemST,NONE,OTHER,NEGATIVE
1176,Feminist Movement,.@cooImemegirl @TC_Stompa You have no respect for real equality so you lie and claim feminists want it. #SemST,AGAINST,TARGET,NEGATIVE
20593,Donald Trump,"@BillKristol GOP, Dems & Media are all scared of Trump. I am thoroughly enjoying the hand-wringing and hysterical name calling. #SemST",FAVOR,TARGET,POSITIVE
798,Climate Change is a Real Concern,Population growth is only a problem because humans treat the earth like shit.  #govegan #environment #SemST,FAVOR,TARGET,NEGATIVE
204,Atheism,"There are two kinds of people on earth - they, who believe in Magic & Miracles & Myth (Oh my!) & we, who are Rational. Regards, an #SemST",FAVOR,TARGET,NEGATIVE
2763,Legalization of Abortion,Parents have left their role to the teachers! Parents need to have skills to reach out to their own children it's important! #SemST,NONE,OTHER,NEGATIVE
669,Climate Change is a Real Concern,"I don't want to be ""that guy"" but can we now make ""climate change denier marriage"" illegal? #MarriageEquaility #Idea #SemST",FAVOR,TARGET,NEGATIVE
1764,Hillary Clinton,"@tjhansen @owillis serious, if trump runs you'll get a trump tattoo? Calling the Donald!! #SemST",NONE,NO ONE,NEGATIVE
11240,Legalization of Abortion,@laurawrpie what do u call #teens hu got #pregnant even while ingesting contraceptives? success? Can a chaste girl get pregnant? #SemST,AGAINST,OTHER,NEGATIVE
10954,Hillary Clinton,So @HillaryClinton received a Subpoena to Testify & She ignored it! Is Hillary above The Law Now?  #SemST,AGAINST,TARGET,NEGATIVE
2688,Legalization of Abortion,@Caleb_Lopez760 it is legal bro and its #SemST,NONE,NO ONE,NEITHER
10015,Atheism,"Next time you hear someone say that our Founding Fathers intended a ""Christian Nation,"" show 'em those quotes. #SemST",AGAINST,TARGET,NEGATIVE
2358,Legalization of Abortion,"Good morning Patriots, let us continue to Pray for this great Nation and the #UnBorn on this great day God has given us!! #ccot #SemST",AGAINST,TARGET,POSITIVE
20643,Donald Trump,Apparently #Trump values riches so much he can't afford values. #Trumpelstiltskin #SemST,AGAINST,TARGET,NEGATIVE
569,Atheism,"Personally, I know many Christians who are #agnostic - John Simms #spirituality #stlouis #truth #reality #SemST",AGAINST,OTHER,POSITIVE
2079,Hillary Clinton,I think it's funny people think Bernie can take on Hillary and Bill #SemST,FAVOR,TARGET,NEGATIVE
984,Climate Change is a Real Concern,Tonight - Academy of Science talk Tech solutions for climate change with Prof. Barry Brook #cantorandballtowers #Canberra #SemST,FAVOR,TARGET,NEITHER
10966,Hillary Clinton,@mataharikrishna I'm loving it too! Draw that contrast!!! #SemST,NONE,OTHER,POSITIVE
2591,Legalization of Abortion,RT @Esmerald_Kiczek: Children are the greatest blessing which God has bestowed on man and woman. -Pope Francis #SemST,AGAINST,TARGET,POSITIVE
2024,Hillary Clinton,I got it! I got it!   A Hillary accomplishment!   She's managed to stay out of prison despite a 30-year crime spree. #tcot #ocra #SemST,AGAINST,TARGET,NEGATIVE
1762,Hillary Clinton,"Gov. Chafee, why are you trying to make fetch happen. It's not going to happen. #SemST",NONE,OTHER,NEGATIVE
487,Atheism,"Religion causes an arrested social development, which stopped having any sense centuries ago #SemST",FAVOR,TARGET,NEGATIVE
775,Climate Change is a Real Concern,Enjoying watching Sir David Attenborough and Obama talk about climate change mitigation #LoveNature #SemST,FAVOR,TARGET,POSITIVE
20619,Donald Trump,"Making matters worse, NBC canceling Apprentice replacing with Mind of Mencia reruns #comedycentral #NBC #SemST",NONE,OTHER,NEGATIVE
1999,Hillary Clinton,Madam President Clinton; you have all the gays vote. #jarrid #SemST,FAVOR,TARGET,POSITIVE
2361,Legalization of Abortion,Good morning @JustinTrudeau. Do you plan to tell @WadePEILiberal that women on PEI deserve the right to choose? #cdnpoli #peipoli #SemST,FAVOR,TARGET,NEGATIVE
1572,Feminist Movement,Can't find it in me to be friends with people who throw around the word 'slut' or judge women for being sexual beings. #Equality #SemST,AGAINST,TARGET,NEGATIVE
1585,Feminist Movement,"Feminists saying they are ""atheists/skeptics"" is quite a contradiction as they worship their own vulva.   #GamerGate #SemST",AGAINST,TARGET,NEGATIVE
153,Atheism,"@musical_seizure  It's very cool, but it's not evidence for any #god. Is that what you're implying?  #SemST",FAVOR,TARGET,NEGATIVE
2442,Legalization of Abortion,Idiot: how would you feel if your mom aborted you?  Me: nothing cause I would be fucking dead. #SemST,AGAINST,TARGET,NEGATIVE
1693,Hillary Clinton,"@ReformedBroker ""to da honies gittin money playing #bleep words like dummies"" #POPPA #SemST",NONE,OTHER,NEGATIVE
154,Atheism,Souls are so CONNECTED to their creator no matter how hard you tried to DISCONNECT #islam #SemST,AGAINST,OTHER,POSITIVE
218,Atheism,"Even if your MIND denied #God, your SOUL will no #islam #SemST",AGAINST,TARGET,NEGATIVE
11063,Legalization of Abortion,"#DefentThe8th? Why would I defend something that kills people? Remember #Savita, killed by Irish ""#prolife"" laws? #RepealThe8th #SemST",AGAINST,OTHER,NEGATIVE
2187,Hillary Clinton,@RobBently @JonahNRO @BernieSanders Hillary campaign  will shortly announce that Sanders was born in Canada. Yeah that's it. #SemST,AGAINST,OTHER,NEGATIVE
20152,Donald Trump,@thehill you continue to shoot yourself in the foot. I guess this is for entertainment purposes only! #SemST,NONE,NO ONE,NEGATIVE
11035,Legalization of Abortion,"AmandaKayHowell: Dear to who it may concern;""YOU stand up for my right to live.   #Baby #murder #RightToLife #unborn #wo... #SemST",AGAINST,TARGET,NEGATIVE
1936,Hillary Clinton,My liberty depends on you being free too. President Obama #SemST,NONE,OTHER,POSITIVE
29,Hillary Clinton,"March 8, 2016 Ohio is holding our Primaries! The date is subject to change. #Ohio #OurChampion #SemST",NONE,NO ONE,POSITIVE
10473,Feminist Movement,If you're a #feminist it's only because absolutely no one would shove their semi hard cock into you. Let that sink in. #SemST,AGAINST,TARGET,NEGATIVE
10195,Atheism,Azerbaijan: Pray for President Ilham Aliyev's salvation. #vom #pray #SemST,AGAINST,TARGET,POSITIVE
2393,Legalization of Abortion,"And do not kill ur children for fear of poverty. We provide for them & for u. Indeed, their killing is ever a great sin. #Quran #SemST",AGAINST,TARGET,NEGATIVE
1430,Feminist Movement,@FCKH8 is the poster child for why identity politics suck. #SemST,NONE,OTHER,NEGATIVE
994,Climate Change is a Real Concern,Rt easyprintitja: Rt FirstKingTre: Freak #rain in Kingston #Jamaica.. sudden #skuii876 #SemST,NONE,NO ONE,NEITHER
10260,Climate Change is a Real Concern,We are causing the ice masses of Earth to melt at an alarming rate. #SemST,FAVOR,TARGET,NEGATIVE
20522,Donald Trump,"@RealDonaldTrump I feel the truth when Mr. Trump speaking, people need to understand who really cares about America #SemST",FAVOR,TARGET,POSITIVE
10233,Climate Change is a Real Concern,grow food not lawns  Lawns are Ecocide in your yard. #Patriarchy is Ecocide of your own species #DominoEffect #SemST,FAVOR,TARGET,NEGATIVE
1432,Feminist Movement,"People say I'm a bit young to be into politics. But honestly, I just stand for what I believe in. #MarriageEquaility #coexist #SemST",NONE,NO ONE,POSITIVE
10767,Hillary Clinton,.@politicoroger It is 2015. You and the other high minded media are not more important than then story. Have a seat. #SemST,NONE,OTHER,NEGATIVE
10350,Climate Change is a Real Concern,#Mission:#Climate on the road > Fly less #Tip #EarthRightNow #SemST,FAVOR,TARGET,NEITHER
706,Climate Change is a Real Concern,Negative times a negative equals a positive...wonder if that applies to emotions too??? #manthoughts #sustainablehumans #SemST,NONE,NO ONE,NEGATIVE
1365,Feminist Movement,It's not about making women stronger. Women are already strong. It's about changing the way the world perceives that strength ! #SemST,FAVOR,TARGET,POSITIVE
10467,Feminist Movement,Want an amazing #SciFi show that completely passes the bechdel test? #Farscape. Well written characters and +3 to awesome. #SemST,NONE,OTHER,POSITIVE
1354,Feminist Movement,I need feminism because I can't walk three blocks without getting cat called and a man asking me to get in his car . #SemST,FAVOR,TARGET,NEGATIVE
10588,Feminist Movement,"Unless u have a health or physiological problem, u should not be proud of ur overweight body! #health #SemST",NONE,OTHER,NEGATIVE
10717,Hillary Clinton,@AppSame: Queen @HillaryClinton Was asked What she thought about @realDonaldTrump comments on illegals She Said LET ME EAT PIE #SemST,AGAINST,TARGET,NEGATIVE
10176,Atheism,@SaberinZe @TheBricsPost absurd like saying #nato membership will help #Russia #Pakistan is #islamist can't be friend of #india #SemST,NONE,OTHER,NEGATIVE
1454,Feminist Movement,#SignsYoureInTheUSA You are attacked by feminists who labels you the patriarchy for cooking sunny side up eggs  #SemST,AGAINST,TARGET,NEGATIVE
1602,Feminist Movement,@elllode BUT SHE RUNS IN HIGH HEELS #SemST,AGAINST,OTHER,NEITHER
1838,Hillary Clinton,".@GoldenTalon @johnmanko @CassandraRules  On the contrary, I am happy she will win. I enjoy seeing Liberal cities burn GO #SemST",FAVOR,TARGET,NEGATIVE
841,Climate Change is a Real Concern,We could do something...the question is will we says @PaulREhrlich #sustainability #SemST,FAVOR,TARGET,NEITHER
2712,Legalization of Abortion,I'm so glad this is Not My Home! #NMH #SCOTUSMarriage #ACA #SemST,NONE,OTHER,NEGATIVE
1387,Feminist Movement,One gay one straight. one male One female. One friendship. #Equality #Friends #SemST,NONE,NO ONE,POSITIVE
1859,Hillary Clinton,@BarackObama thanks for selling out all the workers who voted for you for pushing FastTrack #sellout #SemST,NONE,OTHER,NEGATIVE
2597,Legalization of Abortion,@crazygranny56 More #blacks killed by abortion than during #slavery #ConfederateFlag #SemST,AGAINST,TARGET,NEGATIVE
1360,Feminist Movement,Ruth_Blane: _AnAvgJoe_: RT Ruth_Blane: Ruth_Blane: Ruth_Blane: Ruth_Blane: ReverseDowry: RT manojmane: Take this !! #Feminazi #sc... #SemST,AGAINST,TARGET,NEGATIVE
2068,Hillary Clinton,"It's Monday night,do you know where your Hillary supporters are? In Rock Hill at our Amazing Phone bank! Come join!HillaryforSC #SemST",FAVOR,TARGET,POSITIVE
10749,Hillary Clinton,I just don't think we need an old white guy in the #WH - Who would his #VP be? voting for #SemST,NONE,OTHER,NEGATIVE
20155,Donald Trump,I'm confused?? An unarmed fugitive was shot this weekend while running from an officer.  No rioting? No dismissal? A hero?  #SemST,NONE,OTHER,NEGATIVE
2460,Legalization of Abortion,RT @alvedaking: The most disturbing thing we to this planet is to flood our streets with the #blood of #children from #HappyEarth... #SemST,AGAINST,TARGET,NEGATIVE
11016,Legalization of Abortion,Reading law cases on abortion rulings from the past 100 years is exhausting! #research #workhard #work #publichealth #SemST,AGAINST,OTHER,NEGATIVE
1013,Feminist Movement,YOU'RE A GIRL AND HAVE A SEX DRIVE!? YOU MUST BE A SLUT! #feminist #SemST,FAVOR,TARGET,NEGATIVE
1972,Hillary Clinton,@therealjenappel IM HIGH ON HASHTAGS RIGHT NOW I CANT HELP MYSELF #mypresident #SemST,NONE,OTHER,POSITIVE
20003,Donald Trump,@JeffYoung @ThePatriot143 I fully support full repeal. I will work for candidates who I believe will make it happen! #SemST,NONE,OTHER,POSITIVE
10886,Hillary Clinton,Voting Republican in 2016 gets you so much more than a free cellphone! #Election2016 #SemST,AGAINST,TARGET,POSITIVE
10281,Climate Change is a Real Concern,Follow @ClimatParis2015 for information on #CFCC15 - the climate change conference in Paris. #SemST,FAVOR,TARGET,NEITHER
1803,Hillary Clinton,@HillaryClinton I notice that you didn't condemn the lawless actions of the rioters. #SemST,AGAINST,TARGET,NEGATIVE
11243,Legalization of Abortion,The beauty of the morning seems ruined knowing abortion clinics open soon. Another day of 900+ lives lost to @PPact & friends.      #SemST,AGAINST,TARGET,NEGATIVE
20186,Donald Trump,Hey @MayorGregor thanks for letting a racist bigot build a giant tower with his name on it downtown. Real proud of ya. #SemST,AGAINST,TARGET,NEGATIVE
1225,Feminist Movement,"@__florencesmith Not ""if"" - women do have equal rights & feminists have made women more equal than men. Go read ""Animal Farm #SemST",AGAINST,TARGET,NEGATIVE
2708,Legalization of Abortion,The day that love will truly win is the day that the injustice known as abortion is abolished. #AllLivesMatter #SemST,AGAINST,TARGET,POSITIVE
10019,Atheism,"Mary, Queen of martyrs, pray for us. #Catholic #SemST",AGAINST,TARGET,POSITIVE
10923,Hillary Clinton,Ok now Latino are deciding who is going to be president of the US #Jeb2016 #DonaldTrump #Sanders2016 # #SemST,AGAINST,TARGET,NEGATIVE
250,Atheism,RT @GoldAnuli: God isn't as interested in what you're doing as He is in who you are becoming. #Bible #SemST,AGAINST,OTHER,POSITIVE
20703,Donald Trump,@realDonaldTrump we all want you as the next president !! You tell it has it is and not as a spineless politician! #SemST,FAVOR,TARGET,POSITIVE
2845,Legalization of Abortion,"Im against abortion & i stand by my opinion. No, its NOT just a mass of cells. #SemST",AGAINST,TARGET,NEGATIVE
1467,Feminist Movement,"@Noin007 though I'm not a girl so maybe I'm not  qualified to comment on women's issues, according to #SemST",AGAINST,TARGET,NEGATIVE
1029,Feminist Movement,"What do you say to a woman with two black eyes?  Nothing, she's already been told twice.   #SemST",AGAINST,TARGET,NEGATIVE
10259,Climate Change is a Real Concern,It's most exciting to witness a major development! @urgenda #SemST,NONE,NO ONE,POSITIVE
20166,Donald Trump,.@nbc ends relationship with @realDonaldTrump over his disgusting derogatory remarks. This man ha no place in the White House. #SemST,AGAINST,TARGET,NEGATIVE
501,Atheism,"@TIME You forgot, ""Release yourself from the binds of historical fiction. #SemST",AGAINST,TARGET,NEGATIVE
2449,Legalization of Abortion,@politicspizza @RebeccahLouise @ProLifeYouth women being independent and making their own CHOICES #SemST,FAVOR,TARGET,POSITIVE
20505,Donald Trump,@realDonaldTrump Everyone is afraid to put a plan on the table for fear they'll be called a racist...America deserves better #SemST,FAVOR,TARGET,NEGATIVE
2536,Legalization of Abortion,"#ProLifeYouth know that human life = human life, inside the womb or out. #SemST",AGAINST,TARGET,POSITIVE
10206,Atheism,"AtheistQ ""God's guidance is the only excuse for a man who can't find a better justification for his actions. #SemST",FAVOR,TARGET,NEGATIVE
970,Climate Change is a Real Concern,RT @fadoben60: When the rate of #Utilisation exceeds the rate of #Regeneration then it calls for #DEGRADATION. #michachallen... #SemST,NONE,OTHER,NEGATIVE
2843,Legalization of Abortion,U.S. Fed law does nothing to prevent killing of pre-born children even up til sec of birth or seriously address root causes of #SemST,AGAINST,TARGET,NEGATIVE
1843,Hillary Clinton,A proper introduction of Hillary Clinton should begin with five words: Will the defendant please rise #WhyImNotVotingForHillary #SemST,AGAINST,TARGET,NEGATIVE
20410,Donald Trump,"@rodrickgibbons @ByronYork @geoffcaldwell Maybe if we make it a Toll Bridge, we may recoup some of the welfare payments! LOL #SemST",AGAINST,OTHER,NEGATIVE
10009,Atheism,@SecularDutchess I'll be your huckleberry @DeanModified #SemST,AGAINST,OTHER,NEITHER
528,Atheism,"#AskBobby If you were president, would you institute the Christian version of Sharia Law?  #SemST",AGAINST,OTHER,NEITHER
237,Atheism,I stand for: #equality #fairness #HumanRights #logic #rational thought #freedom #freedomofspeech   I care  I am an #SemST,NONE,OTHER,POSITIVE
20600,Donald Trump,"@veriphile; Just Curious, Do You Follow @Montel_Williams? #SemST",NONE,NO ONE,NEITHER
20087,Donald Trump,@1962Kiser @FanOfGreenMMs @ericbolling @jhodnot that's the one heard it causes sterilization in dem voters. err lab rats #SemST,NONE,OTHER,NEGATIVE
768,Climate Change is a Real Concern,Bought media = advertising. Earned media = #socialmedia. Real causes do not have #botfollowers #environment #CrueltyFree #SemST,FAVOR,OTHER,NEGATIVE
27,Hillary Clinton,#Hillary to stop for #pizza today to garner the #Italian vote. #MSM is worthless. #libertynothillary #HillNo #SemST,AGAINST,TARGET,NEGATIVE
181,Atheism,Want to become #steadfast in the religion? Ponder upon the #Qur'an - it's one of the best means to acquire #steadfastness in the #SemST,AGAINST,OTHER,POSITIVE
1040,Feminist Movement,"@SirWilliamValen insulting, thinking you can make a switch like that. if it wasn't written for us, it wasn't for us #SemST",NONE,OTHER,NEGATIVE
10426,Feminist Movement,Julie Burchill dismissed male suicide as inconsequential because they are men. Her son killed himself this week - karma #SemST,AGAINST,OTHER,NEGATIVE
490,Atheism,God rejoices when we manifest a faith that holds Him to His Word. - Smith Wigglesworth Devotional #SemST,AGAINST,TARGET,POSITIVE
11238,Legalization of Abortion,@JujuChangABC abortions should never be illegal. It should be the pregnant person's choice. Especially if that person was rape #SemST,FAVOR,TARGET,NEGATIVE
20706,Donald Trump,Trump's outlandish statements is political strategy. No one can be that stupid. #GOP #Strategy #SemST,AGAINST,TARGET,NEGATIVE
2073,Hillary Clinton,@HillaryClinton Yes I can and will. #SemST,FAVOR,TARGET,POSITIVE
587,Atheism,Do you feel your ancient roots? Look around you. Everything is our brother and sister. #spirituality #SemST,AGAINST,TARGET,POSITIVE
433,Atheism,"#Lord Jesus, You are altogether lovely! O Lord #Jesus, You are altogether lovely! -LifeAndBuildingAsPortrayedInTheSongOfSongs  #SemST",AGAINST,TARGET,POSITIVE
2905,Legalization of Abortion,@ghhshirley Abortion Workers Charged with Manslaughter After Another Woman Dies From #SemST,AGAINST,TARGET,NEGATIVE
1118,Feminist Movement,@MsLuuna women don't need to shave. #SemST,FAVOR,TARGET,NEITHER
1224,Feminist Movement,#FSURHET protip. MAYBE familiarize yourself with recent trending topics....#Meninist #BlackLivesMatter #BaltimoreRiots #SemST,NONE,OTHER,NEGATIVE
636,Climate Change is a Real Concern,Great to hear @dannyksfun @kdeleon remind us #diversity needed for best #innovation #ESS15 #americaknowshow #SemST,NONE,OTHER,POSITIVE
973,Climate Change is a Real Concern,@shalomshuli I'm guessing there was a lot less humidity back in the time of Moses. #SemST,FAVOR,TARGET,NEGATIVE
2744,Legalization of Abortion,@WildChild69 @AnnieJMJ @binghamrk Jesus says to trust him in ALL things not to put trust in men or the world. #SemST,NONE,OTHER,NEGATIVE
20431,Donald Trump,"@realDonaldTrump don't care what anybody says. In November 2016, you will have my vote. Where can I get your bumper sticker?? #SemST",AGAINST,TARGET,POSITIVE
10864,Hillary Clinton,"@AndreaTantaros Clinton privilege transcends white privilege, rock star privilege, NFL privilege & intergalactic alien privilege. #SemST",AGAINST,TARGET,NEGATIVE
20172,Donald Trump,@politico is there anybody more sue happy than this fool? #trump #lawsuitabuse #SemST,AGAINST,TARGET,NEGATIVE
91,Legalization of Abortion,I refuse to let people like you shame and insult women for accessing healthcare. Sorry. Just no.  #SemST,FAVOR,OTHER,NEGATIVE
20293,Donald Trump,"@WashTimes @billpostmus #CONGRESS approve this already! Let President veto, then overturn his veto. #SemST",AGAINST,OTHER,POSITIVE
11042,Legalization of Abortion,@JaxLeSigh @ProWomanChoice u dont know using #NaturalFamilyPlanning will not have the same effect as birth spacing? #SemST,AGAINST,TARGET,NEGATIVE
10369,Climate Change is a Real Concern,"If we want a future for our/Canadian kids we all need to seriously wake the fuck up,No more talk only action #Harper  #SemST",FAVOR,OTHER,NEGATIVE
778,Climate Change is a Real Concern,"The natural world is part of our inheritance, we have to protect it  @Sir_Attenboroug with @POTUS on #BBC #Earth #SemST",FAVOR,TARGET,POSITIVE
20236,Donald Trump,It's funny when politics seem like farce. Not so funny when politics becomes farce. #SemST,AGAINST,OTHER,NEGATIVE
20125,Donald Trump,@marypatriott @steph93065 @RealJamesWoods why not feed these disgusting s.o.b to the Muslims they would love em. #SemST,NONE,OTHER,NEGATIVE
1146,Feminist Movement,@foreigncorrespo I'm never bored. Ppl who easily get bored - like you profess to be - are generally boring. It's a weak wimp-out. #SemST,NONE,OTHER,NEGATIVE
1727,Hillary Clinton,Chipotle employees shouldn't complain Hillary left nothing in the tip jar. They're lucky she didn't dip in and help herself #SemST,AGAINST,TARGET,NEGATIVE
98,Legalization of Abortion,I love how #liberals only accuse #conservatives of war on women when we don't want to fund #SemST,AGAINST,TARGET,NEGATIVE
592,Atheism,"Give us this day our daily bread, and forgive us our sins as we forgive those who sin against us. #rosary #God #teamjesus #SemST",AGAINST,TARGET,POSITIVE
20576,Donald Trump,@GovernorPerry @realDonaldTrump not true Perry! Don't count on me or anyone in my family for a vote. You need to stop being PC. #SemST,AGAINST,TARGET,NEGATIVE
1791,Hillary Clinton,@NatureGuy101 @MaryMorientes   Support encourage #HillaryClinton president #UnitedStates world is success of women in  world #SemST,FAVOR,TARGET,POSITIVE
2197,Hillary Clinton,It's great that @JebBush supports GMO crops. It's like the IT scepticism all over again. Science vs belief. #JebBush #SemST,AGAINST,OTHER,POSITIVE
1138,Feminist Movement,people actually brag about how dank their shatter wax shit is on instagram pls kill me #lol #dabs #wax #420 #SemST,NONE,OTHER,NEGATIVE
10479,Feminist Movement,"I'm not a feminist, I believe in equality of the sexes! THATS EXACTLY WHAT FEMINISM IS #SemST",FAVOR,TARGET,NEGATIVE
2554,Legalization of Abortion,Thr r no rights w/o responsibilities. The rt 2 bodily autonomy comes w/ the responsibility 2 care 4 1's unborn child #ProLifeYouth #SemST,AGAINST,TARGET,NEGATIVE
503,Atheism,Two hands working can do more than a thousand clasped in prayer. - Madalyn Murray O'Hair #SemST,AGAINST,TARGET,POSITIVE
20297,Donald Trump,It's truly amazing just how many people Donald Trump is making complete & utter fools of. Gotta love it :) #MurderersAndRapists #SemST,AGAINST,TARGET,POSITIVE
10351,Climate Change is a Real Concern,Edenhofer: Carbon pricing is needed but not sufficient. we need complementary policies to counter #coal renaissance & #CFCC15 #SemST,FAVOR,TARGET,NEGATIVE
11144,Legalization of Abortion,".@JessieLosch There is no such thing as a ""safe & alive"" abortion because every abortion that goes as intended leaves >= 1 dead #SemST",AGAINST,TARGET,NEGATIVE
10276,Climate Change is a Real Concern,Counting down the days until my PhD starts #77 #tephrochronology #southernhemisphere  #chronology #oxford #SemST,NONE,OTHER,POSITIVE
2196,Hillary Clinton,It's what's best for business and presidential seat for #HillaryClinton  #SemST,AGAINST,OTHER,POSITIVE
20188,Donald Trump,"@realDonaldTrump I am sorry Mexico sends people like Dylan Roof, Mitchelle Blair and David Sweat to the USA. #enemywithin #SemST",AGAINST,TARGET,NEGATIVE
11059,Legalization of Abortion,I'll celebrate #IndependenceDay when EVERYONE in this country is equally free & not living in fear & poverty! #EqualityForAll #p2 #SemST,AGAINST,TARGET,NEITHER
10786,Hillary Clinton,7 years ago this month #POTUS released his groundbreaking First Americans tribal policy platform. You're up #Election2016 #SemST,NONE,OTHER,NEGATIVE
2355,Legalization of Abortion,The Democrats just gave the most chilling reply when asked if they support aborting 7-pound babies #SemST,AGAINST,TARGET,NEGATIVE
20633,Donald Trump,"@realDonaldTrump they may be dumping you now, but when you're president they'll be begging for your business. #SemST",FAVOR,TARGET,NEITHER
11181,Legalization of Abortion,@notmuchelse And accepting with love any children arising from Union of marriage or at least taking responsibility for life created #SemST,AGAINST,TARGET,POSITIVE
10133,Atheism,"Mark 8.36-38.KJV  For what shall it profit a man, if he shall #gain the whole #world, and lose his own #soul?..."" #Pray #Love #SemST",AGAINST,TARGET,NEGATIVE
2464,Legalization of Abortion,"RT @spicysandwich: Say it again for me one time!  Anti-abortion laws only lead to unsafe, illegal abortions! #SemST",FAVOR,TARGET,NEGATIVE
20580,Donald Trump,@realDonaldTrump You have the heart of a lion! Let's make America great again! #SemST,FAVOR,TARGET,POSITIVE
421,Atheism,Good morning. Praise the LORD; For His mercy endures FOREVER!!! #Repent #USA #JesusIsLord #Hallelujah #PraisetheLord #homosexuality #SemST,AGAINST,OTHER,POSITIVE
1355,Feminist Movement,WOW.  Why is gay marriage legal but LESBIAN marriage isn't?!  WHAT THE FUCK @POTUS FIX THIS NOW #SemST,NONE,OTHER,NEGATIVE
833,Climate Change is a Real Concern,@stiNgo100 Weather patterns evolving very differently over the last few years..  #SemST,FAVOR,TARGET,NEITHER
1151,Feminist Movement,They want equality but what they're doing is overpowering men. #feminazi #SemST,AGAINST,TARGET,NEGATIVE
2285,Hillary Clinton,"YAAAS, Hillary! @TsarRhys wins best dressed here at the #Merrimack 4th of July parade! #HillaryforNH #SemST",AGAINST,OTHER,POSITIVE
1563,Feminist Movement,"As a child, had to 'recycle' own socks from festering laundry heap, as feminist mother says ""I'm not your slave! #SemST",AGAINST,OTHER,NEGATIVE
11227,Legalization of Abortion,So the #Democrats tore down their OWN #ConfederateFlag NOW if they get rid of THEIR #KKK #blackpanthers #alsharpton #hate #SemST,NONE,OTHER,NEGATIVE
20408,Donald Trump,I love the Mexican people but they're smarter than us we MUST stop them! #SemST,AGAINST,OTHER,NEGATIVE
10452,Feminist Movement,@atheena99 @dopee_curlyy i don't even know what to say to that. You're content with being paid less and not treated like an equal? #SemST,AGAINST,TARGET,NEGATIVE
20211,Donald Trump,IF Trump could build the WALL it would provide jobs & also B a tourist attraction & pay 4 itself LEGALS arent the ones offended! #SemST,FAVOR,TARGET,NEGATIVE
1785,Hillary Clinton,Great to see my mentor @RepSusanDavis at #DCinSD. And she's right we have the most qualified candidate ever running for POTUS. #SemST,FAVOR,TARGET,POSITIVE
211,Atheism,"For every tree is known by his own fruit. For of thorns men do not gather figs, nor of a bramble bush gather they grapes. Luke 6:44 #SemST",AGAINST,OTHER,POSITIVE
11022,Legalization of Abortion,@Independent_ie No one has 5he right to tell any person what they should do with their body #SemST,AGAINST,TARGET,NEGATIVE
1702,Hillary Clinton,"Problem with #libertarian is it's not even a decreed party. A house devided against itself, will not stand. think this news to #SemST",NONE,OTHER,NEGATIVE
2732,Legalization of Abortion,It should never ever be legal to have an abortion because murder is wrong & #AbortionIsMurder not #healthcare . We Must . #SemST,AGAINST,TARGET,NEGATIVE
194,Atheism,Kip laughing as shed my tears... BT we all know what's gonna hpn in d end #ChildOfGod #SemST,AGAINST,OTHER,POSITIVE
1312,Feminist Movement,"RT @LZats: Do you know what women should stop wearing after age 30? Nothing. Women can wear whatever they want, no matter how old. #SemST",FAVOR,TARGET,NEGATIVE
20309,Donald Trump,I'm voting for Donald Trump ! #SemST,AGAINST,TARGET,POSITIVE
1736,Hillary Clinton,I would LMAO if some negro Democrat decides to run for President. #HillaryClinton2016 #HillarysBigAnnouncement #HillarysDonors #SemST,AGAINST,TARGET,NEGATIVE
1790,Hillary Clinton,@readyforHRC   Support encourage #HillaryClinton president #UnitedStates world is success of women in  world #SemST,FAVOR,TARGET,POSITIVE
20503,Donald Trump,@realDonaldTrump @ericbolling GOP wants to discredit Mr. Trump and his reputation clean like diamonds #usa #SemST,FAVOR,TARGET,NEGATIVE
458,Atheism,The enemy will not be threatened by your faith until you decide to live by it. #SemST,AGAINST,TARGET,POSITIVE
1707,Hillary Clinton,This is not her first time at the rodeo!  @HillaryClinton doesn't care who likes her or not This woman is on a mission #Tough #SemST,FAVOR,TARGET,POSITIVE
20080,Donald Trump,"We the people has become ""We the sheeple""  #SemST",NONE,OTHER,NEGATIVE
10093,Atheism,"Keep flowinz az da windz~ blend, bend and never break! #SemST",NONE,OTHER,POSITIVE
1414,Feminist Movement,Just watched Mad Max: Fury Road.  Amazing! Everything! And as a woman watching this film... Amazed. #MadMaxFuryRoad #SemST,NONE,OTHER,POSITIVE
76,Legalization of Abortion,Whether someone wants to have children or not should be completely up to the person carrying that pregnancy... #SemST,FAVOR,TARGET,POSITIVE
10166,Atheism,Man this is going to test me..  Giving all my prayers and questions to The Lord and Savior Jesus Christ.. He will guide me! #hope #SemST,AGAINST,TARGET,POSITIVE
1733,Hillary Clinton,@JSavoly @tedcruz Here ya go teddy boy..the world is getting HOTTER!! It's called GLOBAL WARMING!!  You're such a PUTZ!! #SemST,NONE,OTHER,NEGATIVE
10945,Hillary Clinton,"@szabosolicitors Thanks for the follow counselor, may God bless you and your family !  #freeallfour #SemST",NONE,OTHER,POSITIVE
1482,Feminist Movement,Ignoring peer-reviewed research and empirical evidence is such a feminist thing to do. #GamerGate #NotYourShield #SemST,AGAINST,TARGET,NEGATIVE
1919,Hillary Clinton,My sexy daddy Obama had two wins this week. Happy for him & democrats   #SemST,NONE,OTHER,POSITIVE
2162,Hillary Clinton,@jimlibertarian @peddoc63 @Callisto1947 @MaydnUSA @c5hardtop1999 @surfermom77 @SMolloyDVM That's right! #SemST,AGAINST,TARGET,POSITIVE
1042,Feminist Movement,I believe that every women should have their own rights!! #SemST,FAVOR,TARGET,POSITIVE
726,Climate Change is a Real Concern,"Today is June 27th and it's 66 degrees out, wtf. #takeme2thecarribean #anywhereneartheequator #SemST",FAVOR,OTHER,NEGATIVE
1724,Hillary Clinton,"Yes, do tell US, name one of her accomplishments #SemST",AGAINST,TARGET,NEGATIVE
2457,Legalization of Abortion,"RT @Singerman2000: Government  has exceeded its necessary size, scope and reach into the lives of its citizens. #Armenia... #SemST",NONE,OTHER,NEGATIVE
20228,Donald Trump,"Notice @realDonaldTrump not saying anything on #CarlosSlim . Not so rich or tough now, huh? Yeah, forgot he's #Mexican huh  #SemST",AGAINST,TARGET,NEGATIVE
2678,Legalization of Abortion,"Now that the govt and The Supremes have saved the gays, maybe they will save the babies next. #SemST",AGAINST,TARGET,NEGATIVE
2315,Legalization of Abortion,"Democrats are always AGAINST ""Personhood"" or what they perceive to be legislation to recognize #Personhood. Always. #Colorado #SemST",AGAINST,TARGET,NEGATIVE
89,Legalization of Abortion,It is so much fun having younger friends who are expecting babies. #beentheredonethat #chooselife #SemST,AGAINST,TARGET,POSITIVE
1749,Hillary Clinton,"If Hillary will lock Americans in classrooms during her campaign, she'll have no problems locking us all up whenever she wants. #SemST",AGAINST,TARGET,NEGATIVE
1656,Feminist Movement,@fingilgun and the sad part is they dont they hate people with their own thought experiences and worse of all voice #SemST,AGAINST,OTHER,NEGATIVE
591,Atheism,"Tomorrow is promised to no one, so cherish the people #God has placed in your life today! #SemST",AGAINST,TARGET,POSITIVE
10839,Hillary Clinton,It's a beautiful day for phone banking at the Hill House on 1529 Richland Street! Join us tonight at 6PM! @HillaryforSC #SemST,FAVOR,TARGET,POSITIVE
42,Hillary Clinton,@NBCNews Stop promoting @HillaryClinton. She is a liar. Just like her impeached husband. #WakeUpAmerica  #SemST,AGAINST,TARGET,NEGATIVE
241,Atheism,"RT @FollowDMS: ""Ask and it will be given to you; seek and you will find; knock and the door will be opened to you. -Matt 7:7 #SemST",AGAINST,OTHER,POSITIVE
10226,Climate Change is a Real Concern,"@climasphere Bony: Extreme weather events (heat waves, drought, flooding, windstorms) made more frequent/intense by #CFCC15 #SemST",FAVOR,TARGET,NEITHER
2771,Legalization of Abortion,Hadn't seen October Baby until the other night. Had me crying thru the whole thing...I don't cry at movies. So touching! #adoption #SemST,AGAINST,OTHER,POSITIVE
10979,Legalization of Abortion,I #DenounceHarper because his religious ties are responsible for the #MarchForLife anti-choice rallies on Parliament Hill. #SemST,AGAINST,TARGET,NEGATIVE
2644,Legalization of Abortion,So can unborn children have rights now? #SemST,AGAINST,TARGET,NEGATIVE
1189,Feminist Movement,"So, I'm following @rgay's lead & embracing the term #badfeminist. I'm too far from perfect and still learning. #SemST",FAVOR,TARGET,NEGATIVE
2767,Legalization of Abortion,"@LadySandersfarm love is only love if it's on her terms. Keep your faith in Jesus, He is your Anchor in this storm. Hebrews 6:19  #SemST",NONE,NO ONE,POSITIVE
56,Legalization of Abortion,Life is our first and most basic human right. #SemST,AGAINST,TARGET,POSITIVE
2034,Hillary Clinton,"@CidEloisa @DiggingLamb Thank you so much for RTs and FAVs, Eloisa and Thomas!!! #WakeUpAmerica #SemST",NONE,NO ONE,POSITIVE
20422,Donald Trump,Spending my fourth at taqueria with some homies. #murica  #SemST,AGAINST,OTHER,POSITIVE
10077,Atheism,"Heaven and earth will pass away, but My words will not pass away. Matthew 24:35 #Tworship #SemST",AGAINST,OTHER,POSITIVE
10726,Hillary Clinton,@WashTimes This is indefensible! One of the dumbest things I have ever seen a campaign do. Even the left was outraged by this.  #SemST,NONE,OTHER,NEGATIVE
127,Atheism,You can look at others with envy or look to God and focus on what He's calling you to become. Dream Kingdom-sized dreams. #Focus #SemST,AGAINST,OTHER,POSITIVE
514,Atheism,RT @Behold_TheLamb: There is nothing to worry about if you have trusted Jesus Christ alone as your Savior for your sins. #FriendOfSi... #SemST,AGAINST,TARGET,POSITIVE
20323,Donald Trump,a clown who wants to be president #youcantdoit #MexicansAreChidos #SemST,AGAINST,OTHER,NEGATIVE
20137,Donald Trump,"...And of course, God bless America!! #tcot  #teaparty  #SemST",NONE,NO ONE,POSITIVE
2348,Legalization of Abortion,"Anti-vaxxers are such an idiotic bunch... Seriously, guys. Vaccinate. Your. Kids. #stopsb277 #conformcomics #marvel #dc #SemST",NONE,OTHER,NEGATIVE
2274,Hillary Clinton,@frodofied SO? THt will NEVER erase their support of DOMA & silence on #LGBT #LGBTQ rights until it is politically aventageous. #SemST,AGAINST,OTHER,NEGATIVE
20345,Donald Trump,Stop thinking you can walk around talking reckless in the end it will bite you in the ass #Dontjudgeme #SemST,AGAINST,TARGET,NEGATIVE
20102,Donald Trump,"IRS + Hillary Both ""Lost"" Government Emails: This Situation is as Clear as Day - The #Obama Admin is Destroying Evidence! #SemST",NONE,OTHER,NEGATIVE
2495,Legalization of Abortion,Listening to @reggielittlejhn speak about her work leading #WomensRights Without Frontiers. So inspiring! @AUL @JeanneaneMaxon #SemST,NONE,OTHER,POSITIVE
1688,Hillary Clinton,@NACLA @BrasilWire SOS OBAMA Who?? @BarackObama ?? :-))))  Are you joking? #StopDilma #StopLula #StopForodeSaoPaulo #SemST,NONE,OTHER,NEGATIVE
1742,Hillary Clinton,marijuana? marijuaage equality?? coincidence i think nOT!!11! #SemST,NONE,OTHER,NEGATIVE
10957,Hillary Clinton,@SaysMissy HRC takes us Americans for mindless fools!! How insulting! #PJNET #OiP #SemST,AGAINST,OTHER,NEGATIVE
1989,Hillary Clinton,@HillaryClinton You have proven your dishonesty once again in flip flopping on this issue. People know you were opposed before. #SemST,AGAINST,TARGET,NEGATIVE
20264,Donald Trump,"RT @BlissTabitha ""Never quite works out that way huh?  #GlobalWarming HOAX #MediaMalpractice #SemST",AGAINST,TARGET,NEGATIVE
20258,Donald Trump,I just cancelled my reservation at the Trump hotel in Las Vegas.  I hope like minded people intolerant of bigots do the same #SemST,AGAINST,TARGET,NEGATIVE
10990,Legalization of Abortion,It's sad to see so many people getting their values from Hollywood rather than the Holy Scriptures.  #ProLifeYouth #SemST,AGAINST,TARGET,NEGATIVE
10155,Atheism,@Pseud0_Anon @SuhaibSaqib1 very true. Raising awareness and compassion is our goal. #SemST,NONE,OTHER,POSITIVE
11246,Legalization of Abortion,"For he who avenges blood remembers, he does not ignore the cry of the afflicted. ~ Ps 9:12 #comequicklyLordJesus #SemST",AGAINST,TARGET,NEITHER
10435,Feminist Movement,"Apparently #YesAllWomen who ""don't need no man"" never drive a car, turn on a light switch, or drink clean water. #SemST",AGAINST,TARGET,NEGATIVE
2825,Legalization of Abortion,"What a great 7 days to be an American, especially a Texan. #SCOTUS  #LoveWins #Obamacare  #SemST",FAVOR,OTHER,POSITIVE
20634,Donald Trump,@realDonaldTrump Don't let the @GOP tell you how to run!  #America doesn't need another politician.  #MakeAmericaGreatAgain only #SemST,FAVOR,TARGET,POSITIVE
2501,Legalization of Abortion,We must provide demonstrated sexual training as a preparation for marriage. From THE COMING WOMAN #sexed #marriage #books #SemST,NONE,OTHER,POSITIVE
1137,Feminist Movement,Want revenge for being a slut?  Cry rape.  Then lie to the world and carry a mattress with you.  #rape #UglyFeminist #SemST,AGAINST,TARGET,NEGATIVE
20147,Donald Trump,@thereaIbanksy stop making racist peopld rich! #SemST,NONE,OTHER,NEGATIVE
2858,Legalization of Abortion,"In #scotus majority opinion, substitute abortion for capital punishment, and you have the opinion for the Texas clinic case. #SemST",AGAINST,TARGET,NEGATIVE
1447,Feminist Movement,"Goldstein is the #SanFrancisco City Archivist, she asks ""Where are the women in the history of our city?"" #alaac15 #archives #SemST",FAVOR,TARGET,NEGATIVE
1582,Feminist Movement,#HowToBeUnhappyLikeAFeminist?  Feminists fill their conversations with gossip & HATE AKA #killallmen.  #GamerGate #SemST,AGAINST,TARGET,NEGATIVE
940,Climate Change is a Real Concern,".@solarimpulse I see this pick up on the rwy with the ""Follow me Andr"" sign... It should be the other way round ! #SemST",NONE,OTHER,NEGATIVE
10181,Atheism,Bless those with a broken soul #SemST,AGAINST,TARGET,POSITIVE
10076,Atheism,"If Jesus is present, it is impossible for your situation/environment to remain a desolate place! #Joy #Victory #NewThings #SonTalk #SemST",AGAINST,OTHER,POSITIVE
1606,Feminist Movement,"People think because I'm a feminist I hate men. No I'm a feminist, I believe in equality for all. #EqualityForAll #SemST",FAVOR,TARGET,NEGATIVE
2556,Legalization of Abortion,@JustinTrudeau I also support Men's wrongs as well as Women's rights #Standforchoice #womensrights #SemST,FAVOR,TARGET,NEGATIVE
216,Atheism,My heart and prayers go out to the city of Baltimore. I can only hope for clarity and resolution for the people of that city. #SemST,AGAINST,OTHER,POSITIVE
1453,Feminist Movement,"@it_is_cancer @fat_tush categorizing homelessness as a ""job"". #SemST",NONE,OTHER,NEGATIVE
20217,Donald Trump,@ChristieC733  YES DONALD U R 100% CORRECT' as long as u stay the coruse and don't pander to GOP U GOT MY VOTE #SemST,FAVOR,TARGET,POSITIVE
1598,Feminist Movement,When did people without taste buds decide to ban tasty food?  Welcome to Sex-Negative Feminism   #GamerGate #SemST,AGAINST,TARGET,NEGATIVE
263,Atheism,"If you seek nothing but the will of #God, He will always put you in the right place at the right time. #SemST",AGAINST,TARGET,POSITIVE
10695,Hillary Clinton,The ropes might keep people back now Hillary but You WILL answer to americans come debate time you coward. #tcot #RedNationRising #SemST,AGAINST,OTHER,NEGATIVE
2837,Legalization of Abortion,Gets rid of a daughter and pretends she never existed. #ParentTrapPlot or #SemST,AGAINST,TARGET,NEGATIVE
10515,Feminist Movement,Women want to be treated as equals until they get hit after hitting a man first. BULL SHIT! MOTHA FUCK #SemST,AGAINST,TARGET,NEGATIVE
704,Climate Change is a Real Concern,@LogixLiving my lawn is burnt two days after rain #yeg #SemST,NONE,OTHER,NEITHER
10830,Hillary Clinton,@KrownRoyaleNY @jjauthor Bad for her is good for the U.S. @jlconnell66 #Killary #SemST,AGAINST,TARGET,NEGATIVE
1074,Feminist Movement,Umrao Jaan Ada- a story of not just a life or prostitute but of poise and poesy.  #WOMANPOWER #SemST,FAVOR,TARGET,NEGATIVE
20605,Donald Trump,Get over to #CNN #AC360 @realDonaldTrump going live in minutes.  #SemST,NONE,TARGET,POSITIVE
861,Climate Change is a Real Concern,@eilonwya10 Those items need to come back.  #SemST,NONE,OTHER,NEITHER
1855,Hillary Clinton,RT @FutureTXLeader: Are y'all #TexasTech #RedRaiders ready for #MarcoRubio in #2016 #TTU #TexasTechUniversity #Rubio #Texas #N... #SemST,AGAINST,OTHER,POSITIVE
2780,Legalization of Abortion,"Justice Breyer et al think injections into arms of killers is heinous.  No word on acidic saline executing unborn babies, however.  #SemST",AGAINST,TARGET,NEGATIVE
2336,Legalization of Abortion,Are the same people who are red faced and frothing over abortion also against the death penalty? Just wondering... #deathpenalty #SemST,FAVOR,TARGET,NEGATIVE
20474,Donald Trump,You have to wonder if Hillary will attempt to replace #ObamaCare with #HillaryCare. #tcot @realDonaldTrump #SemST,AGAINST,TARGET,NEGATIVE
1340,Feminist Movement,now let's raise the pay for females and make it equal to what men get payed #EAQUALITY #SemST,FAVOR,TARGET,POSITIVE
6,Hillary Clinton,Hillary can not win. Here's hoping the Dems offer a real candidate like Warren. #Warren2016 #SemST,AGAINST,TARGET,NEGATIVE
2784,Legalization of Abortion,#Liberals don't realize they conceded the debate. Now - per Shaw - we are just going to haggle over price.   #Idiots #SemST,NONE,OTHER,NEGATIVE
2276,Hillary Clinton,@anthonyweiner super out of touch and stupid.   Please go away. #NYCPride #NYC #SemST,AGAINST,OTHER,NEGATIVE
10136,Atheism,@evrttbrd this is PRECIOUS. omg go get em #Europe4Jesus #awakeningeurope #benfitz #bethel #paulyman #heidsbakes #father #jc #abba #SemST,AGAINST,TARGET,POSITIVE
11032,Legalization of Abortion,Solidarity with all at the counter #rally4life - Ireland won't be equal until women have full control of our bodies #repealthe8th #SemST,AGAINST,TARGET,POSITIVE
2397,Legalization of Abortion,"@explicit0ceans But adoption chooses to let them live. Obviously a huge difference. You can see that, right?  #Adoption #SemST",AGAINST,TARGET,POSITIVE
964,Climate Change is a Real Concern,There is need for world economic powers to be true about climate change funding. The world needs action not empty rhetorics #SemST,FAVOR,TARGET,NEGATIVE
2749,Legalization of Abortion,When Laws are passed by SCOTUS that defy a Gods laws it is always the children who suffer. God bless the children. #promarriage #SemST,AGAINST,TARGET,NEGATIVE
10012,Atheism,Happy Independence Day to America and her beautiful constitution #IndependenceDay #USA #SemST,AGAINST,OTHER,POSITIVE
10017,Atheism,"Be a sinner and sin strongly, but more strongly have faith and rejoice in Christ. ~ Martin Luther #SemST",AGAINST,TARGET,POSITIVE
146,Atheism,I'll be answering questions today on reddit (r/atheism) for #AskanAtheistDay 2-5pm EST! #AMA #SemST,FAVOR,TARGET,NEITHER
20519,Donald Trump,Who among us has never defamed an entire country on nat'l television while declaring candidacy for president? #perspective #SemST,AGAINST,TARGET,NEGATIVE
983,Climate Change is a Real Concern,@AssaadRazzouk @TheEarthNetwork @wynnandreid USA is behind....due to IDIOCY #SemST,NONE,OTHER,NEGATIVE
321,Atheism,"I don't know which I'm more surprised by, the USA or Ireland, for their action on gay rights. #lgbt #USA #Ireland #SemST",NONE,OTHER,NEGATIVE
658,Climate Change is a Real Concern,BIG #DecaYeah and Happy #Smackoff / #EichelDay to @AnthonySalerno & @EagtheDeuce #ValKilmer #Bust #SemST,NONE,OTHER,NEITHER
2590,Legalization of Abortion,"I don't plan on ever having an abortion, but here's the thing ...I don't think anyone ever PLANS on it. #SemST",FAVOR,TARGET,NEGATIVE
845,Climate Change is a Real Concern,World Futures Council man at #fsds15 points out absurdity of cost benefit analysis discounting future lives #sustainability #SemST,FAVOR,TARGET,NEGATIVE
1077,Feminist Movement,@amin86660132 @justsoshelby  Very nice work. I'm happy to hear your autistic friend is able to express himself this way #SemST,NONE,OTHER,POSITIVE
2131,Hillary Clinton,How anyone can believe a single word that comes out of that woman's mouth is beyond me... #SemST,AGAINST,OTHER,NEGATIVE
1696,Hillary Clinton,"@seanhannity we lost 4,000 of our Military boys when your President pulled out of Iraq.  #LiberalConsequences  #SemST",AGAINST,OTHER,NEGATIVE
20288,Donald Trump,Fuck Macy's. Fuck your July 4th Fireworks. Fuck your Thanksgiving Parade. Fuck NBC. Fuck Univision. Fuck Mexico. Fuck all of you. #SemST,AGAINST,OTHER,NEGATIVE
10483,Feminist Movement,@NuuYawkerr I have a solution kill all of us... #SemST,NONE,OTHER,NEGATIVE
2334,Legalization of Abortion,".@DRUDGE_REPORT not sure I agree with her decision but, it is her decision.I wonder how many of the critics would support abortion? #SemST",FAVOR,TARGET,NEITHER
2362,Legalization of Abortion,Excellent 'speed-dating' #ethics discussion today in Yr9 class #morality #SemST,NONE,OTHER,POSITIVE
1721,Hillary Clinton,Marriage equality a constitutional right! Woot #HRC2016 #hillaryclinton #readyforhillary #vote #hillaryfor2016 ##mpotus #SemST,FAVOR,TARGET,POSITIVE
2368,Legalization of Abortion,It's a free country. Freedom includes freedom of choice. #SemST,FAVOR,TARGET,POSITIVE
2668,Legalization of Abortion,@TheHeavySquad  #DailyWordsOfWisdom Pat's best Hell is for children  still defines goverment #fostercare #adoption #SemST,AGAINST,TARGET,NEGATIVE
2243,Hillary Clinton,"@FrankCraig: @skzdalimit if you're the best your side has to offer, we have nothing to worry about, slick. #SemST",NONE,OTHER,NEGATIVE
11185,Legalization of Abortion,Women have outgrown the common housewife stigma long ago #SemST,NONE,OTHER,POSITIVE
11096,Legalization of Abortion,@Fungirl3part2 repent wen u commit a grave act like murder of a baby did u #abort ur baby?yes? then YOU repent! #hell s 4 eternity #SemST,AGAINST,TARGET,NEGATIVE
10536,Feminist Movement,"Growing up, getting told ""no let your brother do that it's too heavy"" is why we need feminism #SemST",FAVOR,,
2637,Legalization of Abortion,They made same sex marriage legal but they won't make abortion illegal. What is wrong with this world?  #adamandevenotadamandsteve #SemST,AGAINST,,
1981,Hillary Clinton,@dedicated_to_it i think the main problem is having your foot in your mouth in the first place. #SemST,NONE,,
1174,Feminist Movement,.@cooImemegirl @TC_Stompa Women don't understand men's plight and so shouldn't force men into fatherhood w/o consent. #SemST,AGAINST,,
20509,Donald Trump,"@1Viperbabe where do these ppl get the idea theycan controlthe ppl,organization,individual,whomever,ppl can't stomp down ppl. #SemST",NONE,,
2553,Legalization of Abortion,Will you be my #voice? -unborn babiesyouthgen #SemST,AGAINST,,
494,Atheism,"Jesus is worth whatever you have to go through. Even when it seems as if you're by yourself, you're not alone. Be encouraged. #SemST",AGAINST,,
10066,Atheism,Is near where we will be told not 2 preach in The Name Acts 4:12 There is salvation in no 1 else...NLT #DCM2015 but #SemST,AGAINST,,
20208,Donald Trump,@realDonaldTrump what NBC actually stands for....Nothing But Crap. #BoycottNBC #SemST,FAVOR,,
1888,Hillary Clinton,Excited to be working with some great #FellowsSC this summer. They're some pretty great people that are fired up for #LetsGo #SemST,NONE,,
1689,Hillary Clinton,@CheekyGent @ChuckCJohnson Hey Hillary is on her to way to buy votes too! #HillarySoOld #SemST,AGAINST,,
20005,Donald Trump,@HouseGOP we now have one political party. The Socialist party. No more BS. We don't believe you anymore. #SemST,NONE,,
1350,Feminist Movement,Charlotte Church interviewing Pussy Riot at #Glasto2015 #fuckyeahglasto #SemST,NONE,,
238,Atheism,"I am not a fool who dies in want of wisdom, but the words from my mouth feed many -Prov. 10:21 #SemST",AGAINST,,
485,Atheism,Don't wait. The time will never be just right. #thoughtoftheday #JUSTDOIT #SemST,NONE,,
20140,Donald Trump,Black lives only matter to politicians around election time. #SemST,NONE,,
2365,Legalization of Abortion,"@JustinTrudeau, how do you plan 2 endorse @PEILiberalParty @WadePEILiberal who'd not b able 2 run 4 fed @liberal_party? #peipoli #SemST",NONE,,
20310,Donald Trump,We need someine to bring this country back to life! @realDonaldTrump resuscitate America! #SemST,AGAINST,,
851,Climate Change is a Real Concern,"Went for a run, now I can't feel my legs and my brain feels like it's boiling. #SemST",NONE,,
2608,Legalization of Abortion,Undergirding every important issue today is this:  what is truth?  #marriage #racism #gender #SemST,NONE,,
2131,Hillary Clinton,How anyone can believe a single word that comes out of that woman's mouth is beyond me... #SemST,AGAINST,,
2593,Legalization of Abortion,"'Cursed be anyone who takes a bribe to shed innocent blood.' And all the people shall say, 'Amen.'  Deuteronomy 27:25 #dropsmic #SemST",AGAINST,,
2121,Hillary Clinton,@HlLLARY @ToniforAsm Hillary for Prez = Obama's third term and that's the last thing we need!! #SemST,AGAINST,,
10230,Climate Change is a Real Concern,"Grubb: state of energy: shift US & EU from net-producer to net-importer of emissions"" #CCFC15 #journey2015 #SemST",FAVOR,,
20275,Donald Trump,hey @Macys a whole bunch of us are going to sever ties with you.   #Macys #SemST,AGAINST,,
673,Climate Change is a Real Concern,@jimrome I think the 5k has got them gripping Romey #SmackOff #valkilmer #seeingwonder #SemST,NONE,,
10959,Hillary Clinton,Chelsea and her bitch mother #HillaryClinton should of committed suicide and spare the world of their hideous pasty face #SemST,AGAINST,,
10906,Hillary Clinton,@_Holly_Renee I want to fav this tweet....cause it's hilarious. But I give no support to #HillaryClinton #SemST,AGAINST,,
20174,Donald Trump,@realDonaldTrump he is a real leader and deserves to be President. #SemST,FAVOR,,
371,Atheism,"1 Holy Mary Mother of God, pray for us sinners now and at the hour of our death. Amen. #rosary #TeamJesus #SemST",AGAINST,,
